setor_codigo,setor_nome,empresa,ano,trimestre,markup,theta_v,theta_k,share_v,log_v,log_k
2021060,"Indústria extrativa e agropecuária",AGRO,2010,3,0.678668166658463,1.21465775392757,-0.067062113941098,1.30479516734387,9.71704545656896,12.7066204930346
2021060,"Indústria extrativa e agropecuária",AGRO,2010,4,1.20190894355305,1.10131173153666,-0.007331447885503,0.871958790048689,10.5820804428829,12.7076534171354
2021060,"Indústria extrativa e agropecuária",AGRO,2011,1,1.00470064046031,1.05188357011255,0.018957338970534,0.9184544493653,10.965062252646,12.7190299881681
2021060,"Indústria extrativa e agropecuária",AGRO,2020,3,1.09281031500314,1.02223684519653,0.066421497908972,0.826602198491632,11.9507531104344,14.1609645306181
2021060,"Indústria extrativa e agropecuária",AGRO,2020,4,1.1429399860293,0.978850556250305,0.0886042745397819,0.791798439443403,12.2656320512642,14.1305367891829
2021060,"Indústria extrativa e agropecuária",AGRO,2021,1,1.91673224006322,0.925251613633606,0.120381889750531,0.596504449003528,12.7589355157546,14.2909543675582
2021060,"Indústria extrativa e agropecuária",AURA,2017,1,0.895239730680943,0.762785158728858,0.166433738587305,0.922079880835972,13.0552140593138,12.5010931093773
2021060,"Indústria extrativa e agropecuária",AURA,2018,1,0.749936307844363,0.815220659329224,0.162917232908315,0.969735039295957,13.2302154889775,13.5925027743082
2021060,"Indústria extrativa e agropecuária",AURA,2019,1,1.0154019846741,0.780458737850621,0.182857210943882,0.835525231879851,13.5341802761119,13.6662256719884
2021060,"Indústria extrativa e agropecuária",AURA,2019,4,1.01543600350728,0.780507287224382,0.182814354380065,0.835525231841135,13.533397801773,13.6654431976292
2021060,"Indústria extrativa e agropecuária",AURA,2020,1,0.804625063208939,0.976310701042069,0.0878389198091097,0.946106070390189,12.2348385626476,14.0353064160011
2021060,"Indústria extrativa e agropecuária",AURA,2020,2,0.982432961886859,0.877682978525512,0.141455831441069,0.832030969884319,13.026719769539,14.1105698762482
2021060,"Indústria extrativa e agropecuária",AURA,2020,3,1.39447600185004,0.824147689966648,0.171606775575421,0.695252123476948,13.4815401604321,14.1988549832002
2021060,"Indústria extrativa e agropecuária",AURA,2020,4,1.63608315622217,0.775315892620359,0.196496198988459,0.64717635476679,13.8340903310161,14.1610964098604
2021060,"Indústria extrativa e agropecuária",AURA,2021,1,1.81613847540993,0.911399563860116,0.127872941455962,0.610609205075493,12.8692155290355,14.2997443391238
2021060,"Indústria extrativa e agropecuária",AURA,2021,2,1.59019863697346,0.809982430572372,0.179199436776681,0.651699712087511,13.5926973288377,14.2047752348706
2021060,"Indústria extrativa e agropecuária",AURA,2021,3,1.55431661221789,0.763715580774256,0.204475258554285,0.663525667046962,13.9671264731311,14.2456875259573
2021060,"Indústria extrativa e agropecuária",AURA,2021,4,1.70878467051888,0.730128663698187,0.222999298525772,0.638172543333275,14.243121036544,14.2833258395229
2021060,"Indústria extrativa e agropecuária",AURA,2022,1,1.89249780281371,0.913256745061357,0.123618330884154,0.601942969631947,12.7769087145919,14.1514038162956
2021060,"Indústria extrativa e agropecuária",AURA,2022,2,1.49925122199678,0.83095904433876,0.169261389215392,0.668775172475254,13.4592284112992,14.2551190337305
2021060,"Indústria extrativa e agropecuária",AURA,2022,3,1.28227932875262,0.783350514200094,0.196757696034279,0.723910170341729,13.8799939566451,14.364567977412
2021060,"Indústria extrativa e agropecuária",AURA,2022,4,1.24415092939593,0.74808973258575,0.218245275338818,0.737074586023759,14.2184073414151,14.4964633153534
2021060,"Indústria extrativa e agropecuária",AURA,2023,1,1.31582489941296,0.936018419561361,0.119690074624108,0.715290868252212,12.7955906521837,14.5164275462391
2021060,"Indústria extrativa e agropecuária",AURA,2023,2,1.17054412381163,0.851669787662125,0.16450067019681,0.747981351035622,13.4479300887923,14.5335351520866
2021060,"Indústria extrativa e agropecuária",AURA,2023,3,1.08285235956115,0.79807775346132,0.196338459910456,0.774647916338373,13.9427028672377,14.6968420180084
2021060,"Indústria extrativa e agropecuária",AURA,2023,4,1.15705190017022,0.753756231255746,0.219257894773905,0.757062720054426,14.270534439548,14.6774618794836
2021060,"Indústria extrativa e agropecuária",AURA,2024,1,1.31211016155071,0.919017707304368,0.133605745549121,0.706062163045284,13.0435578123875,14.7410065626107
2021060,"Indústria extrativa e agropecuária",AURA,2024,2,1.34145886085695,0.835924245824695,0.180254759143955,0.688191839645772,13.7459416501002,14.8712888495306
2021060,"Indústria extrativa e agropecuária",AURA,2024,3,1.53043433342126,0.783706181699504,0.209127351178885,0.646045364789309,14.1767754830043,14.9331108971529
2021060,"Indústria extrativa e agropecuária",CTCA,2014,1,0.843775838632627,0.955036702522205,0.0430366648579925,0.973028571536009,11.0612417968848,11.4993970474962
2021060,"Indústria extrativa e agropecuária",CTCA,2015,1,0.857403441284404,0.951559421338994,0.0545399766062376,0.959010826511034,11.3184372089503,11.9372958828729
2021060,"Indústria extrativa e agropecuária",CTCA,2016,1,0.574176147864333,0.911977372809669,0.0757986202171737,1.15883971493505,11.6300563191136,11.9557602407703
2021060,"Indústria extrativa e agropecuária",CTCA,2016,2,1.0887061707104,1.10339857479765,-0.0247774109718745,0.930736101587621,10.1762837573023,11.9675265936231
2021060,"Indústria extrativa e agropecuária",CTCA,2016,3,1.07650532554453,0.982244684156185,0.0373052717844249,0.866797570718444,11.0588688675205,11.8888280610366
2021060,"Indústria extrativa e agropecuária",CTCA,2016,4,1.16072510733875,0.937369698324098,0.0608739638485788,0.821132384912635,11.3994532778153,11.8856437689079
2021060,"Indústria extrativa e agropecuária",CTCA,2017,1,0.833971908513683,0.880555554353591,0.0919219664991866,0.956925439933284,11.8594815645472,11.9363417548268
2021060,"Indústria extrativa e agropecuária",CTCA,2017,2,0.8735018038667,1.06891296890594,-0.00726863738196348,1.01163533638101,10.4236266477697,11.937762358556
2021060,"Indústria extrativa e agropecuária",CTCA,2017,3,0.997618797296804,0.981127721599069,0.0383259276925889,0.899726597679136,11.0776978648107,11.9083998253485
2021060,"Indústria extrativa e agropecuária",CTCA,2017,4,1.15881940266313,0.931443542602907,0.0643079043012732,0.820258105970516,11.4520980664772,11.8997787588029
2021060,"Indústria extrativa e agropecuária",CTCA,2018,1,0.897387346830075,0.872089475326776,0.0955577700865466,0.922213984411288,11.9044014040008,11.8990374007222
2021060,"Indústria extrativa e agropecuária",CTCA,2018,2,0.939255444570964,1.0451998735599,0.00342690654428601,0.960834362670845,10.5616524844881,11.856448518203
2021060,"Indústria extrativa e agropecuária",CTCA,2018,3,1.1690395644606,0.958163613715801,0.0485902364933931,0.824488694964653,11.2091361507229,11.825424899304
2021060,"Indústria extrativa e agropecuária",CTCA,2018,4,1.29388983228567,0.902138472366693,0.0776971038203754,0.772064676223881,11.6267621819216,11.807052549143
2021060,"Indústria extrativa e agropecuária",CTCA,2019,1,1.06830119438869,0.844814393428939,0.107754159032784,0.845371149023688,12.0606380887828,11.8007211459683
2021060,"Indústria extrativa e agropecuária",CTCA,2019,2,1.32322074904772,1.03841355136942,0.00966822504778864,0.804620060697069,10.6770087369619,11.9771773420578
2021060,"Indústria extrativa e agropecuária",CTCA,2019,3,1.52177079443874,0.941649331697044,0.0603942412574785,0.717235328698339,11.4091399740872,11.9659958876542
2021060,"Indústria extrativa e agropecuária",CTCA,2019,4,1.55875496176231,0.884806804799925,0.089495693825819,0.70038656562405,11.8226014473978,11.9278831120321
2021060,"Indústria extrativa e agropecuária",CTCA,2020,1,1.59252659459609,0.821785676870529,0.115130771740958,0.694723469370947,12.1228836734702,11.5854592470939
2021060,"Indústria extrativa e agropecuária",CTCA,2020,2,2.96981097988583,1.02716842901118,0.00571816217685295,0.536403033572584,10.5272798730635,11.5301259812788
2021060,"Indústria extrativa e agropecuária",CTCA,2020,3,2.37112347162657,0.906861011634829,0.0687152530937397,0.572761927087686,11.4358533247308,11.5130180666826
2021060,"Indústria extrativa e agropecuária",CTCA,2020,4,2.47181961574181,0.854515915741329,0.0979928222294826,0.557227621819176,11.8757190143071,11.5901464297307
2021060,"Indústria extrativa e agropecuária",CTCA,2021,1,2.47539045648139,0.812960747675837,0.11924300382735,0.557787621524843,12.1773950577501,11.5611672645296
2021060,"Indústria extrativa e agropecuária",CTCA,2021,2,3.10042815908958,0.997191351433737,0.0222819696267534,0.516360989507249,10.7743430988011,11.5651083834249
2021060,"Indústria extrativa e agropecuária",CTCA,2021,3,2.89146118308291,0.897708376485399,0.0745743007140609,0.51756541015918,11.5304097009907,11.5600004905586
2021060,"Indústria extrativa e agropecuária",CTCA,2021,4,2.8573384546971,0.83759478134427,0.106624881988772,0.518310534101631,11.9980609369791,11.5773977573522
2021060,"Indústria extrativa e agropecuária",CTCA,2022,1,2.69939890261955,0.796729468395197,0.129004284745475,0.534896964180591,12.3300755540548,11.6159998217572
2021060,"Indústria extrativa e agropecuária",CTCA,2022,2,3.12027989213593,1.00525350908881,0.0198118752862277,0.516360989558932,10.7552321544971,11.6455586414444
2021060,"Indústria extrativa e agropecuária",CTCA,2022,3,1.71808474258705,0.888394169546342,0.0813318140787107,0.669874233020176,11.6455974870667,11.6438090739324
2021060,"Indústria extrativa e agropecuária",CTCA,2022,4,1.76999635304622,0.825829967284098,0.113863974410269,0.658522925707409,12.1126361613114,11.6245619326772
2021060,"Indústria extrativa e agropecuária",CTCA,2023,1,1.62632289582443,0.784355240165469,0.136556790404277,0.69018526885903,12.4491172581193,11.6628193979781
2021060,"Indústria extrativa e agropecuária",CTCA,2023,2,2.16042980771648,0.985624859652823,0.0301639720648339,0.614672380941342,10.9052313240227,11.6461116850296
2021060,"Indústria extrativa e agropecuária",CTCA,2023,3,1.99885644509696,0.893557870561971,0.0791873587723287,0.621329071400734,11.619943672098,11.6698728899715
2021060,"Indústria extrativa e agropecuária",CTCA,2023,4,1.99082459330314,0.833686756682202,0.110956776583524,0.620306375834533,12.082086071281,11.6803232999291
2021060,"Indústria extrativa e agropecuária",CTCA,2024,1,2.09658158175389,0.798524003769434,0.130159346067218,0.606122470234448,12.3664842136008,11.7110984718946
2021060,"Indústria extrativa e agropecuária",CTCA,2024,2,2.53542018124369,0.996825516318801,0.0280007690705032,0.569221221840951,10.908934660161,11.8153126089352
2021060,"Indústria extrativa e agropecuária",CTCA,2024,3,2.14643459293926,0.898155991630578,0.0805573834650969,0.598745888473569,11.675320601956,11.8415720545054
2021060,"Indústria extrativa e agropecuária",GRAO,2018,4,0.939916367127534,0.450827993923285,0.188370982691997,1.00353866735262,12.0383092318527,6.05393045319023
2021060,"Indústria extrativa e agropecuária",GRAO,2019,4,1.25907818232508,0.356156741005502,0.239487508751864,0.958571366403776,12.7900873474604,6.11034892073566
2021060,"Indústria extrativa e agropecuária",GRAO,2020,4,1.10731203017866,0.496395505912777,0.258956552076898,0.993107542583135,13.9467939562418,10.336647704513
2021060,"Indústria extrativa e agropecuária",GRAO,2021,1,0.73745581229213,0.727269183951605,0.150090781723378,1.04656876694166,12.490080740936,10.9140514470618
2021060,"Indústria extrativa e agropecuária",GRAO,2021,2,1.02130362813641,0.585087502693437,0.211281307345642,0.961005518613524,13.2475735593108,10.2934301142002
2021060,"Indústria extrativa e agropecuária",GRAO,2021,3,1.15823235890136,0.493030865742424,0.259083700242858,0.973770408065956,13.9332153923408,10.2621553770186
2021060,"Indústria extrativa e agropecuária",GRAO,2021,4,1.03098037268897,0.526512528987339,0.269087525744137,0.998214531465958,14.3371123018227,11.513660782558
2021060,"Indústria extrativa e agropecuária",GRAO,2022,2,0.734340065848209,0.609266991700123,0.259967323415368,1.07862153272967,14.5281452902089,13.0744823936151
2021060,"Indústria extrativa e agropecuária",GRAO,2022,3,0.954409593649809,0.553195409521033,0.281772096972341,0.994710060371913,14.7713816002519,12.7243860229688
2021060,"Indústria extrativa e agropecuária",GRAO,2022,4,1.02259056457961,0.521860455175362,0.296980371635775,0.987724002155433,14.9794105433179,12.6656076800629
2021060,"Indústria extrativa e agropecuária",GRAO,2023,1,0.69075471895156,0.768780428820878,0.166768569351994,1.04463941490701,13.0927985226505,12.659244931272
2021060,"Indústria extrativa e agropecuária",GRAO,2023,2,0.648324119076097,0.728052319070236,0.189988809191288,1.08914712536521,13.4455451070656,12.7391899152374
2021060,"Indústria extrativa e agropecuária",GRAO,2023,3,0.732277320679656,0.659418790468467,0.227444506979952,1.05523935729634,14.0000497523147,12.7981074125115
2021060,"Indústria extrativa e agropecuária",GRAO,2023,4,0.820429441987691,0.626676577118245,0.243549992286313,1.01741649177051,14.2225302437568,12.7463878223439
2021060,"Indústria extrativa e agropecuária",GRAO,2024,1,0.703197087955705,0.809824402474176,0.147787282021667,1.02532216442315,12.8427135648759,12.7787602858826
2021060,"Indústria extrativa e agropecuária",GRAO,2024,2,0.771952897646127,0.726309626346913,0.192457377989426,0.997079984332196,13.4958187048264,12.8093945903652
2021060,"Indústria extrativa e agropecuária",GRAO,2024,3,0.862459642001455,0.65842082428249,0.226996215426858,0.973889237200754,13.9844307267935,12.7540079020326
2021060,"Indústria extrativa e agropecuária",LAND,2006,2,0.645650755734482,0.947058042107721,-0.00571400663511412,1.09990608970075,9.859111067041,9.1018193503992
2021060,"Indústria extrativa e agropecuária",LAND,2006,3,0.740999392638895,0.969285951036063,0.0186984579543469,1.04824501024859,10.5511053854685,10.7372931376593
2021060,"Indústria extrativa e agropecuária",LAND,2006,4,0.655602334686224,0.959419168039927,0.0478491782295531,1.10153549770497,11.1976599921878,11.8218179754933
2021060,"Indústria extrativa e agropecuária",LAND,2007,1,0.699262531967031,0.997413312413683,0.0351792227307187,1.07869124046581,11.0830481287166,12.1543503164888
2021060,"Indústria extrativa e agropecuária",LAND,2007,2,0.550243703546968,0.907414066610052,0.0884992111016923,1.17317017973229,11.9104460635333,12.4219656812679
2021060,"Indústria extrativa e agropecuária",LAND,2007,3,0.580195444010809,0.83180488542179,0.131107768216059,1.13282701343501,12.5534116695212,12.5478142421568
2021060,"Indústria extrativa e agropecuária",LAND,2007,4,0.59106975677886,0.768338917789156,0.165364331103379,1.13126394942695,13.0571266524725,12.5851349665078
2021060,"Indústria extrativa e agropecuária",LAND,2008,1,0.562181078153838,0.859265457820528,0.117863274087468,1.14953695665471,12.3730926475356,12.6030996027013
2021060,"Indústria extrativa e agropecuária",LAND,2008,3,0.530659012290037,0.778601381151296,0.160402573085192,1.19073813748308,12.9894505038574,12.6052492990217
2021060,"Indústria extrativa e agropecuária",LAND,2008,4,0.511763423833409,0.77051265549774,0.168961874476068,1.20920811785611,13.1536624635022,12.7998659615515
2021060,"Indústria extrativa e agropecuária",LAND,2009,1,0.676197937746326,1.05578310611064,0.0183648534451757,1.12076489914303,10.9701829367438,12.7852109386181
2021060,"Indústria extrativa e agropecuária",LAND,2009,2,0.7810329931713,0.965440234402294,0.0655667536311511,0.993999030287451,11.6499633814229,12.767622329996
2021060,"Indústria extrativa e agropecuária",LAND,2009,3,0.861763962430436,0.862645359644554,0.119390885060732,0.925475694573622,12.4262138113925,12.7528783420495
2021060,"Indústria extrativa e agropecuária",LAND,2009,4,0.870084946147012,0.783335572132343,0.155240472607143,0.931441477927476,12.8897030953188,12.4844392745289
2021060,"Indústria extrativa e agropecuária",LAND,2010,1,1.02017402351437,0.902951898454727,0.0913351061359229,0.860480372537835,11.9560546875398,12.4439402196364
2021060,"Indústria extrativa e agropecuária",LAND,2010,2,0.948951347503111,0.827480700274669,0.13086837426508,0.888050940210445,12.5263535503497,12.4338401423121
2021060,"Indústria extrativa e agropecuária",LAND,2010,3,0.898806699844045,0.781638843936463,0.154653351901626,0.917976073687414,12.8673231194035,12.4173880055825
2021060,"Indústria extrativa e agropecuária",LAND,2010,4,0.71781160734542,0.82045310151514,0.154784122582252,0.998378893275854,13.0620671083242,13.3490582187768
2021060,"Indústria extrativa e agropecuária",LAND,2011,1,0.704624367926275,0.949195460890936,0.0869190680644328,1.02433628349849,12.0790321488165,13.3469394260441
2021060,"Indústria extrativa e agropecuária",LAND,2011,2,0.599484297285801,0.862717490581046,0.133511324633183,1.09053366628684,12.7633530540172,13.3939288408629
2021060,"Indústria extrativa e agropecuária",LAND,2011,3,0.576682894114828,0.861081455699516,0.153008320630287,1.07920142154781,13.2202940510771,14.2376722530471
2021060,"Indústria extrativa e agropecuária",LAND,2011,4,0.595742162003851,0.811760634151991,0.174411159410631,1.07173094637636,13.4872722483145,14.0303882433414
2021060,"Indústria extrativa e agropecuária",LAND,2012,1,0.736341445159668,1.05943451158986,0.0442598725130895,1.03572822961421,11.6058255692379,14.0447466193903
2021060,"Indústria extrativa e agropecuária",LAND,2014,1,9.07214501810295,1.32629433811881,-0.0921822843339913,0.398840075330854,9.66905744322727,14.231873088227
2021060,"Indústria extrativa e agropecuária",LAND,2014,2,0.600089866947613,1.08493595987748,0.0350836462982366,1.16048326749804,11.5128656591819,14.2375040644167
2021060,"Indústria extrativa e agropecuária",LAND,2015,1,0.877744131389902,0.93776600045374,0.115113282443408,0.882359126993203,12.6950584694083,14.3508855799684
2021060,"Indústria extrativa e agropecuária",LAND,2015,2,0.730920959663516,0.864389362348958,0.153872177129199,0.954195515184751,13.2572287317312,14.355681089836
2021060,"Indústria extrativa e agropecuária",LAND,2015,4,0.570440549110608,0.783420946887431,0.195974634699229,1.08684686203079,13.8616650775864,14.3307932386786
2021060,"Indústria extrativa e agropecuária",LAND,2016,1,0.672760451015042,0.946972585194214,0.109651535969315,1.01189475037617,12.6102443729153,14.3231784698015
2021060,"Indústria extrativa e agropecuária",LAND,2017,2,0.727740686268308,0.897503909635503,0.135165120304772,0.962131210978073,12.9745370006139,14.2984899596917
2021060,"Indústria extrativa e agropecuária",LAND,2017,3,0.607155897218785,0.857858200905857,0.156033050589284,1.04907551396411,13.2765230144486,14.2977456747655
2021060,"Indústria extrativa e agropecuária",LAND,2017,4,0.684585005715393,0.817562098953354,0.177105305551594,0.989122281714492,13.5801713510408,14.2907402145845
2021060,"Indústria extrativa e agropecuária",LAND,2018,1,0.642685862271588,0.914271403146607,0.126252784476704,1.02728908525584,12.8447517611316,14.2948841417566
2021060,"Indústria extrativa e agropecuária",LAND,2018,2,0.988673857121839,0.880141128377765,0.14398187930912,0.823974080031874,13.0991037401892,14.2835702909423
2021060,"Indústria extrativa e agropecuária",LAND,2018,3,0.894235565777566,0.822021929462005,0.174439597389882,0.865644221067367,13.5386102714032,14.2764154603017
2021060,"Indústria extrativa e agropecuária",LAND,2018,4,0.831606013157883,0.774332610883372,0.199393355087088,0.904069966811249,13.898335252015,14.2688187260072
2021060,"Indústria extrativa e agropecuária",LAND,2019,1,0.626917601776655,0.902380338653265,0.134562930133371,1.033706988591,12.9842491177541,14.3875311489159
2021060,"Indústria extrativa e agropecuária",LAND,2019,2,0.651961384490642,0.865414746536504,0.153786742270942,1.0095320207641,13.2602533417649,14.3762690481952
2021060,"Indústria extrativa e agropecuária",LAND,2019,3,0.673947285041179,0.815939890522708,0.180226154151143,0.992845427818566,13.6465971419518,14.3933517563736
2021060,"Indústria extrativa e agropecuária",LAND,2019,4,0.630866559142529,0.782162335248051,0.197373174995437,1.03231823176097,13.8888075846048,14.3640960096563
2021060,"Indústria extrativa e agropecuária",LAND,2020,1,0.95728257100878,0.900262991390979,0.13366437166024,0.839353270356761,12.9523645304725,14.2963468527014
2021060,"Indústria extrativa e agropecuária",LAND,2020,2,1.08766839063074,0.849467309086288,0.160273358035378,0.78388277881965,13.336231924218,14.2896046697675
2021060,"Indústria extrativa e agropecuária",LAND,2020,3,1.17039316367971,0.819683230585558,0.177167529342763,0.754704634905237,13.5921274086988,14.3441481059501
2021060,"Indústria extrativa e agropecuária",LAND,2020,4,0.944252574987951,0.777404349412732,0.198858845055402,0.846199275947874,13.9007518801641,14.3178810347045
2021060,"Indústria extrativa e agropecuária",LAND,2021,1,0.826662060743049,0.857781301714683,0.153508334774748,0.903245831381131,13.2159269886636,14.1816001956649
2021060,"Indústria extrativa e agropecuária",PATI,1997,4,0.841212772892967,0.872090440635312,0.0506544248945149,0.958068994962052,10.8334275189461,9.86597491043858
2021060,"Indústria extrativa e agropecuária",PATI,1998,3,0.801932822281224,0.890573048288563,0.039912547718758,0.982951022946989,10.6684738136179,9.82043984708423
2021060,"Indústria extrativa e agropecuária",PATI,1998,4,0.790868354091275,0.8591256669587,0.0585517708212084,0.987644967549243,10.9577784155331,9.91432284021432
2021060,"Indústria extrativa e agropecuária",PATI,1999,1,0.828395184298168,1.02373889173712,-0.0283099316239599,1.01533720867421,9.69875263162045,9.90764138790429
2021060,"Indústria extrativa e agropecuária",PATI,1999,2,0.787151329274833,0.925906161632126,0.0233389721217688,0.999967395834874,10.447620223535,9.91276066601055
2021060,"Indústria extrativa e agropecuária",PATI,1999,3,0.792137708694734,0.85973633905011,0.0576645002545455,0.986679483618336,10.9396312159977,9.88871494489355
2021060,"Indústria extrativa e agropecuária",PATI,1999,4,0.791339138424646,0.834004926125038,0.077748882679374,0.988904662736948,11.2916235494284,10.1843604698439
2021060,"Indústria extrativa e agropecuária",PATI,2000,1,0.87892890308994,0.999743457882737,-0.00907313944329335,0.974869358795133,10.0390997832771,10.2063150408349
2021060,"Indústria extrativa e agropecuária",PATI,2000,2,0.869324316470422,0.924398073392219,0.0318814283659112,0.953141235070512,10.6439188544664,10.2635677977495
2021060,"Indústria extrativa e agropecuária",PATI,2000,3,0.867668678962109,0.875413854221176,0.0580572937108917,0.946013004777441,11.0263991327142,10.2804199872657
2021060,"Indústria extrativa e agropecuária",PATI,2000,4,0.846583362521261,0.837543978206639,0.0784699095881249,0.956469955385613,11.3262927957911,10.3014154145022
2021060,"Indústria extrativa e agropecuária",PATI,2001,1,0.986726972654816,1.01690115714662,-0.0161716175697307,0.928781347808137,9.95450285401223,10.2941418284222
2021060,"Indústria extrativa e agropecuária",PATI,2001,2,0.919653963770838,0.919958659270643,0.0352226012117832,0.92584041361712,10.7016910714717,10.3089624639296
2021060,"Indústria extrativa e agropecuária",PATI,2001,3,0.914009716135694,0.861653676669597,0.0658312963519996,0.92085684396776,11.1438813100638,10.3042123296742
2021060,"Indústria extrativa e agropecuária",PATI,2001,4,0.900423913796584,0.812859767345844,0.0906627351131259,0.928694489952302,11.4952355551759,10.2647320473564
2021060,"Indústria extrativa e agropecuária",PATI,2002,1,0.979958239505915,1.00528781371808,-0.0110895391457092,0.926022152211131,10.0183794742807,10.2472557257515
2021060,"Indústria extrativa e agropecuária",PATI,2002,2,0.929543729781691,0.910949934094463,0.0388700316920474,0.918876414301379,10.7442091907536,10.2592420198662
2021060,"Indústria extrativa e agropecuária",PATI,2002,3,0.921954645001968,0.850037702063846,0.070863911183372,0.916342173194089,11.2065651962846,10.2550239119344
2021060,"Indústria extrativa e agropecuária",PATI,2002,4,0.968578875731045,0.809561496738944,0.091353496646392,0.895551141770199,11.4954272600441,10.2173413656897
2021060,"Indústria extrativa e agropecuária",PATI,2003,1,1.25358666757339,0.933746300690371,0.0267408324378641,0.795684093434473,10.5674637264521,10.253779679469
2021060,"Indústria extrativa e agropecuária",PATI,2003,2,1.16955191138616,0.850673637343618,0.0713463218183047,0.813709820642518,11.2212106501996,10.2920335194434
2021060,"Indústria extrativa e agropecuária",PATI,2003,3,1.09734867323813,0.798495000339711,0.0979627642761446,0.842663687242786,11.5984282647125,10.25264441237
2021060,"Indústria extrativa e agropecuária",PATI,2003,4,1.075563473084,0.760541533220633,0.118106402156797,0.857639906969349,11.8914939125245,10.259467631412
2021060,"Indústria extrativa e agropecuária",PATI,2004,1,1.10855569053294,0.939022213419745,0.0244816983051642,0.847514456343613,10.5396287213776,10.2773275245881
2021060,"Indústria extrativa e agropecuária",PATI,2004,2,1.03717217588776,0.843827515679966,0.075035870004049,0.864046513854538,11.2754100274569,10.2957997605831
2021060,"Indústria extrativa e agropecuária",PATI,2004,3,1.11350006992978,0.789785820615582,0.10540601816513,0.838029038046211,11.7329584835897,10.3819315752953
2021060,"Indústria extrativa e agropecuária",PATI,2004,4,1.16676891429501,0.750294138040199,0.126633292348888,0.826104249524246,12.0442755436874,10.4011309180655
2021060,"Indústria extrativa e agropecuária",PATI,2005,1,1.06932916605551,0.918541857287693,0.0387371855618101,0.858615440889596,10.7785218434485,10.4343002495283
2021060,"Indústria extrativa e agropecuária",PATI,2005,2,0.977745279229884,0.83557544255322,0.0825413883652948,0.890393553930832,11.4136820246886,10.438808404633
2021060,"Indústria extrativa e agropecuária",PATI,2005,3,0.919612592164519,0.784757777475813,0.108959354651799,0.923059573786603,11.7928849168512,10.4228931132478
2021060,"Indústria extrativa e agropecuária",PATI,2005,4,0.896719664331176,0.74807876297754,0.127830896954913,0.942928024956705,12.06190206608,10.402516409052
2021060,"Indústria extrativa e agropecuária",PATI,2006,1,0.87378142039018,0.92572337311815,0.0344363924466952,0.951470722568951,10.7113996461323,10.4108581197624
2021060,"Indústria extrativa e agropecuária",PATI,2006,2,0.844628503747044,0.836679711236327,0.081968740821187,0.957964576378425,11.4054756954518,10.4392183241589
2021060,"Indústria extrativa e agropecuária",PATI,2006,3,0.846210291163049,0.801818896386321,0.103406888872804,0.959873232033331,11.7446847333724,10.5784150758365
2021060,"Indústria extrativa e agropecuária",PATI,2006,4,0.845300433955979,0.766718738601406,0.121395753999677,0.966634342778433,12.0004441419224,10.5557303844036
2021060,"Indústria extrativa e agropecuária",PATI,2007,1,0.850214721359099,0.937628399834659,0.0314380605998104,0.967962258898299,10.6986619864023,10.5590467319628
2021060,"Indústria extrativa e agropecuária",PATI,2007,2,0.830985296752369,0.848764818403983,0.0805523280251985,0.965893234887363,11.4313570508733,10.6633264254334
2021060,"Indústria extrativa e agropecuária",PATI,2007,3,0.85546024532079,0.795635062153202,0.10948503018685,0.955480047169596,11.8591235546347,10.7061255300866
2021060,"Indústria extrativa e agropecuária",PATI,2007,4,0.871731592506001,0.753813751475797,0.132004566756812,0.954989666649531,12.1897607322067,10.7282711561493
2021060,"Indústria extrativa e agropecuária",PATI,2008,1,0.897382116320006,0.915014358719686,0.0478525948863959,0.936602278445152,10.9785160596959,10.7628844770178
2021060,"Indústria extrativa e agropecuária",PATI,2008,2,0.913523214796327,0.823198384493702,0.0977152762662258,0.92165898593555,11.714485472786,10.8306332600084
2021060,"Indústria extrativa e agropecuária",PATI,2008,3,0.951100236427018,0.762136295091305,0.131024124068731,0.911991193902543,12.2074646222809,10.8823786658805
2021060,"Indústria extrativa e agropecuária",PATI,2008,4,0.95851957150317,0.719223865005622,0.151386494292152,0.920980824915973,12.4812649264988,10.7808304063861
2021060,"Indústria extrativa e agropecuária",PATI,2009,1,0.806249208220739,0.926403976800877,0.0431980479876025,0.990718198422393,10.9237318623753,10.8237918753675
2021060,"Indústria extrativa e agropecuária",PATI,2009,2,0.777792526655152,0.838402744393131,0.090100437058142,0.998143743483086,11.6079293551454,10.8484921871063
2021060,"Indústria extrativa e agropecuária",PATI,2009,3,0.79670148366275,0.781577521045332,0.12067567228306,0.992169473085029,12.0566270835882,10.8775204649697
2021060,"Indústria extrativa e agropecuária",PATI,2009,4,0.841780952234419,0.75387548222669,0.139509648153155,0.970804811493954,12.3690673473054,11.0695505088615
2021060,"Indústria extrativa e agropecuária",PATI,2010,1,0.923884851439266,0.915786888901996,0.0553277846060348,0.92207357391017,11.160618934604,11.1197635289982
2021060,"Indústria extrativa e agropecuária",PATI,2010,2,0.922935050086865,0.825762427861637,0.104733661111335,0.915278423401072,11.8945378622551,11.2095585314222
2021060,"Indústria extrativa e agropecuária",PATI,2010,3,0.901096168424922,0.770935215672514,0.134179603974599,0.93340883533955,12.3261652467522,11.2351099937938
2021060,"Indústria extrativa e agropecuária",PATI,2010,4,0.87566504133681,0.741054892096437,0.150941857533568,0.95419895136171,12.5784392339289,11.2813850819804
2021060,"Indústria extrativa e agropecuária",PATI,2011,1,0.818141313051785,0.930648336654663,0.0516532494098089,0.982275560339823,11.1463490909741,11.3078486026072
2021060,"Indústria extrativa e agropecuária",PATI,2011,2,0.796977529177808,0.838951126437803,0.101308590790637,0.98329822183279,11.8779596236178,11.3690422786485
2021060,"Indústria extrativa e agropecuária",PATI,2011,3,0.788135382345468,0.784540746054806,0.13046194110459,0.994101641807452,12.30466634323,11.3912878022878
2021060,"Indústria extrativa e agropecuária",PATI,2011,4,0.794562779988601,0.755784540176839,0.147353840425538,0.995860914838802,12.5655822203041,11.470243907221
2021060,"Indústria extrativa e agropecuária",PATI,2012,1,0.822670826345508,0.947070181095592,0.0475239222066526,0.982646288619402,11.1289357540042,11.5125587293309
2021060,"Indústria extrativa e agropecuária",PATI,2012,2,0.800444818964457,0.858708933782574,0.0948419870695805,0.979796601365538,11.8212700434459,11.5474929368385
2021060,"Indústria extrativa e agropecuária",PATI,2012,3,0.809852536275874,0.805643088764149,0.123704327825291,0.975686073461241,12.2476739027464,11.5886306242983
2021060,"Indústria extrativa e agropecuária",PATI,2012,4,0.819266883109703,0.773372886776508,0.142632387541676,0.974430067886993,12.5398052309461,11.675966358621
2021060,"Indústria extrativa e agropecuária",PATI,2013,1,0.834405048047901,0.955967477076765,0.0472620858209984,0.976533379798074,11.1666164843094,11.7129108020825
2021060,"Indústria extrativa e agropecuária",PATI,2013,2,0.815824213062256,0.859286848348341,0.0989910924086863,0.968329454684187,11.9230824848256,11.7491353775653
2021060,"Indústria extrativa e agropecuária",PATI,2013,3,0.791223396671958,0.85815584138405,0.118743911544918,0.968640908521879,12.3886183667807,12.6165069722618
2021060,"Indústria extrativa e agropecuária",PATI,2013,4,0.784249160953957,0.825391950151455,0.137401681338058,0.971858933807364,12.6718657451114,12.6798299484198
2021060,"Indústria extrativa e agropecuária",PATI,2014,1,0.831560060570333,1.01300051163122,0.0392612277553347,0.986148108715072,11.2573606363076,12.7109374206854
2021060,"Indústria extrativa e agropecuária",PATI,2014,2,0.761444851568931,0.91999230255668,0.0864372749177182,0.995694064368813,11.9233657636011,12.628607960094
2021060,"Indústria extrativa e agropecuária",PATI,2014,3,0.746155616286851,0.868700364325969,0.114082015867705,0.997181539566133,12.3294866821892,12.6569254840256
2021060,"Indústria extrativa e agropecuária",PATI,2014,4,0.747584445480637,0.83490185764662,0.132056812793378,0.995317642871336,12.5913367721697,12.6646491882901
2021060,"Indústria extrativa e agropecuária",PATI,2015,1,0.854563539056027,1.0219628407128,0.0341966505912977,0.978011812384979,11.1808134434006,12.6953872349614
2021060,"Indústria extrativa e agropecuária",PATI,2015,2,0.809769260101592,0.944342520705036,0.0752123459454781,0.970490528210095,11.7758591534389,12.7011487313749
2021060,"Indústria extrativa e agropecuária",PATI,2015,3,0.799784213565513,0.898246197700718,0.0999879272551155,0.96516913067891,12.1391990717446,12.7234788636126
2021060,"Indústria extrativa e agropecuária",PATI,2015,4,0.797692887297348,0.869255201701874,0.116301276389954,0.961942690618089,12.3851569376159,12.7706400721289
2021060,"Indústria extrativa e agropecuária",PATI,2016,1,0.94640414794399,1.06362776053552,0.0143064104894013,0.952492520547276,10.9121148720137,12.788558035137
2021060,"Indústria extrativa e agropecuária",PATI,2016,2,0.844513477687681,0.96067673176473,0.068745214052383,0.953500534773996,11.7022547675564,12.7979201219431
2021060,"Indústria extrativa e agropecuária",PATI,2016,3,0.816805968518724,0.89921059257491,0.101651938184197,0.952988972984737,12.1836481806095,12.8218217112712
2021060,"Indústria extrativa e agropecuária",PATI,2016,4,0.813019317350316,0.860659511598427,0.122131972909175,0.950966768290898,12.4817867423593,12.8296224046675
2021060,"Indústria extrativa e agropecuária",PATI,2017,1,0.925514166564118,1.02698462493748,0.0349025378936592,0.939138345589365,11.2224418098815,12.8471209847051
2021060,"Indústria extrativa e agropecuária",PATI,2017,2,0.865537327651044,0.942274737772106,0.0797819939502162,0.934581646571504,11.8746401128406,12.8587301711306
2021060,"Indústria extrativa e agropecuária",PATI,2017,3,0.823823276857269,0.883087616236717,0.111302099056191,0.945473038091613,12.3342130688948,12.8742062010683
2021060,"Indústria extrativa e agropecuária",PATI,2017,4,0.819632850820209,0.844647868365297,0.131884886472143,0.945356079054044,12.635352008553,12.8893145991523
2021060,"Indústria extrativa e agropecuária",PATI,2018,1,0.88909677997365,1.00881446300189,0.0458645806010366,0.947001456233676,11.394189165815,12.9100765329416
2021060,"Indústria extrativa e agropecuária",PATI,2018,2,0.761183797975805,0.909250826142748,0.0986476417107943,0.986517559559579,12.1615618233517,12.9252635404094
2021060,"Indústria extrativa e agropecuária",PATI,2018,3,0.753928504135128,0.853099166008321,0.12865949602241,0.98440925112543,12.6001478566636,12.944848652063
2021060,"Indústria extrativa e agropecuária",PATI,2018,4,0.770101002274939,0.816654166989486,0.148139387720556,0.974789166183949,12.8848299263185,12.9575975851292
2021060,"Indústria extrativa e agropecuária",PATI,2019,1,0.869728484765086,1.00049270002352,0.0515844446060575,0.951915068981561,11.4895279027999,12.9705740782885
2021060,"Indústria extrativa e agropecuária",PATI,2019,2,0.819088775152051,0.909109417347397,0.0998991350393581,0.949678110720923,12.1907127515132,12.9785546069349
2021060,"Indústria extrativa e agropecuária",PATI,2019,3,0.806769077344134,0.856803688364073,0.127744522513417,0.950581424281964,12.5966141816902,12.9917771149376
2021060,"Indústria extrativa e agropecuária",PATI,2019,4,0.803478600115216,0.822128750656167,0.146871985558552,0.952090893509403,12.8816293101505,13.0307864586809
2021060,"Indústria extrativa e agropecuária",PATI,2020,1,0.84294649408921,0.990794693596812,0.0567419035196363,0.962321095660673,11.5646583750127,12.9727832047118
2021060,"Indústria extrativa e agropecuária",PATI,2020,2,0.816718112733938,0.914339321607153,0.0973181823653176,0.951913902822028,12.1549749888464,12.9864341605242
2021060,"Indústria extrativa e agropecuária",PATI,2020,3,0.827504779899403,0.839923231499766,0.137332721950082,0.93764145095945,12.741961580779,13.0232896994368
2021060,"Indústria extrativa e agropecuária",PATI,2020,4,0.895126444583922,0.7949630879248,0.162792288449625,0.902996802243729,13.127224350906,13.1036873160064
2021060,"Indústria extrativa e agropecuária",PATI,2021,1,1.16236998488032,0.926495936827173,0.0955612876702802,0.795676600226599,12.1730886276192,13.1968318084564
2021060,"Indústria extrativa e agropecuária",PATI,2021,2,1.13280069003102,0.826356215036842,0.150304175321402,0.795895432497618,12.9843605095899,13.287013680421
2021060,"Indústria extrativa e agropecuária",PATI,2021,3,1.05317739558045,0.777019218349668,0.179276574788018,0.827464564978715,13.4317985822093,13.4220703333263
2021060,"Indústria extrativa e agropecuária",PATI,2021,4,1.03636291850428,0.739130512512158,0.199303530954626,0.842419575034464,13.7224010079471,13.425155168249
2021060,"Indústria extrativa e agropecuária",PATI,2022,1,0.721940788396351,0.906628062631256,0.111172057223052,0.998138936077593,12.4473300625144,13.4297757080631
2021060,"Indústria extrativa e agropecuária",PATI,2022,2,0.760365128134727,0.818676242324174,0.159201624596692,0.965449217989625,13.1586555542705,13.5066897062027
2021060,"Indústria extrativa e agropecuária",PATI,2022,3,0.758884512625288,0.773797545444917,0.183983255139687,0.971258517769412,13.528151140787,13.5583350306074
2021060,"Indústria extrativa e agropecuária",PATI,2022,4,0.758403172099465,0.746141411106309,0.19885428965337,0.978071382199151,13.746298893401,13.5720301217087
2021060,"Indústria extrativa e agropecuária",PATI,2023,1,0.775720896787888,0.956940655858351,0.0881157021657174,0.971568906344454,12.1458106066601,13.5858480834418
2021060,"Indústria extrativa e agropecuária",PATI,2023,2,0.73359581491576,0.874203272652649,0.132021060711688,0.980219677096904,12.7845141515284,13.6003988344913
2021060,"Indústria extrativa e agropecuária",PATI,2023,3,0.722029127207735,0.821117778816529,0.160241894970134,0.987184404465133,13.1955205913021,13.6120224395352
2021060,"Indústria extrativa e agropecuária",PATI,2023,4,0.725848664548531,0.787077794071859,0.178512500179149,0.988285163579931,13.46323376084,13.6273800000663
2021060,"Indústria extrativa e agropecuária",PATI,2024,1,0.787533419475931,0.985249495262549,0.0745714354240355,0.973369921402889,11.9625296545377,13.6477924689354
2021060,"Indústria extrativa e agropecuária",PATI,2024,2,0.750521084131284,0.891194518234181,0.124459097449027,0.969041372394519,12.6880409745587,13.663270393207
2021060,"Indústria extrativa e agropecuária",PATI,2024,3,0.748221122787006,0.832696033887735,0.155822424341176,0.966669501278033,13.1472744363775,13.6880725036472
2021060,"Indústria extrativa e agropecuária",PETR,1989,3,1.69986069320918,1.42651124146258,-0.379968829933054,0.902432860343484,3.29989959157668,3.59203120333464
2021060,"Indústria extrativa e agropecuária",PETR,1989,4,1.1770225495304,1.32836074162233,-0.305232401735207,0.979387669225479,4.59785323406502,4.63490360890489
2021060,"Indústria extrativa e agropecuária",PETR,1990,1,3.62757201123413,1.4563694330646,-0.344878375103139,0.762142951809474,4.28424254389874,5.89295957949945
2021060,"Indústria extrativa e agropecuária",PETR,1990,2,3.1015568306816,1.35142962643552,-0.286707559356618,0.680058953226321,5.15357519878695,6.02386186016716
2021060,"Indústria extrativa e agropecuária",PETR,1990,3,2.31710092538647,1.26806466007989,-0.23598669630274,0.70119992247267,5.95173530453553,6.33202938456622
2021060,"Indústria extrativa e agropecuária",PETR,1990,4,1.36252646944812,1.17465949762229,-0.177933730032956,0.828217636558811,6.87520340752647,6.73270576638396
2021060,"Indústria extrativa e agropecuária",PETR,1991,1,2.63238490135721,1.3461452862506,-0.257727359316204,0.770989514728752,5.81868617373947,7.20996078297151
2021060,"Indústria extrativa e agropecuária",PETR,1991,2,2.43675367980198,1.24369639720774,-0.199738516173366,0.691017706572604,6.69597624200298,7.39203416640216
2021060,"Indústria extrativa e agropecuária",PETR,1991,3,1.71359435501623,1.15797569815103,-0.145106386169571,0.755316091243099,7.57579282168376,7.82110583998691
2021060,"Indústria extrativa e agropecuária",PETR,1991,4,1.06706550660762,1.09716572453809,-0.0864455981879222,0.931413173329682,8.67467955520155,9.02672236006736
2021060,"Indústria extrativa e agropecuária",PETR,1992,1,1.56770283899339,1.22582599045074,-0.140501922165506,0.887007895806341,8.02058794082988,9.64786247058034
2021060,"Indústria extrativa e agropecuária",PETR,1992,2,1.37130589249955,1.10687499348791,-0.0654978207498659,0.839306556267509,9.2222342623982,10.2067467521252
2021060,"Indústria extrativa e agropecuária",PETR,1992,3,1.27576498242932,1.0118185989869,-0.00341023369734228,0.814964088328233,10.23377902323,10.7507152377468
2021060,"Indústria extrativa e agropecuária",PETR,1992,4,0.901909881683291,0.917939564661839,0.0592318859342411,0.93226285568205,11.2643624017821,11.3478721830656
2021060,"Indústria extrativa e agropecuária",PETR,1993,1,0.986749347558167,1.06725216351938,-0.00461122946485482,0.949517807423888,10.4788084766619,12.0184701635644
2021060,"Indústria extrativa e agropecuária",PETR,1993,2,1.35015910851718,0.95543951362006,0.0711257566619313,0.752985222032643,11.7331764905625,12.7807921746824
2021060,"Indústria extrativa e agropecuária",PETR,1993,3,1.19480397070469,0.845491879864115,0.146358055214451,0.767931488041854,12.9847148627666,13.5647455246812
2021060,"Indústria extrativa e agropecuária",PETR,1993,4,0.979320376889155,0.741508992855251,0.220033858729521,0.835114059417613,14.2285774584285,14.4204892701807
2021060,"Indústria extrativa e agropecuária",PETR,1994,1,0.591314004856996,0.845027614136065,0.18690631707049,1.01002596627124,13.9495294230048,15.3895731572005
2021060,"Indústria extrativa e agropecuária",PETR,1994,2,0.614605552112311,0.691410551883962,0.289908336208776,0.968490456210001,15.6478017104563,16.3893053314395
2021060,"Indústria extrativa e agropecuária",PETR,1994,3,0.696272600593552,0.631435521143324,0.323885162966123,0.933080086243419,16.1620794430045,16.49722194114
2021060,"Indústria extrativa e agropecuária",PETR,1994,4,0.671592440498946,0.584622718387932,0.35008359642031,0.975988209267761,16.5558182156916,16.5668858645889
2021060,"Indústria extrativa e agropecuária",PETR,1995,1,0.591914560443776,0.782037364253524,0.247059344651381,0.944608876712508,15.0732432275841,16.6107524682397
2021060,"Indústria extrativa e agropecuária",PETR,1995,2,0.594598675083812,0.689241565628576,0.297750480003122,0.966279305799495,15.8241345244421,16.6926415508782
2021060,"Indústria extrativa e agropecuária",PETR,1995,3,0.627609339608574,0.631356754127887,0.32942589199254,0.966767012617834,16.2938411385615,16.7462104759312
2021060,"Indústria extrativa e agropecuária",PETR,1995,4,0.67076851105892,0.592387601643334,0.35137621645905,0.955420307060009,16.6249832111206,16.8106100508548
2021060,"Indústria extrativa e agropecuária",PETR,1996,1,0.619968170211508,0.782313031141125,0.252105512165008,0.908430575094072,15.1949590892719,16.8458022930904
2021060,"Indústria extrativa e agropecuária",PETR,1996,2,0.626010382310596,0.684930396757125,0.303590613817992,0.93331672151817,15.9421419889374,16.8542402381129
2021060,"Indústria extrativa e agropecuária",PETR,1996,3,0.661324140942775,0.625811126113691,0.334924093203301,0.937553369118973,16.3975987589333,16.8628847237385
2021060,"Indústria extrativa e agropecuária",PETR,1996,4,0.690979847896968,0.585796659473857,0.356208967629355,0.941816994986575,16.707708656529,16.8722232342725
2021060,"Indústria extrativa e agropecuária",PETR,1997,1,0.531538814671784,0.765889844932589,0.261577897798345,0.982049719587936,15.3398017754808,16.8829774344223
2021060,"Indústria extrativa e agropecuária",PETR,1997,2,0.599062067318692,0.68072004982615,0.306665615527917,0.953439956152929,15.994696722529,16.8930469182833
2021060,"Indústria extrativa e agropecuária",PETR,1997,3,0.647992179123275,0.631589706509236,0.333737270942221,0.938269074632827,16.397820858353,16.9469725589083
2021060,"Indústria extrativa e agropecuária",PETR,1997,4,0.673806438211432,0.593824433399207,0.353897474873547,0.94257031528023,16.6922107280389,16.9590344068883
2021060,"Indústria extrativa e agropecuária",PETR,1998,1,0.545854509637909,0.784313555682456,0.254180332669084,0.95829461134651,15.2543216623528,16.9874578102257
2021060,"Indústria extrativa e agropecuária",PETR,1998,2,0.60450802315563,0.694969619811087,0.301862626704753,0.934853590995915,15.9504915836824,17.0154453323524
2021060,"Indústria extrativa e agropecuária",PETR,1998,3,0.651651487483813,0.644131994408927,0.328827376893508,0.923650109416297,16.3426371407011,17.0238106673751
2021060,"Indústria extrativa e agropecuária",PETR,1998,4,0.826107574858443,0.62043157163307,0.341007207944411,0.833131491975843,16.5161269090112,17.0100030382038
2021060,"Indústria extrativa e agropecuária",PETR,1999,1,0.837079866654468,0.813013735224395,0.239974203760609,0.768463139008952,15.0571868347272,17.0287688676977
2021060,"Indústria extrativa e agropecuária",PETR,1999,2,0.936838920272224,0.699674529922884,0.299820602722501,0.748362610843709,15.925015793945,17.0352044149529
2021060,"Indústria extrativa e agropecuária",PETR,1999,3,1.00383136881887,0.633015904703581,0.337102853410174,0.743304307942181,16.4851336431449,17.1333716956004
2021060,"Indústria extrativa e agropecuária",PETR,1999,4,1.20771268898023,0.580811672198647,0.363882315827519,0.70360287139981,16.8661130423061,17.100753159442
2021060,"Indústria extrativa e agropecuária",PETR,2000,1,1.33235549337605,0.739794044776804,0.280456822865718,0.614666352889726,15.6612440711744,17.1153526434689
2021060,"Indústria extrativa e agropecuária",PETR,2000,2,1.45999858217947,0.641811849425506,0.332489732051843,0.613065018366094,16.4185325763281,17.1342936492781
2021060,"Indústria extrativa e agropecuária",PETR,2000,3,1.5602042132802,0.58349053759297,0.363754103768511,0.615249707798356,16.876280578803,17.1588410714802
2021060,"Indústria extrativa e agropecuária",PETR,2000,4,1.66752111954768,0.538623096608607,0.388006575183266,0.615136125242905,17.2332108910665,17.1867961578783
2021060,"Indústria extrativa e agropecuária",PETR,2001,1,1.28778818421103,0.715226210359593,0.295718891070095,0.625868809406531,15.9039651309732,17.2204108211575
2021060,"Indústria extrativa e agropecuária",PETR,2001,2,1.39499117226129,0.613004586868552,0.348159252770566,0.63753048257288,16.6500417362366,17.1566864663169
2021060,"Indústria extrativa e agropecuária",PETR,2001,3,1.4388283796519,0.556210431339282,0.378941215300603,0.652397950985158,17.1038234478642,17.1958157123317
2021060,"Indústria extrativa e agropecuária",PETR,2001,4,1.47960582652457,0.519335061392853,0.398855383423335,0.662335986824477,17.3967386073924,17.2179626764482
2021060,"Indústria extrativa e agropecuária",PETR,2002,1,0.932329127317978,0.72392101593196,0.291312680020653,0.732752284181051,15.8417997096561,17.2282887929303
2021060,"Indústria extrativa e agropecuária",PETR,2002,2,1.20091204900654,0.623936530178338,0.345191198359571,0.676027447375995,16.6332221279816,17.2830371746035
2021060,"Indústria extrativa e agropecuária",PETR,2002,3,1.31282276332017,0.562625341693432,0.379527239435231,0.670635755657339,17.1494708159119,17.3753495350368
2021060,"Indústria extrativa e agropecuária",PETR,2002,4,1.36418120094106,0.510983208733053,0.407224163110981,0.685708847422913,17.5551074293303,17.3976773240361
2021060,"Indústria extrativa e agropecuária",PETR,2003,1,1.68169557919526,0.684060965235942,0.319820195809299,0.5408317214916,16.3249373989749,17.5683292509477
2021060,"Indústria extrativa e agropecuária",PETR,2003,2,1.62455301778354,0.597169400072615,0.366898229483555,0.576515775948163,17.0188025471871,17.6274486114448
2021060,"Indústria extrativa e agropecuária",PETR,2003,3,1.71224422853514,0.548986508625473,0.393509335088282,0.579853220903157,17.415619768644,17.6831194133415
2021060,"Indústria extrativa e agropecuária",PETR,2003,4,1.77285476268293,0.515511090269195,0.412389786439914,0.58360210536263,17.7006654786576,17.7395542677603
2021060,"Indústria extrativa e agropecuária",PETR,2004,1,1.32993283157359,0.705244777744845,0.313286829062488,0.592719683736171,16.2736956217701,17.7777683831633
2021060,"Indústria extrativa e agropecuária",PETR,2004,2,1.39678697959157,0.607067124601245,0.366295392209092,0.607495026934561,17.0532892395742,17.8362221870299
2021060,"Indústria extrativa e agropecuária",PETR,2004,3,1.44910388540158,0.543619310690683,0.400559955344384,0.623574788206065,17.5572846589412,17.8743381179935
2021060,"Indústria extrativa e agropecuária",PETR,2004,4,1.49624401657835,0.504864140710813,0.422136741361514,0.631798013056533,17.8805739839671,17.9269286636834
2021060,"Indústria extrativa e agropecuária",PETR,2005,1,1.2510633333827,0.688309165004653,0.326500386094067,0.606167028435302,16.5052382307232,17.9721105121231
2021060,"Indústria extrativa e agropecuária",PETR,2005,2,1.34650162017201,0.591406379765359,0.379365614728822,0.614552666855421,17.2877072029624,18.0544811307352
2021060,"Indústria extrativa e agropecuária",PETR,2005,3,1.47450461559417,0.533625525908597,0.410358448018546,0.613031072406394,17.7416470365285,18.0796244575712
2021060,"Indústria extrativa e agropecuária",PETR,2005,4,1.54166344068831,0.496187031766599,0.431729313478096,0.615757584370315,18.0665253963062,18.1542952648879
2021060,"Indústria extrativa e agropecuária",PETR,2006,1,1.36901273246366,0.683443562990472,0.334139280022022,0.569891923288657,16.6634102581882,18.2019278823124
2021060,"Indústria extrativa e agropecuária",PETR,2006,2,1.4641594876557,0.593534077363762,0.382675164211487,0.578717274713456,17.377146843637,18.2550745558899
2021060,"Indústria extrativa e agropecuária",PETR,2006,3,1.46546305418073,0.530165131949599,0.416782140860905,0.606086613641187,17.877773078233,18.2879365280515
2021060,"Indústria extrativa e agropecuária",PETR,2006,4,1.48967894344689,0.487693869264942,0.439147323796654,0.62430747154586,18.2015200085615,18.287591650185
2021060,"Indústria extrativa e agropecuária",PETR,2007,1,1.0923738759206,0.679826577969171,0.3387827572302,0.632444578319155,16.7563037281859,18.3259024432952
2021060,"Indústria extrativa e agropecuária",PETR,2007,2,1.28205732293799,0.589746704177031,0.387382529447488,0.61368752071897,17.4707228892151,18.3778778842301
2021060,"Indústria extrativa e agropecuária",PETR,2007,3,1.36378547901645,0.533291222465407,0.418158589159842,0.6193336476655,17.9260358382745,18.4248174947879
2021060,"Indústria extrativa e agropecuária",PETR,2007,4,1.37316972909818,0.495068557026179,0.440415651609062,0.633027738808201,18.2681792307686,18.5209095022385
2021060,"Indústria extrativa e agropecuária",PETR,2008,1,0.979109162619154,0.667525048674231,0.350852497282176,0.657616726124784,16.9834437924148,18.5789824389542
2021060,"Indústria extrativa e agropecuária",PETR,2008,2,1.15047745704351,0.568982578740864,0.403860536704826,0.643671597099218,17.7612238277285,18.6287113746136
2021060,"Indústria extrativa e agropecuária",PETR,2008,3,1.20163146945735,0.507542567320426,0.437503845657912,0.659415173398253,18.2603143364689,18.6865864286437
2021060,"Indústria extrativa e agropecuária",PETR,2008,4,1.1762357187654,0.480202297118522,0.455999371042675,0.672111663000656,18.5664683433635,18.8719209287518
2021060,"Indústria extrativa e agropecuária",PETR,2009,1,0.885346451488181,0.705807132157197,0.338467734011546,0.658164772852188,16.8770555268011,18.931294972776
2021060,"Indústria extrativa e agropecuária",PETR,2009,2,1.0268165140128,0.616317150432873,0.386887888132186,0.637709620832275,17.5901029429931,18.9892072288738
2021060,"Indústria extrativa e agropecuária",PETR,2009,3,1.07224081276563,0.561472173154133,0.417121469840046,0.645474908100536,18.0404284022043,19.0499968474771
2021060,"Indústria extrativa e agropecuária",PETR,2009,4,1.10943339329399,0.52395118236768,0.437825481841253,0.651854239619412,18.348994520182,19.0925069717832
2021060,"Indústria extrativa e agropecuária",PETR,2010,1,0.855158780599482,0.696600303688646,0.348397921446284,0.658083140188228,17.0684441072059,19.1613135481386
2021060,"Indústria extrativa e agropecuária",PETR,2010,2,0.872053255520868,0.603903297164455,0.399121890792397,0.681068469638943,17.8206062537012,19.2470455192824
2021060,"Indústria extrativa e agropecuária",PETR,2010,3,0.910951818872696,0.549356868082924,0.428943813755448,0.690814188702361,18.2625872662698,19.2963170943417
2021060,"Indústria extrativa e agropecuária",PETR,2010,4,0.932797188119905,0.513389582534118,0.449214777268611,0.699719904788586,18.5684954547101,19.3562771553509
2021060,"Indústria extrativa e agropecuária",PETR,2011,1,0.713097585261789,0.694047519862004,0.354996212466207,0.705252622075167,17.2132152954394,19.3991780738937
2021060,"Indústria extrativa e agropecuária",PETR,2011,2,0.757333994165616,0.594586352570125,0.408520064893672,0.721304264865908,17.9987622743044,19.450349812758
2021060,"Indústria extrativa e agropecuária",PETR,2011,3,0.792104782067415,0.537002798390694,0.439756120477049,0.734391366028078,18.4594772065472,19.4912112439139
2021060,"Indústria extrativa e agropecuária",PETR,2011,4,0.788620450513588,0.492645582583839,0.463772298485687,0.76305021386507,18.8132907116703,19.520636946164
2021060,"Indústria extrativa e agropecuária",PETR,2012,1,0.55588571579769,0.657478261146794,0.377957130098436,0.800197780195319,17.5803089921702,19.5665734790091
2021060,"Indústria extrativa e agropecuária",PETR,2012,2,0.573112903626525,0.561725566943352,0.429222743982317,0.836942922212755,18.3303039165093,19.603948994853
2021060,"Indústria extrativa e agropecuária",PETR,2012,3,0.602546730772325,0.508898700194608,0.458590351107518,0.847258227475371,18.7699385894975,19.6736634031711
2021060,"Indústria extrativa e agropecuária",PETR,2012,4,0.62006439541379,0.471463974579714,0.479921517955868,0.858281393482109,19.0938887125789,19.7466266615526
2021060,"Indústria extrativa e agropecuária",PETR,2013,2,0.530995998460014,0.562750217679746,0.433709301460359,0.849174536466995,18.4423703711165,19.8315252262917
2021060,"Indústria extrativa e agropecuária",PETR,2013,3,0.560735133306084,0.507068062013498,0.463697092058841,0.863209369163589,18.882700398424,19.861218842631
2021060,"Indústria extrativa e agropecuária",PETR,2013,4,0.555804570137411,0.478957927890561,0.482639686135486,0.872718051583564,19.1957165320793,20.0484334043979
2021060,"Indústria extrativa e agropecuária",RECV,2018,4,1.42081660943038,0.896048875539352,0.106445405911924,0.71962803189058,12.282366684177,12.9634458670046
2021060,"Indústria extrativa e agropecuária",RECV,2019,4,0.996750410584719,0.925536137571833,0.108921403677423,0.843358211692018,12.4869989664448,13.778844878778
2021060,"Indústria extrativa e agropecuária",RECV,2020,4,0.781404051244053,0.929853071399206,0.106548815618883,0.953736600919114,12.4517235450438,13.7743835085862
2021060,"Indústria extrativa e agropecuária",RECV,2021,1,1.18653308192222,1.10385920995774,0.0123114818135903,0.856176454616052,11.0631559683402,13.6577842066363
2021060,"Indústria extrativa e agropecuária",RECV,2021,2,0.84673874991525,0.998379849505096,0.0668997732908455,0.945643632858338,11.8443789537185,13.6136120293456
2021060,"Indústria extrativa e agropecuária",RECV,2021,3,0.86253315903328,0.940764451605294,0.0966572878212313,0.91641792322891,12.2696723550282,13.5867701673992
2021060,"Indústria extrativa e agropecuária",RECV,2021,4,0.881321040367506,0.931703816606494,0.111814681818619,0.889317838032858,12.5864555079925,14.0569474208757
2021060,"Indústria extrativa e agropecuária",RECV,2022,2,1.64554260816276,0.998101411898254,0.0836934389540317,0.659501590393143,12.2435459068168,14.3673366684158
2021060,"Indústria extrativa e agropecuária",RECV,2022,3,1.42858498326705,0.969873372794148,0.108143795396238,0.685797308178456,12.6873442331543,14.8011136658517
2021060,"Indústria extrativa e agropecuária",RECV,2022,4,1.20522886539487,0.938989457897308,0.127158608521131,0.734326972125861,12.9883887599416,14.9254413206886
2021060,"Indústria extrativa e agropecuária",RECV,2023,1,0.56596123637654,1.11320667169336,0.0426661855809537,1.16803595560203,11.8332867304967,15.2550959470101
2021060,"Indústria extrativa e agropecuária",RECV,2023,2,0.53926324856705,1.04090399602135,0.0822505847891339,1.12881461440281,12.4204480237193,15.3228825794992
2021060,"Indústria extrativa e agropecuária",RECV,2023,3,0.550534168916563,1.00216344734429,0.103826294733697,1.0897186221806,12.7437838686056,15.3757731330293
2021060,"Indústria extrativa e agropecuária",RECV,2023,4,0.656672148390772,0.913122428091943,0.154333883278385,0.95783707924627,13.5088346866264,15.5389061001997
2021060,"Indústria extrativa e agropecuária",RECV,2024,1,1.33089832868959,0.972056968164776,0.123462105253773,0.684992687696251,13.0634778321548,15.54676007026
2021060,"Indústria extrativa e agropecuária",RECV,2024,2,1.33517609782786,0.879480517498446,0.172347141466152,0.667592501416642,13.7723752176384,15.5521061470059
2021060,"Indústria extrativa e agropecuária",RECV,2024,3,1.27565113021874,0.822672835012239,0.202396612012572,0.682013683800278,14.2086196607367,15.5577477783143
2021060,"Indústria extrativa e agropecuária",SLCE,2007,1,1.20286884844011,1.10127444059212,-0.0122300288242319,0.875822701736256,10.4650614883338,12.4849713050002
2021060,"Indústria extrativa e agropecuária",SLCE,2007,4,0.593680357936785,0.897499197879851,0.099380847589756,1.12127100312181,12.1210318445887,12.6781756523524
2021060,"Indústria extrativa e agropecuária",SLCE,2008,1,1.87777090734743,1.14051470915199,-0.026270228180524,0.72155069471571,10.323920359009,12.7851842156504
2021060,"Indústria extrativa e agropecuária",SLCE,2008,2,0.902934894829959,1.00990430254118,0.0439822058837859,0.941650088746944,11.3546736193307,12.850841883983
2021060,"Indústria extrativa e agropecuária",SLCE,2008,3,0.746653400169593,0.952782308966161,0.0777443088668669,1.00562870859789,11.877915400353,13.0170835491579
2021060,"Indústria extrativa e agropecuária",SLCE,2008,4,1.03889212324791,0.914892052077446,0.10308493411392,0.837746279765097,12.2952451839439,13.2607180011014
2021060,"Indústria extrativa e agropecuária",SLCE,2009,1,1.59486472065108,1.05429139593929,0.0318768020587332,0.717754405784059,11.2850885669898,13.3614120463466
2021060,"Indústria extrativa e agropecuária",SLCE,2009,2,0.721008240895735,0.921698085276508,0.102887880909747,1.00258021128224,12.3241465304414,13.4141250626081
2021060,"Indústria extrativa e agropecuária",SLCE,2009,3,0.534440505272076,0.861829129969247,0.135898826957609,1.15181895431637,12.8159109712979,13.4808395403537
2021060,"Indústria extrativa e agropecuária",SLCE,2009,4,0.562995824498495,0.833116904074825,0.152986084704869,1.11876830331,13.081703422255,13.569689830409
2021060,"Indústria extrativa e agropecuária",SLCE,2010,1,0.601112111802467,1.04795192738724,0.0612262007820105,1.11486639150414,11.9537960668882,14.5390615438443
2021060,"Indústria extrativa e agropecuária",SLCE,2010,2,0.739410420360782,0.984899641002396,0.0946461707315658,0.970270382784275,12.4396000111558,14.5483705200151
2021060,"Indústria extrativa e agropecuária",SLCE,2010,3,0.835256434320641,0.926046740095588,0.125852423232235,0.893741853139748,12.8933373846568,14.5576076823092
2021060,"Indústria extrativa e agropecuária",SLCE,2010,4,0.79869924354045,0.869626929560735,0.155728742959779,0.905093599581483,13.3273669641571,14.5646606150992
2021060,"Indústria extrativa e agropecuária",SLCE,2011,1,1.6303026184906,1.10365160350218,0.0325825999762481,0.705032002464916,11.5456124779923,14.5706465874772
2021060,"Indústria extrativa e agropecuária",SLCE,2011,2,1.39160682208117,1.01121932845208,0.0813856185276436,0.715653475196776,12.2532654717772,14.5757178537071
2021060,"Indústria extrativa e agropecuária",SLCE,2011,3,1.44348063122397,0.945064439346692,0.116349028049596,0.682904548371514,12.7605641426848,14.5809096168081
2021060,"Indústria extrativa e agropecuária",SLCE,2011,4,1.14440998194187,0.881716622770217,0.151325509250722,0.754053054570819,13.2820330291929,14.6536440224048
2021060,"Indústria extrativa e agropecuária",SLCE,2012,1,1.04146630859327,1.04359664735996,0.0662965973863712,0.839933611274958,12.0532269426833,14.664756810716
2021060,"Indústria extrativa e agropecuária",SLCE,2012,2,0.606310788689217,0.947708455385901,0.116549436144955,1.05125494901778,12.7783974673358,14.6530452564111
2021060,"Indústria extrativa e agropecuária",SLCE,2012,3,0.628710823116439,0.896535894073245,0.143575015372406,1.01933372981533,13.1703402726745,14.6561762693331
2021060,"Indústria extrativa e agropecuária",SLCE,2012,4,0.623618723979454,0.856495526361618,0.166564530334489,1.01547810748854,13.5209792598264,14.7420779060686
2021060,"Indústria extrativa e agropecuária",SLCE,2013,2,0.691167816339832,0.987002284855856,0.0982558274122297,0.995011026420159,12.5360737451495,14.7619543263616
2021060,"Indústria extrativa e agropecuária",SLCE,2013,3,0.688007702108424,0.917579211268513,0.13497432503808,0.973504415814742,13.0690976468323,14.7686624217528
2021060,"Indústria extrativa e agropecuária",SLCE,2013,4,0.634558688771175,0.864069460267252,0.163596971085753,1.00492590189993,13.4875930539306,14.7883599767448
2021060,"Indústria extrativa e agropecuária",SLCE,2014,1,0.948645361008402,1.08074819614453,0.0496368019566419,0.898133516404997,11.8392945144135,14.7965449173153
2021060,"Indústria extrativa e agropecuária",SLCE,2014,2,0.723969779877919,0.943226215103835,0.122026494506939,0.954545201508406,12.886900733199,14.7941248204447
2021060,"Indústria extrativa e agropecuária",SLCE,2014,3,0.662609784347305,0.885568307052801,0.152488693702363,0.984972766046664,13.3287915237286,14.7981750159567
2021060,"Indústria extrativa e agropecuária",SLCE,2014,4,0.664234595363666,0.844146656565138,0.175906492809047,0.977912884940018,13.6828260525724,14.870523406913
2021060,"Indústria extrativa e agropecuária",SLCE,2015,1,1.34129021245635,1.08135963141696,0.0509932319203609,0.75301114550928,11.8746650326232,14.8725430911254
2021060,"Indústria extrativa e agropecuária",SLCE,2015,2,0.918397931537761,0.945457606036857,0.12282041796661,0.844590060147972,12.9168527272123,14.8832915922836
2021060,"Indústria extrativa e agropecuária",SLCE,2015,3,0.759052085081058,0.886327938401576,0.153318031346441,0.91799009648455,13.3523221328472,14.8538426571173
2021060,"Indústria extrativa e agropecuária",SLCE,2015,4,0.738208165447194,0.810975250773319,0.193162602674051,0.929694767257461,13.9306308953395,14.8606639982473
2021060,"Indústria extrativa e agropecuária",SLCE,2016,1,0.681038373085281,0.967141926390422,0.111007276828015,0.989214925864166,12.7421553431337,14.8656162507037
2021060,"Indústria extrativa e agropecuária",SLCE,2016,4,0.669571690688659,0.769297419910987,0.215182315931138,0.982881065088766,14.2500552661363,14.8636012621195
2021060,"Indústria extrativa e agropecuária",SLCE,2017,1,1.28799677642171,0.981030201469871,0.104302399803324,0.722527323944479,12.6508050323741,14.893285854185
2021060,"Indústria extrativa e agropecuária",SLCE,2017,2,1.2174920277749,0.885721793114627,0.154775015095465,0.723027932569631,13.3840797702021,14.9053533827047
2021060,"Indústria extrativa e agropecuária",SLCE,2017,3,1.06448914902981,0.812846858900796,0.193163911725546,0.772437854215429,13.9399021992698,14.9053625335604
2021060,"Indústria extrativa e agropecuária",SLCE,2017,4,0.987752834302553,0.75619390933842,0.223756203602891,0.808986072794027,14.3898572530663,14.9392719439608
2021060,"Indústria extrativa e agropecuária",SLCE,2018,1,1.69471863565856,0.959164692001928,0.116987052332592,0.622820473479033,12.8453940943672,14.9460990569496
2021060,"Indústria extrativa e agropecuária",SLCE,2018,2,1.48565563021981,0.852622394269932,0.172803950306072,0.652044819320999,13.6506725768378,14.9322025513338
2021060,"Indústria extrativa e agropecuária",SLCE,2018,3,1.17342998923549,0.791676209486712,0.205056351543371,0.736575336413633,14.1190268971157,14.9388797150445
2021060,"Indústria extrativa e agropecuária",SLCE,2018,4,0.986075951900225,0.732068918084394,0.237061327024524,0.814576292750294,14.5880900093037,14.9662878176661
2021060,"Indústria extrativa e agropecuária",SLCE,2019,1,0.998730310290055,0.935939737234959,0.137508896770067,0.790251270049647,13.2201945473864,15.3213324353602
2021060,"Indústria extrativa e agropecuária",SLCE,2019,2,1.37267608732689,0.861803572297497,0.176522599374587,0.66564473263339,13.7846924059636,15.3195495771152
2021060,"Indústria extrativa e agropecuária",SLCE,2019,3,0.916863262005138,0.795293136628251,0.212420825002645,0.81552411635184,14.3125318216703,15.3585868877469
2021060,"Indústria extrativa e agropecuária",SLCE,2019,4,0.880982506359353,0.746702969741494,0.238400826855494,0.84032838960035,14.6922860340797,15.3759694242819
2021060,"Indústria extrativa e agropecuária",SLCE,2020,1,1.12354410716718,0.924321217010803,0.144954302666851,0.740398962014306,13.3404127526886,15.3813270693184
2021060,"Indústria extrativa e agropecuária",SLCE,2020,2,1.21734207113082,0.836876484170311,0.19147566237163,0.7035453517673,14.0182698320087,15.4020484764267
2021060,"Indústria extrativa e agropecuária",SLCE,2020,3,0.962102177848943,0.783035412113449,0.221252950528975,0.793260506781456,14.4626686006155,15.4661224216626
2021060,"Indústria extrativa e agropecuária",SLCE,2020,4,0.935763428149575,0.740200760372649,0.246119178537788,0.808522067955606,14.8442732997324,15.5703500776647
2021060,"Indústria extrativa e agropecuária",SLCE,2021,1,1.53497207870636,0.902145388534803,0.161255180101298,0.623371080635855,13.6197194690673,15.590470483254
2021060,"Indústria extrativa e agropecuária",SLCE,2021,2,1.59707406651535,0.821673371443706,0.207641824032106,0.602367128145752,14.3287875971547,15.7713969037334
2021060,"Indústria extrativa e agropecuária",SLCE,2021,3,1.21012541319101,0.785431786951293,0.232084348303285,0.685458913556683,14.7328364490762,16.0136901828751
2021060,"Indústria extrativa e agropecuária",SLCE,2021,4,1.09319896728356,0.739933104362703,0.256665060476724,0.728202768380616,15.0944791271465,16.0414514140024
2021060,"Indústria extrativa e agropecuária",SLCE,2022,1,1.6421328010969,0.861006284739569,0.19345249229244,0.583616837213101,14.184546932727,16.0670672050743
2021060,"Indústria extrativa e agropecuária",SLCE,2022,2,1.50245014811818,0.782405905628491,0.235041662658668,0.613248230833793,14.7884319272956,16.07541873933
2021060,"Indústria extrativa e agropecuária",SLCE,2022,3,1.23044445108807,0.737645963105578,0.258745542049855,0.685257954288591,15.1328086232164,16.0810991837271
2021060,"Indústria extrativa e agropecuária",SLCE,2022,4,1.07622453349063,0.690035790414564,0.284337224422966,0.745420897886669,15.5081393297459,16.1042734079744
2021060,"Indústria extrativa e agropecuária",SLCE,2023,1,1.25585936904505,0.860967880436065,0.195322130101869,0.663983947950409,14.2289496035621,16.150802689387
2021060,"Indústria extrativa e agropecuária",SLCE,2023,2,1.15724097874866,0.779863979321974,0.236904487926593,0.69810012505445,14.8203122889658,16.0991348846637
2021060,"Indústria extrativa e agropecuária",SLCE,2023,3,1.08411466498882,0.734453852164958,0.262076878833742,0.727499187142297,15.1965041470328,16.1557976248723
2021060,"Indústria extrativa e agropecuária",SLCE,2023,4,0.935824751696925,0.687640885617787,0.286373246926444,0.798565024394489,15.5448764175976,16.1393379659165
2021060,"Indústria extrativa e agropecuária",SLCE,2024,1,0.986955152398908,0.892565842402012,0.176960571236863,0.754923363188403,13.9470109159336,16.0730829416044
2021060,"Indústria extrativa e agropecuária",SLCE,2024,2,1.07311062066291,0.806944939776685,0.222000971984169,0.723120092286101,14.5985502108367,16.0702508033114
2021060,"Indústria extrativa e agropecuária",SLCE,2024,3,0.944544798031974,0.747656473962461,0.253686039217402,0.779256860455859,15.0615573039016,16.0907786740694
2021060,"Indústria extrativa e agropecuária",SOJA,2017,4,0.803881357772141,0.667676795785829,0.158107567773414,1.02594399221031,12.3870810192265,9.85570348465705
2021060,"Indústria extrativa e agropecuária",SOJA,2018,4,0.909199400390542,0.666015154056629,0.172094735312139,0.968514201546672,12.7124820314571,10.4493680494768
2021060,"Indústria extrativa e agropecuária",SOJA,2019,4,0.979241474914142,0.657456251836611,0.182893429941908,0.937605096057409,12.9277839590549,10.7341634920331
2021060,"Indústria extrativa e agropecuária",SOJA,2020,2,1.76896148562166,0.982424452292512,0.0150790038017236,0.681985943809045,10.5296431229277,10.886778538246
2021060,"Indústria extrativa e agropecuária",SOJA,2020,3,1.16769975242398,0.716743628923494,0.15937176117424,0.834345600317031,12.6594747015413,11.0832232563953
2021060,"Indústria extrativa e agropecuária",SOJA,2020,4,1.25803110681065,0.660043024582615,0.191135747374462,0.824755108187137,13.1371402782398,11.1690467835253
2021060,"Indústria extrativa e agropecuária",SOJA,2021,1,0.858243707235272,1.1262937827757,-0.0532102686500064,1.07833209252818,9.61117172011524,11.2262421310797
2021060,"Indústria extrativa e agropecuária",SOJA,2021,2,1.64756930387167,1.0105926333438,0.0117230597850212,0.714304083494308,10.5886669255068,11.4066640673067
2021060,"Indústria extrativa e agropecuária",SOJA,2021,3,1.15255896306342,0.703892394055634,0.18519471229109,0.83700699581862,13.2119253403657,11.9458955025179
2021060,"Indústria extrativa e agropecuária",SOJA,2021,4,1.13769513399021,0.647602324303798,0.218471055523613,0.864116529590408,13.7276885718653,12.1099854692422
2021060,"Indústria extrativa e agropecuária",SOJA,2022,1,0.518734693497977,0.971830545866995,0.0550685482339694,1.23145786905312,11.4311220708643,12.4447095915437
2021060,"Indústria extrativa e agropecuária",SOJA,2022,2,0.665477579666778,0.879081607826572,0.109070931889696,1.05640520056236,12.2612204867729,12.6776394845142
2021060,"Indústria extrativa e agropecuária",SOJA,2022,3,0.904767678859385,0.70384413962328,0.21060876595263,0.92223225037115,13.8178314575919,13.0954148680361
2021060,"Indústria extrativa e agropecuária",SOJA,2022,4,0.988573754595646,0.656801157480755,0.239604894105228,0.897717221985929,14.2771609691492,13.2862598600699
2021060,"Indústria extrativa e agropecuária",SOJA,2023,2,0.723409542187055,0.915594345361784,0.105077716864008,1.00090538885795,12.3462417597822,13.3676953061229
2021060,"Indústria extrativa e agropecuária",SOJA,2023,3,0.921313839447682,0.711677748651461,0.212770135614293,0.903539467049217,13.9080560841787,13.3801125296827
2021060,"Indústria extrativa e agropecuária",TTEN,2020,4,1.14414865656016,0.553650004918914,0.286785192708571,0.902885486144151,14.8931920406419,12.9622060392709
2021060,"Indústria extrativa e agropecuária",TTEN,2021,1,0.855792804203502,0.738100267998238,0.191020914310329,0.938058400554257,13.5197680627441,13.0255716245925
2021060,"Indústria extrativa e agropecuária",TTEN,2021,2,0.980276245121142,0.627616152027471,0.252189022285783,0.920383986449428,14.4332162827532,13.1599461292542
2021060,"Indústria extrativa e agropecuária",TTEN,2021,3,1.04289731786182,0.559941898796157,0.292937508294189,0.929693552948415,15.0709923288788,13.3908304017854
2021060,"Indústria extrativa e agropecuária",TTEN,2021,4,1.06747447600758,0.525571738938072,0.315631476591275,0.939059246608538,15.44257597815,13.598589327547
2021060,"Indústria extrativa e agropecuária",TTEN,2022,1,0.781983447560133,0.720291543965266,0.215983750242468,0.966445314476698,14.0272293068542,13.7310606419579
2021060,"Indústria extrativa e agropecuária",TTEN,2022,2,0.90209746862755,0.635982088716002,0.264369443743331,0.931752966492937,14.7650309396653,13.9109720908596
2021060,"Indústria extrativa e agropecuária",TTEN,2022,3,0.947312268500623,0.577108284869568,0.299491464669206,0.939582559759928,15.3120591462541,14.0970046661446
2021060,"Indústria extrativa e agropecuária",TTEN,2022,4,1.02714427783882,0.538587938306726,0.322617947612961,0.925540378840511,15.6734692291047,14.2253614431433
2021060,"Indústria extrativa e agropecuária",TTEN,2023,1,0.790688887880708,0.71795490292771,0.230062000483464,0.941180969904162,14.3514702556915,14.3127499090867
2021060,"Indústria extrativa e agropecuária",TTEN,2023,2,0.82248230539618,0.63116891596327,0.277767285806894,0.960064949570461,15.0608170657371,14.4027874168263
2021060,"Indústria extrativa e agropecuária",TTEN,2023,3,0.91101997791944,0.570474024964798,0.310959630000963,0.948992620611352,15.552830365547,14.4580158561323
2021060,"Indústria extrativa e agropecuária",TTEN,2023,4,0.970101476256201,0.518838210120759,0.339394487323124,0.957020243175443,15.9760984453927,14.5139057053256
2021060,"Indústria extrativa e agropecuária",TTEN,2024,1,0.753099593901085,0.689207803065091,0.252033681813122,0.963360780308093,14.7335877212193,14.6219201220797
2021060,"Indústria extrativa e agropecuária",TTEN,2024,2,0.949375910118818,0.60323255054263,0.297908050221477,0.900386387245698,15.4032683573563,14.648395964966
2021060,"Indústria extrativa e agropecuária",TTEN,2024,3,1.02316162101584,0.545403652672886,0.32963185433312,0.903550338483741,15.8744052042741,14.7054895189084
2021060,"Indústria extrativa e agropecuária",VALE,1989,3,2.39216036931475,1.52034638928545,-0.423083231076622,0.95078312164682,2.73485036100981,3.87798262990998
2021060,"Indústria extrativa e agropecuária",VALE,1989,4,2.18542329357879,1.4306068416141,-0.354919057435511,0.875557297923036,3.91757543372876,4.8238910942181
2021060,"Indústria extrativa e agropecuária",VALE,1990,1,2.11785040402466,1.51135675582957,-0.372371407177791,1.12852653727096,3.89998401654463,5.95964867569863
2021060,"Indústria extrativa e agropecuária",VALE,1990,2,2.24188846567721,1.4181490801796,-0.319220709831782,0.909093071241259,4.70750429559551,6.14307559121729
2021060,"Indústria extrativa e agropecuária",VALE,1990,3,1.76371312366116,1.34374240097583,-0.273376874862213,0.908457437463521,5.43357044054076,6.44408817294246
2021060,"Indústria extrativa e agropecuária",VALE,1990,4,1.59598874187109,1.28388434306291,-0.23152271107897,0.886833565168866,6.13630609446116,6.91145629177736
2021060,"Indústria extrativa e agropecuária",VALE,1991,1,3.08800682928319,1.42555431949051,-0.296237817803896,0.82790797451887,5.29222308457815,7.36029087473313
2021060,"Indústria extrativa e agropecuária",VALE,1991,2,3.13527664045393,1.34118003023257,-0.247682281242032,0.709074752762395,6.03375551863301,7.54634595562035
2021060,"Indústria extrativa e agropecuária",VALE,1991,3,2.41818722989122,1.26048455260833,-0.196586632257066,0.722403804851214,6.85403374997563,7.93515195520386
2021060,"Indústria extrativa e agropecuária",VALE,1991,4,1.71392783021435,1.22060391291778,-0.145468703679718,0.839031255828648,7.87634519065145,9.29843137520961
2021060,"Indústria extrativa e agropecuária",VALE,1992,1,3.18510609151534,1.37498238877898,-0.214421692407045,0.783464713466713,6.99392703942576,9.85849497791191
2021060,"Indústria extrativa e agropecuária",VALE,1992,2,2.05391396002386,1.25248725467753,-0.138471810201352,0.806556952750786,8.20063363062388,10.3756709640169
2021060,"Indústria extrativa e agropecuária",VALE,1992,3,1.39206072971073,1.16001427788764,-0.0778259000934731,0.876588534755837,9.19054757695967,10.9159812077823
2021060,"Indústria extrativa e agropecuária",VALE,1992,4,1.25019810329852,1.0917380018498,-0.0296650641201095,0.86541208366176,10.0021415890513,11.4681152157371
2021060,"Indústria extrativa e agropecuária",VALE,1993,1,1.97231032863098,1.25435067689928,-0.101699986663504,0.815767341532257,9.08686902526088,12.0850301850904
2021060,"Indústria extrativa e agropecuária",VALE,1993,2,1.75140041396966,1.13145279450701,-0.0225788433658152,0.741523002747817,10.3672242272553,12.7361852798614
2021060,"Indústria extrativa e agropecuária",VALE,1993,3,1.36998794430066,1.02837389122238,0.0476389856819073,0.759493901491384,11.5330744685457,13.4569232590684
2021060,"Indústria extrativa e agropecuária",VALE,1993,4,1.1340198752492,0.964237854794787,0.0932148238184128,0.79440658894753,12.3034545909271,13.990764344308
2021060,"Indústria extrativa e agropecuária",VALE,1993,4,0.992181437913621,0.923353571978084,0.120571660494743,0.829913540941895,12.7540911074116,14.2542768787585
2021060,"Indústria extrativa e agropecuária",VALE,1994,1,0.935603639489323,1.04428977673412,0.0765201754313755,0.866707143860054,12.3004889523127,15.1441806730259
2021060,"Indústria extrativa e agropecuária",VALE,1994,2,0.731552041288276,0.889984120945025,0.178220533780747,0.876764924953322,13.9643160792789,16.0685541706166
2021060,"Indústria extrativa e agropecuária",VALE,1994,3,0.660143026263742,0.831738855522543,0.211926547899336,0.912621359236969,14.4806745338317,16.2054654235499
2021060,"Indústria extrativa e agropecuária",VALE,1994,4,0.780784581312663,0.801473271712211,0.228987282162477,0.838739150388162,14.7381654908809,16.2560660538323
2021060,"Indústria extrativa e agropecuária",VALE,1994,4,0.779101806547878,0.787620614485605,0.23631754473123,0.841361528460136,14.8446075629977,16.2575614990671
2021060,"Indústria extrativa e agropecuária",VALE,1995,1,0.656814553077648,0.984449070906245,0.133318059375699,0.938653844191432,13.3597292700419,16.2885683894367
2021060,"Indústria extrativa e agropecuária",VALE,1995,2,0.65846305740431,0.887554893624803,0.185909515161198,0.90743078487505,14.1357110506062,16.3587487208348
2021060,"Indústria extrativa e agropecuária",VALE,1995,3,0.650044715378189,0.83039067439086,0.21758474229684,0.906869545357194,14.6089708016486,16.4294959453385
2021060,"Indústria extrativa e agropecuária",VALE,1995,4,0.660689071534183,0.792480835855014,0.238702129148397,0.900029997815956,14.9254764900715,16.4814481007479
2021060,"Indústria extrativa e agropecuária",VALE,1996,1,0.688539454262913,0.976511169242402,0.141551086083935,0.90301734334487,13.5169039466448,16.4720096026635
2021060,"Indústria extrativa e agropecuária",VALE,1996,2,0.764895476338172,0.89047187060927,0.187059950522026,0.835742384967184,14.1775508433819,16.4804090006694
2021060,"Indústria extrativa e agropecuária",VALE,1996,3,0.74531195391142,0.831559766442091,0.218124565890924,0.844037942132257,14.6276177794603,16.4818212263757
2021060,"Indústria extrativa e agropecuária",VALE,1996,4,0.849979893163496,0.799359122917215,0.235216876367369,0.792368621954262,14.876308512065,16.4876988968923
2021060,"Indústria extrativa e agropecuária",VALE,1997,1,0.869396654683658,0.971691991767308,0.144255578416838,0.801628479277511,13.5576159711186,16.4795196888773
2021060,"Indústria extrativa e agropecuária",VALE,1997,2,0.871526685074355,0.878322374526792,0.193455033917841,0.781776219486196,14.2700966504355,16.480184083988
2021060,"Indústria extrativa e agropecuária",VALE,1997,3,0.965983548378127,0.831830188983701,0.21809866489309,0.741127681091346,14.6283350903857,16.4870982903505
2021060,"Indústria extrativa e agropecuária",VALE,1997,4,1.0509937550011,0.789547337413492,0.237913027761889,0.71880038706443,14.8921732190998,16.3757538639312
2021060,"Indústria extrativa e agropecuária",VALE,1998,1,1.60461519300078,0.997425932387642,0.128595596818188,0.600576606391449,13.3111614136229,16.3842577276756
2021060,"Indústria extrativa e agropecuária",VALE,1998,2,1.54062172765562,0.899994563202373,0.180443383546102,0.592523683760029,14.066754023394,16.4079545768445
2021060,"Indústria extrativa e agropecuária",VALE,1998,3,1.46166153185777,0.842789242995996,0.210658847274261,0.605274773597107,14.504994401692,16.4116279099001
2021060,"Indústria extrativa e agropecuária",VALE,1998,4,1.46912073027952,0.808331421562792,0.228967704284657,0.604699485059516,14.7715570563636,16.4187516743057
2021060,"Indústria extrativa e agropecuária",VALE,1999,1,2.31392119372923,0.99766748000683,0.130714531846793,0.496931392572189,13.3628921267386,16.4859576886634
2021060,"Indústria extrativa e agropecuária",VALE,1999,2,2.02915332159059,0.901463646725096,0.181131824319842,0.514234895481026,14.0904266833532,16.4741638100404
2021060,"Indústria extrativa e agropecuária",VALE,1999,3,2.08762819355163,0.843770911571163,0.211154224804115,0.504974805531551,14.5216560023801,16.4574706184342
2021060,"Indústria extrativa e agropecuária",VALE,1999,4,2.04625155361151,0.802243132156255,0.233320162879694,0.511049150892356,14.8453087455936,16.4706073330367
2021060,"Indústria extrativa e agropecuária",VALE,2000,1,1.71009317566161,0.964665982815516,0.148126145092261,0.569706362482906,13.6152446768871,16.4871914435856
2021060,"Indústria extrativa e agropecuária",VALE,2000,2,1.73897987924866,0.876609402577097,0.19614410966648,0.55044148049827,14.3257762359899,16.561081499238
2021060,"Indústria extrativa e agropecuária",VALE,2000,3,1.67396423899088,0.821357717824394,0.225928321862883,0.559486661842794,14.763375988891,16.5918247669524
2021060,"Indústria extrativa e agropecuária",VALE,2000,4,1.61997171636154,0.783965525141195,0.247470862032388,0.568334391390325,15.0925775091181,16.675372802414
2021060,"Indústria extrativa e agropecuária",VALE,2001,1,1.53683140396256,0.949379716665979,0.159229256481484,0.592293632811904,13.804594347956,16.625317237979
2021060,"Indústria extrativa e agropecuária",VALE,2001,2,1.49506748210044,0.851344602784136,0.21154125130988,0.589054208552214,14.5682779987266,16.6556322373678
2021060,"Indústria extrativa e agropecuária",VALE,2001,3,1.53996059382523,0.802415377410177,0.240816827130219,0.57578531016048,15.0249602127268,16.814141437498
2021060,"Indústria extrativa e agropecuária",VALE,2001,4,1.53274457826221,0.75901411639905,0.263530980681777,0.582328044739012,15.3524389771962,16.8074157154431
2021060,"Indústria extrativa e agropecuária",VALE,2002,1,1.2939402468521,0.935524927163167,0.171022117435605,0.633963302531944,14.0174622304431,16.8288145712538
2021060,"Indústria extrativa e agropecuária",VALE,2002,2,1.28169032794995,0.840550557784933,0.221942702169936,0.627034160729838,14.7630705193387,16.8691318613655
2021060,"Indústria extrativa e agropecuária",VALE,2002,3,1.49685902122283,0.786548750096066,0.251405777877611,0.581387008429502,15.1991815362726,16.9151455661795
2021060,"Indústria extrativa e agropecuária",VALE,2002,4,1.59016930311633,0.741198819020985,0.275694192192129,0.569675240776337,15.5545870724107,16.9332202840741
2021060,"Indústria extrativa e agropecuária",VALE,2003,1,1.51715991643959,0.906505536379224,0.190118375736362,0.574452854744185,14.3296543945678,17.0013001198221
2021060,"Indústria extrativa e agropecuária",VALE,2003,2,1.35051298832392,0.81958456697553,0.236684430072127,0.604320223342067,15.0111632814091,17.0365373155173
2021060,"Indústria extrativa e agropecuária",VALE,2003,3,1.43564317985622,0.766856924553155,0.265860515358924,0.588370495040052,15.4467198820915,17.0999467784284
2021060,"Indústria extrativa e agropecuária",VALE,2003,4,1.41515192513279,0.726384209882415,0.288513852016295,0.597171120069106,15.7872062770968,17.1603154932996
2021060,"Indústria extrativa e agropecuária",VALE,2004,1,1.31698403950655,0.903237354672041,0.196089532481035,0.607765591386447,14.4559360560549,17.1937071533072
2021060,"Indústria extrativa e agropecuária",VALE,2004,2,1.40220371968617,0.804863257683254,0.249466491252545,0.584289378066095,15.2433463490687,17.264155445373
2021060,"Indústria extrativa e agropecuária",VALE,2004,3,1.47188780096588,0.748106556167254,0.279895665347198,0.576049536729893,15.6888986999427,17.2882048213724
2021060,"Indústria extrativa e agropecuária",VALE,2004,4,1.444687849914,0.706458162234164,0.302625298290025,0.588486035517457,16.0254005200711,17.3239871604916
2021060,"Indústria extrativa e agropecuária",VALE,2005,1,1.02724920534311,0.876982526919416,0.214331448884855,0.675571703142355,14.761400099435,17.393447639022
2021060,"Indústria extrativa e agropecuária",VALE,2005,2,1.3308004358502,0.77831449139063,0.26774277187872,0.593716183726511,15.5481788379212,17.4584411816193
2021060,"Indústria extrativa e agropecuária",VALE,2005,3,1.33120208768341,0.724380145236991,0.297755159307933,0.599433422112401,15.9977244096229,17.53093504203
2021060,"Indústria extrativa e agropecuária",VALE,2005,4,1.33555186862467,0.690182539868524,0.318077352151616,0.602035866173536,16.3135913225989,17.6354228167989
2021060,"Indústria extrativa e agropecuária",VALE,2006,1,0.990345536651606,0.887173482598697,0.219134137040666,0.664772712676147,14.9262603251874,17.8539605827886
2021060,"Indústria extrativa e agropecuária",VALE,2006,2,1.05466524434111,0.798280942479696,0.267785934068438,0.640257056114341,15.6477821535484,17.9366103509459
2021060,"Indústria extrativa e agropecuária",VALE,2006,3,1.13939990445545,0.741030602024656,0.299441030081396,0.620677368710203,16.1201365838372,18.0043920439841
2021060,"Indústria extrativa e agropecuária",VALE,2006,4,1.11627676610712,0.726333337259921,0.315090329663636,0.611603002008001,16.4208241571933,18.3624033997668
2021060,"Indústria extrativa e agropecuária",VALE,2007,1,1.02000415819028,0.903699218772976,0.221853232113615,0.629262586077799,15.0726999357253,18.3712241259469
2021060,"Indústria extrativa e agropecuária",VALE,2007,2,1.02342864683976,0.811200739086537,0.271133627711855,0.62453925370807,15.7914118815168,18.3963305277002
2021060,"Indústria extrativa e agropecuária",VALE,2007,3,1.01506360513466,0.75094169885309,0.303823060648808,0.632161393329473,16.2735821527494,18.4391840598619
2021060,"Indústria extrativa e agropecuária",VALE,2007,4,0.992591160219263,0.708893844291155,0.326797445349462,0.646520392155147,16.613949359866,18.4765205693365
2021060,"Indústria extrativa e agropecuária",VALE,2008,1,0.828216739693483,0.882068235587211,0.236111103871873,0.688303416994404,15.3059693132488,18.5008614907135
2021060,"Indústria extrativa e agropecuária",VALE,2008,2,0.948277576845149,0.783002571725979,0.288670671389293,0.644688428483441,16.0704699601565,18.5178064265519
2021060,"Indústria extrativa e agropecuária",VALE,2008,3,1.32717477046875,0.733838000931974,0.317485911583305,0.5456336832825,16.515010927869,18.6498598780372
2021060,"Indústria extrativa e agropecuária",VALE,2008,4,1.47538126423276,0.710195083892481,0.333672053067501,0.514178929868901,16.7843381261037,18.818817231872
2021060,"Indústria extrativa e agropecuária",VALE,2009,1,2.00849277665669,0.932711882905112,0.21726681989015,0.432583610432596,15.1065453351498,18.8555393933981
2021060,"Indústria extrativa e agropecuária",VALE,2009,2,1.66886493692498,0.831921903328013,0.268945397269584,0.471657058275278,15.84152079964,18.7914695720845
2021060,"Indústria extrativa e agropecuária",VALE,2009,3,1.40576111808027,0.77224089518894,0.300949756437157,0.516742032659655,16.3102052746163,18.8170915701489
2021060,"Indústria extrativa e agropecuária",VALE,2009,4,1.20854977260651,0.727817279251653,0.324762872619006,0.563494504286682,16.6588477862457,18.835739563557
2021060,"Indústria extrativa e agropecuária",VALE,2010,1,1.0414910344241,0.897872597466925,0.234059877328486,0.599893794412118,15.33507174859,18.7849342059415
2021060,"Indústria extrativa e agropecuária",VALE,2010,2,1.7742762275125,0.795964826890812,0.287489532428203,0.459743492374483,16.1062932315064,18.7734876455515
2021060,"Indústria extrativa e agropecuária",VALE,2010,3,2.61880030676364,0.734556728872666,0.319900640686577,0.38397520928673,16.5761523799633,18.7763335965336
2021060,"Indústria extrativa e agropecuária",VALE,2021,2,4.80003058274937,0.709852999071227,0.349757083506115,0.266351744779887,17.1662893699241,19.5389390110466
2021060,"Indústria extrativa e agropecuária",VALE,2021,3,5.75148020300847,0.643454301933883,0.383262788737516,0.253080343778941,17.6376170199449,19.4723153969284
2022100,"Alimentos e bebidas",ABEV,1989,3,1.04700229192474,1.42675124655006,-0.238559912328374,1.25922843994207,-0.65967497383962,-0.516569808384242
2022100,"Alimentos e bebidas",ABEV,1989,4,1.19699641758354,1.33716106732501,-0.178153176215478,0.981072096993806,0.735564192603172,0.59901176320193
2022100,"Alimentos e bebidas",ABEV,1990,1,2.7450494939392,1.45367393658686,-0.26531829326428,0.758025789773891,0.873828883945625,1.88546893341894
2022100,"Alimentos e bebidas",ABEV,1990,2,1.64954846541485,1.35530518261548,-0.195739434637697,0.821979779951836,1.66758298326791,2.07560544664167
2022100,"Alimentos e bebidas",ABEV,1990,3,1.19552747492439,1.27350670552944,-0.138380399843738,0.851030280596159,2.44091262361412,2.39250692989991
2022100,"Alimentos e bebidas",ABEV,1990,4,1.08260361916317,1.21056918160152,-0.0952292161333354,0.815842441195618,3.25878868035878,2.94872684155221
2022100,"Alimentos e bebidas",ABEV,1991,1,3.01509962706032,1.40073090976254,-0.232560173935812,0.629606149570292,2.36527133503387,3.47957535797751
2022100,"Alimentos e bebidas",ABEV,1991,2,1.35126025600991,1.28706833129808,-0.152225932476823,0.786019583118397,3.29658228477738,3.71910548225445
2022100,"Alimentos e bebidas",ABEV,1991,3,1.14415819412966,1.21964930910708,-0.105511722178369,0.776437914198592,4.0614081086549,4.15893613960841
2022100,"Alimentos e bebidas",ABEV,1991,4,0.961038554825064,1.20320678706719,-0.0977442433592657,0.806331895607572,5.07062533908198,5.41939089902142
2022100,"Alimentos e bebidas",ABEV,1992,1,1.22925197851603,1.35990998919374,-0.211595547545396,0.865321936025548,4.48940199970876,6.07422060285943
2022100,"Alimentos e bebidas",ABEV,1992,2,0.666047203163339,1.23380653983177,-0.123465250667514,0.975281021492692,5.74886217020976,6.65705834893852
2022100,"Alimentos e bebidas",ABEV,1992,3,0.550909359189882,1.15347713288993,-0.0680959127964926,0.971526231531321,6.72604485832645,7.27348381301032
2022100,"Alimentos e bebidas",ABEV,1992,4,0.528410110971541,1.08062530004191,-0.0182042916513048,0.920773939880617,7.6856933262308,7.93545503336055
2022100,"Alimentos e bebidas",ABEV,1993,1,0.81012256606789,1.26390929572559,-0.151236364061496,0.881556108547949,6.97609236455517,8.6596061202978
2022100,"Alimentos e bebidas",ABEV,1993,2,0.595865389497514,1.14810968090328,-0.0709613567565043,0.892562266755704,8.28109836852962,9.40291531765698
2022100,"Alimentos e bebidas",ABEV,1993,3,0.515913410753173,1.0536245851754,-0.00608961029665789,0.878168125003132,9.48830102568742,10.2090161635511
2022100,"Alimentos e bebidas",ABEV,1993,4,0.542387436411115,0.987550358989094,0.0373842432690357,0.810952491622334,10.7617301549849,11.3743833075199
2022100,"Alimentos e bebidas",ABEV,1995,1,0.576713586097036,1.03019451146507,-0.00105171859590025,0.779545429337696,12.2948533853155,13.9233229771484
2022100,"Alimentos e bebidas",ABEV,1996,1,0.59040971712546,1.05121933526797,-0.017927067773007,0.77596405562647,12.5799330886494,14.5200969979966
2022100,"Alimentos e bebidas",ABEV,1996,2,0.509503320543988,0.953867455397754,0.0514160453145605,0.794774552367032,13.2557618945013,14.5544701048799
2022100,"Alimentos e bebidas",ABEV,1997,1,0.586040964360386,1.02373454421515,0.00134659812469362,0.765207669965933,12.8396228245754,14.6263622911009
2022100,"Alimentos e bebidas",ABEV,1998,1,0.523953787343142,1.01698684887859,0.00589094578424687,0.805607469268544,12.9459175659993,14.7120796622937
2022100,"Alimentos e bebidas",ABEV,1998,2,0.512835641213979,0.931852716363403,0.0664140041530341,0.784690740094923,13.5635771120458,14.7794920434012
2022100,"Alimentos e bebidas",ABEV,2005,2,0.822229453809385,1.22394915553691,-0.148889219429564,0.754402194565302,13.1798077105655,16.9808047260345
2022100,"Alimentos e bebidas",ABEV,2005,3,0.587905076981586,1.00671033696978,0.00623356800627661,0.744264779248075,14.6005454497222,16.9350509469841
2022100,"Alimentos e bebidas",ABEV,2005,4,0.566892926512983,0.905249105067367,0.0786282357133239,0.729558197850959,15.2766525748902,16.9312770478095
2022100,"Alimentos e bebidas",ABEV,2006,1,0.833133566887471,1.04652764283165,-0.0221085566369652,0.639786750717157,14.3197073990154,16.9147946198646
2022100,"Alimentos e bebidas",ABEV,2006,2,0.681307419407347,0.937447728871075,0.0558740631037657,0.671762631414544,15.0121215252435,16.8624314352259
2022100,"Alimentos e bebidas",ABEV,2006,3,0.680673467415181,0.893157682553835,0.0870574419037833,0.663808773174513,15.4022180832289,16.9938938594473
2022100,"Alimentos e bebidas",ABEV,2006,4,0.746620825150379,0.848101365017157,0.119165688895011,0.629744020055889,15.7116180496519,17.0050553325535
2022100,"Alimentos e bebidas",ABEV,2007,1,0.941637436927446,1.04527284654601,-0.0213972764711523,0.601127900050507,14.3698320788246,16.9732885792582
2022100,"Alimentos e bebidas",ABEV,2007,2,0.792420420230903,0.934607007709041,0.0578355484272313,0.622248896080658,15.0458980732664,16.8831370472991
2022100,"Alimentos e bebidas",ABEV,2007,3,0.737334282745191,0.870470336320795,0.10362042384398,0.635734955104617,15.4682827843516,16.8737389118867
2022100,"Alimentos e bebidas",ABEV,2007,4,0.74612666015556,0.811203826945375,0.146049026023473,0.629809404194911,15.8312816333712,16.8267697048123
2022100,"Alimentos e bebidas",ABEV,2008,1,0.718908376741019,1.01070197913496,0.00363533738098032,0.674754968674439,14.5172416258224,16.855714642149
2022100,"Alimentos e bebidas",ABEV,2008,2,0.636281564019757,0.910744111938209,0.0748940863890657,0.689776515518341,15.1976806055334,16.8721112579649
2022100,"Alimentos e bebidas",ABEV,2008,3,0.601115922558753,0.859069876259618,0.111606877235075,0.702899590565218,15.5778381969295,16.9203936570674
2022100,"Alimentos e bebidas",ABEV,2008,4,0.576979433696755,0.812115332775399,0.145005397327499,0.715692357295845,15.9144443330623,16.9518894737354
2022100,"Alimentos e bebidas",ABEV,2009,1,0.796751815492242,1.03752409779138,-0.0157559867737429,0.650505837746143,14.3959618177795,16.9372483779332
2022100,"Alimentos e bebidas",ABEV,2009,2,0.687187532400883,0.936690308423195,0.0562121529286026,0.668478983196589,15.0630850558809,16.9267655839914
2022100,"Alimentos e bebidas",ABEV,2009,3,0.640447208624708,0.870520207182795,0.103504718925398,0.682036874524479,15.4861315809368,16.8992258110159
2022100,"Alimentos e bebidas",ABEV,2009,4,0.625413284786832,0.815743523667264,0.142492148502962,0.687491438822287,15.873125636994,16.927996618124
2022100,"Alimentos e bebidas",ABEV,2010,1,0.703282820389569,1.02937868796092,-0.0105766820890316,0.688293435433753,14.5937931560016,17.1381678095453
2022100,"Alimentos e bebidas",ABEV,2010,2,0.59232462245682,0.930794032826574,0.0596925457326241,0.717804335252719,15.2672840115739,17.1577028827314
2022100,"Alimentos e bebidas",ABEV,2010,3,0.570664220525608,0.871140276612549,0.10216348621202,0.721496357209828,15.6859560485215,17.1851409528013
2022100,"Alimentos e bebidas",ABEV,2010,4,0.580170306233917,0.820256325303911,0.138418823373535,0.71277386299681,16.0366961616477,17.1995991714115
2022100,"Alimentos e bebidas",ABEV,2011,1,0.708814936150044,1.02252161978874,-0.00591408200392873,0.682652635857987,14.6916916390411,17.2110901949391
2022100,"Alimentos e bebidas",ABEV,2011,2,0.590105578542927,0.928994365205514,0.0606757311353219,0.718410892863911,15.3475601397471,17.2533513128163
2022100,"Alimentos e bebidas",ABEV,2011,3,0.55632676733086,0.87186730830578,0.101229710645328,0.730327119025471,15.7752887604965,17.317179438394
2022100,"Alimentos e bebidas",ABEV,2011,4,0.572436250925427,0.822509316441457,0.136362695303045,0.717080686546038,16.1234733412271,17.3423657984237
2022100,"Alimentos e bebidas",ABEV,2012,1,0.553365245811589,1.04096373730961,-0.0195826528070859,0.780445060585916,14.6844699474908,17.3739158493602
2022100,"Alimentos e bebidas",ABEV,2012,4,0.512706044918398,0.84099238283267,0.122650395310209,0.757636089187163,16.1192717001413,17.5098087665737
2022100,"Alimentos e bebidas",ABEV,2014,1,0.60160317646741,1.03021251553636,-0.0132311512929559,0.742275340322045,15.0555836060699,17.7932934411827
2022100,"Alimentos e bebidas",ABEV,2014,4,0.580162750111803,0.832193965372368,0.127588464999333,0.710615679396164,16.4819258349029,17.935641603875
2022100,"Alimentos e bebidas",ABEV,2015,1,0.805613401249579,1.04085498020845,-0.0216412457731119,0.644897763438967,15.1699411506654,18.0533960563499
2022100,"Alimentos e bebidas",ABEV,2015,2,0.637188873209048,0.943839450982939,0.0476007460474523,0.69225905155849,15.8120157301582,18.0436090779581
2022100,"Alimentos e bebidas",ABEV,2015,3,0.583754384474964,0.898083882799149,0.079785408772806,0.713707048105251,16.2219524450934,18.1891385360768
2022100,"Alimentos e bebidas",ABEV,2015,4,0.538176057365592,0.835556142605623,0.124496917164049,0.737311973625703,16.6166787377528,18.156059145723
2022100,"Alimentos e bebidas",ABEV,2016,1,0.543425317677584,1.04426975785045,-0.0243019242430582,0.786668930914986,15.1980536992986,18.1248257708154
2022100,"Alimentos e bebidas",ABEV,2017,1,0.501421446990582,1.03536624266796,-0.0180031080805048,0.814440850378547,15.2696432855199,18.1416787587081
2022100,"Alimentos e bebidas",ABEV,2019,1,0.544140002353694,1.00306671636548,0.00510965008090336,0.767992662406161,15.4698136200521,18.119361695714
2022100,"Alimentos e bebidas",BAUH,2013,1,0.550761072148012,0.845479484645392,0.145603777083025,0.802261175422704,10.1542556078047,9.19053937335068
2022100,"Alimentos e bebidas",JALL,2020,3,0.697979138803663,1.00051982320375,0.0189305895313441,0.694639281470006,12.7629022207201,14.3011150564567
2022100,"Alimentos e bebidas",JALL,2020,4,0.700376708157443,0.931414133462582,0.0685109721272834,0.674941573939964,13.1616663565967,14.2120082157406
2022100,"Alimentos e bebidas",JALL,2021,1,0.818777609329655,0.90381167563917,0.0878718861553835,0.618980153156008,13.4213935107561,14.3172224907244
2022100,"Alimentos e bebidas",JALL,2021,2,1.45514904527887,1.09568622999294,-0.0491747096280741,0.510886954162021,12.1746067041393,14.3689449196175
2022100,"Alimentos e bebidas",JALL,2021,3,1.25693829428149,0.994848021463976,0.0229044193355727,0.51607375732237,12.817289148009,14.3241612599015
2022100,"Alimentos e bebidas",JALL,2021,4,1.2138090800204,0.949157751734564,0.0550578222410292,0.514472552160872,13.2233115935697,14.4648163276509
2022100,"Alimentos e bebidas",JALL,2022,1,0.766360873793054,0.883915645205188,0.101271722903242,0.635686827439943,13.7346917226399,14.5697991726525
2022100,"Alimentos e bebidas",JALL,2022,2,0.971210233257827,1.08023489282917,-0.0392074235339726,0.616183429407441,12.5175519078498,14.7047606492967
2022100,"Alimentos e bebidas",JALL,2022,3,0.647675239449965,0.947061789338102,0.0558827536206807,0.70239659153865,13.3894470993842,14.6780378984294
2022100,"Alimentos e bebidas",JALL,2022,4,0.509038296848285,0.925192097286104,0.070236157188355,0.784031500822372,13.8190737661911,15.0751669807706
2022100,"Alimentos e bebidas",JALL,2023,3,0.597035350765573,1.03219977927303,-0.00631183325646845,0.758440561399453,13.1504416875591,15.1414329973364
2022100,"Alimentos e bebidas",JALL,2024,2,0.7017086280174,1.16272861073272,-0.0999210989224686,0.773797576458333,12.3882585306211,15.2971447816298
2022100,"Alimentos e bebidas",JALL,2024,3,0.746484699327787,1.05203063466538,-0.0209801092367201,0.685751490327031,13.1359655472189,15.3071133239592
2022100,"Alimentos e bebidas",JBSS,2004,4,0.511117741235904,0.470609459929438,0.402844745018867,0.9083062971965,14.9751446654772,12.4326323878136
2022100,"Alimentos e bebidas",JBSS,2005,4,0.506312109740657,0.489445502813814,0.38844403257984,0.897292880977149,15.0676545946752,12.7389491611739
2022100,"Alimentos e bebidas",MDIA,2009,1,0.518685604089161,0.994484428386304,0.0241871579420923,0.805815161091346,12.5875023790531,13.9986522383649
2022100,"Alimentos e bebidas",MDIA,2010,1,0.532062345278616,1.01821551696678,0.00680123257190157,0.804294776425305,12.532230386952,14.1437237848064
2022100,"Alimentos e bebidas",MDIA,2012,1,0.546204287150539,1.00032113187006,0.0185481965028704,0.783917723691468,12.8831697530071,14.4678344966074
2022100,"Alimentos e bebidas",ODER,2020,1,0.501006105285139,0.912444251035189,0.0902721554632062,0.818766968140156,11.4214754574549,11.594830520781
2022100,"Alimentos e bebidas",ODER,2020,2,0.50222624787718,0.791941738279487,0.176266224851481,0.808729196433792,12.2215048934786,11.5861949637033
2022100,"Alimentos e bebidas",ODER,2020,3,0.512928061270552,0.715423604331029,0.230898176019554,0.810261023544174,12.7235257301802,11.5723130226441
2022100,"Alimentos e bebidas",ODER,2020,4,0.508947399248861,0.662656231087629,0.268543378363385,0.827024740206484,13.0763769040581,11.5720678188878
2022100,"Alimentos e bebidas",SMTO,2006,3,0.591282428450189,1.17246784241711,-0.0998996293007834,0.869866156782821,10.7415833656562,13.0802825049964
2022100,"Alimentos e bebidas",SMTO,2006,4,0.542196061757838,1.13965959342327,-0.0791131113203669,0.872411653808061,11.5553842980191,13.9133398267435
2022100,"Alimentos e bebidas",SMTO,2010,2,0.844599121399132,1.28110454653313,-0.182191445938735,0.813196240329965,11.1017298341358,14.603896309401
2022100,"Alimentos e bebidas",SMTO,2010,3,0.678981179474871,1.17175001262282,-0.104030264737338,0.798790116888967,11.799919074736,14.5570529213655
2022100,"Alimentos e bebidas",SMTO,2010,4,0.612135003484525,1.09079864424765,-0.0468152028289777,0.782131306102799,12.4631167224795,14.7275230664778
2022100,"Alimentos e bebidas",SMTO,2011,2,0.564167343799137,1.09883124585204,-0.0525915130801029,0.819675921026036,12.4197750887073,14.7420987647865
2022100,"Alimentos e bebidas",SMTO,2011,3,0.533004260253721,0.98885471832337,0.0259039032775992,0.787269707842059,13.1469728154138,14.7300844757561
2022100,"Alimentos e bebidas",SMTO,2017,2,0.526812736299099,1.05455837549586,-0.0231604168462241,0.816865518124775,13.2046053575811,15.4270328130462
2022100,"Alimentos e bebidas",SMTO,2018,2,0.556712192758837,1.04655634361809,-0.0174921444366476,0.79045592579916,13.2673096827592,15.4398850831194
2022100,"Alimentos e bebidas",SMTO,2020,2,0.508046161899975,1.03028558375169,-0.00692700279594805,0.817214925942753,13.6127243083947,15.7714778058645
2022100,"Alimentos e bebidas",SMTO,2020,4,0.504166297525433,0.867159532176117,0.109540165515288,0.774136663217934,14.6830938996431,15.7420667474313
2022100,"Alimentos e bebidas",SMTO,2021,1,0.513665604082961,0.801153903257252,0.157229425720129,0.765774403567648,14.9883961719955,15.5510235911389
2022100,"Alimentos e bebidas",SMTO,2021,2,0.593362297046248,1.01877693475379,0.00107063792893292,0.750869454811379,13.7379791699113,15.8391243719456
2022100,"Alimentos e bebidas",SMTO,2021,3,0.615928061307443,0.915473271028272,0.0748530023274216,0.70674342701318,14.409779471511,15.8120353034509
2022100,"Alimentos e bebidas",SMTO,2021,4,0.654899998217223,0.85968344879809,0.114466024648176,0.677969381791764,14.8256047267119,15.8717185772575
2022100,"Alimentos e bebidas",SMTO,2022,1,0.633606157030152,0.835284713192347,0.13116255647883,0.686839507671517,15.1498638162298,16.0974334977035
2022100,"Alimentos e bebidas",SMTO,2022,2,0.600408440108827,1.0074123637152,0.00827475536957123,0.740413659817879,14.0190127594724,16.1264819881236
2022100,"Alimentos e bebidas",SMTO,2022,3,0.539185793264796,0.905689672639501,0.0808898118758616,0.751931768190236,14.6891849159654,16.1119369176338
2022100,"Alimentos e bebidas",SMTO,2022,4,0.501827929136391,0.842658337052018,0.125899941748494,0.772091843222462,15.1010420444474,16.0981476814985
2022100,"Alimentos e bebidas",SMTO,2023,2,0.603749220522706,1.04306865504405,-0.0172246404719028,0.753480096297931,13.7945489980971,16.1462256387557
2022100,"Alimentos e bebidas",SMTO,2023,3,0.507696993242268,0.921597472673238,0.0695051787531262,0.778030846515117,14.5909162749734,16.1233726222223
2022130,"Têxteis, vestuário, couro e calçados",ALPA,1989,3,1.07449701342772,1.05953045341003,-0.0866986622914337,0.970605002543495,-0.853650967703961,-1.17374484090941
2022130,"Têxteis, vestuário, couro e calçados",ALPA,1989,4,1.02753383916916,1.07041114928911,-0.0964435475193971,0.997349557614778,0.63419490141117,-0.124047447174073
2022130,"Têxteis, vestuário, couro e calçados",ALPA,1990,1,0.500194670437622,1.01221748414896,-0.0280462431981842,1.45493434590542,0.519239670782793,1.26498269347032
2022130,"Têxteis, vestuário, couro e calçados",ALPA,1990,2,0.83269498694875,1.04543627305269,-0.0648333737542106,1.13177299760118,1.671857061288,1.44273712266403
2022130,"Têxteis, vestuário, couro e calçados",ALPA,1990,3,0.993734804813859,1.05825239502008,-0.0783084134975081,1.03509103763984,2.4623595204391,1.82011630522274
2022130,"Têxteis, vestuário, couro e calçados",ALPA,1990,4,1.14084725224461,1.06593047209806,-0.0859071614578773,0.965544726291778,3.16434891302307,2.25015972384107
2022130,"Têxteis, vestuário, couro e calçados",ALPA,1991,1,0.807037139137485,1.00331088078637,-0.0146867965469512,1.15208778009478,1.89454623322676,2.72139483212199
2022130,"Têxteis, vestuário, couro e calçados",ALPA,1991,2,1.00682677166056,1.03418862925349,-0.048752556518953,1.03978152264639,3.0280152971695,2.94205839835745
2022130,"Têxteis, vestuário, couro e calçados",ALPA,1991,3,1.15486521982964,1.04260351920295,-0.0570561255159302,0.972603818104042,3.80911518922016,3.42385841459298
2022130,"Têxteis, vestuário, couro e calçados",ALPA,1991,4,1.07698771623155,1.02667178401098,-0.0364168568206117,1.01220750596789,4.69980277900961,4.62759559040324
2022130,"Têxteis, vestuário, couro e calçados",ALPA,1992,1,1.00620397395909,0.970362958369876,0.0280971964451616,1.01871940726822,3.785000819818,5.25407173682128
2022130,"Têxteis, vestuário, couro e calçados",ALPA,1992,3,0.868241545323585,1.01255756972259,-0.0165671595084655,1.12845509502037,6.24285892291522,6.36729022193401
2022130,"Têxteis, vestuário, couro e calçados",ALPA,1992,4,0.949619552598268,1.03077937436961,-0.0358671441392626,1.08303676887887,7.2986916435093,6.84303738751867
2022130,"Têxteis, vestuário, couro e calçados",ALPA,1993,1,1.46292441305907,0.984674622577466,0.0173679099761208,0.857394335487229,6.74815700198821,7.53323196422309
2022130,"Têxteis, vestuário, couro e calçados",ALPA,1993,2,1.33712467494199,1.00537399031266,-0.00406294287368225,0.907169546143654,8.18520529182938,8.28588598093002
2022130,"Têxteis, vestuário, couro e calçados",ALPA,1993,3,1.34811690137654,1.01595494433276,-0.0139923133984943,0.905644738139962,9.41384833676213,9.11180611839703
2022130,"Têxteis, vestuário, couro e calçados",ALPA,1993,4,1.36352424811913,1.02406507404217,-0.0210163284552032,0.900040979784437,10.6382360977485,9.99726120339331
2022130,"Têxteis, vestuário, couro e calçados",ALPA,1994,1,1.18480443258025,0.97094881112664,0.0407928688868215,0.935054597868109,10.2343979647757,10.9981779782435
2022130,"Têxteis, vestuário, couro e calçados",ALPA,1994,2,1.24270235730721,0.992247739946998,0.0193378216652136,0.923664034248628,12.0004775313855,12.0292787369007
2022130,"Têxteis, vestuário, couro e calçados",ALPA,1994,3,1.29517923996151,1.00786562832996,0.00214897509789469,0.911201766993369,12.593791667511,12.1587566501398
2022130,"Têxteis, vestuário, couro e calçados",ALPA,1994,4,1.33834678753036,1.01763035661431,-0.00861616469972504,0.89874733447301,12.9559766510263,12.2318773887423
2022130,"Têxteis, vestuário, couro e calçados",ALPA,1995,1,0.957089984648164,0.96234363599686,0.053580508958224,1.02462884467032,11.5055006107337,12.3538125319201
2022130,"Têxteis, vestuário, couro e calçados",ALPA,1995,2,0.913932287178561,0.985731309370919,0.0275665018433442,1.07002772456333,12.2620562495234,12.4298969654688
2022130,"Têxteis, vestuário, couro e calçados",ALPA,1995,3,0.960137883044689,0.997328957210231,0.0147777212097082,1.05104251189404,12.6908119008141,12.5154800277244
2022130,"Têxteis, vestuário, couro e calçados",ALPA,1995,4,0.969613723876686,1.00991111100152,0.000614262306935842,1.05197774036068,13.0167016257128,12.4839709178168
2022130,"Têxteis, vestuário, couro e calçados",ALPA,1996,1,0.768001363564209,0.954745538170904,0.0623497791400332,1.13343463116643,11.4128898573473,12.465876341847
2022130,"Têxteis, vestuário, couro e calçados",ALPA,1996,2,0.818841502916022,0.979043330457583,0.0352852234114231,1.12405887997199,12.1804693680854,12.5284756371344
2022130,"Têxteis, vestuário, couro e calçados",ALPA,1996,3,0.902351007070247,0.99360695688888,0.0190039972040969,1.08172801998491,12.6119937469909,12.5405039802128
2022130,"Têxteis, vestuário, couro e calçados",ALPA,1996,4,0.943018272085214,1.00783512236051,0.00293530562707822,1.06590373875343,12.9552942670465,12.4823498833909
2022130,"Têxteis, vestuário, couro e calçados",ALPA,1997,1,0.9313179523685,0.956592511001915,0.0602602631235636,1.03152934425746,11.4557087648552,12.4567688082243
2022130,"Têxteis, vestuário, couro e calçados",ALPA,1997,2,0.913390334696552,0.986784506703789,0.0263060556916893,1.07135482268942,12.2532572634044,12.395043055464
2022130,"Têxteis, vestuário, couro e calçados",ALPA,1997,3,0.975673648222707,1.00186051981044,0.00936576070370587,1.04591574382893,12.6584092596296,12.370387591175
2022130,"Têxteis, vestuário, couro e calçados",ALPA,1997,4,0.999797088712099,1.01580627044525,-0.00641470546638923,1.03896358445712,12.9800944018962,12.3001707497039
2022130,"Têxteis, vestuário, couro e calçados",ALPA,1998,1,1.08862138793505,0.963612730847839,0.0519551344797608,0.962496743544616,11.4435661774683,12.2659761038413
2022130,"Têxteis, vestuário, couro e calçados",ALPA,1998,2,1.15795667397541,0.989046190528979,0.0234688949505508,0.953686760897752,12.1715277338394,12.2640870896772
2022130,"Têxteis, vestuário, couro e calçados",ALPA,1998,3,1.18942983074581,1.00074198165559,0.0105097713176898,0.947025502304611,12.5739836280495,12.3236695234158
2022130,"Têxteis, vestuário, couro e calçados",ALPA,1998,4,1.23934795221807,1.01157032102283,-0.00161805558389527,0.931874979242313,12.8840295449877,12.3229679886374
2022130,"Têxteis, vestuário, couro e calçados",ALPA,1999,1,1.12174034645466,0.963259976965595,0.0524843043784844,0.947524300690997,11.4980639793265,12.3236832125369
2022130,"Têxteis, vestuário, couro e calçados",ALPA,1999,2,1.15081530586385,0.988211328897372,0.02457751467168,0.955703915117733,12.2312445788378,12.33881254926
2022130,"Têxteis, vestuário, couro e calçados",ALPA,1999,3,1.21245768409944,1.00161221447204,0.00966810215477593,0.938077162872505,12.6629766686727,12.3808309802126
2022130,"Têxteis, vestuário, couro e calçados",ALPA,1999,4,1.28471714904377,1.01250237377184,-0.00248809201771838,0.915156005980873,12.9944836886855,12.397708950049
2022130,"Têxteis, vestuário, couro e calçados",ALPA,2000,1,1.14959445122629,0.969065331678236,0.0461313365151561,0.941099157994494,11.7361092242761,12.3874416542109
2022130,"Têxteis, vestuário, couro e calçados",ALPA,2000,2,1.17881839134606,0.993025698044977,0.0193853399557874,0.946729709011992,12.4654286481735,12.4245250678848
2022130,"Têxteis, vestuário, couro e calçados",ALPA,2000,3,1.18734509853414,1.00537323848201,0.00565862974389919,0.949066314412207,12.8684204419375,12.4678797140236
2022130,"Têxteis, vestuário, couro e calçados",ALPA,2000,4,1.21162485765184,1.01630779583406,-0.00657094689327165,0.942961708906553,13.1898016171039,12.4745775418979
2022130,"Têxteis, vestuário, couro e calçados",ALPA,2001,1,1.10090531851931,0.966450665135271,0.0493112934914762,0.958621656976713,11.7824157451242,12.4958139347141
2022130,"Têxteis, vestuário, couro e calçados",ALPA,2001,2,1.09169958490504,0.990953649205907,0.0219475317456978,0.98192125445259,12.5224400873143,12.5285475749645
2022130,"Têxteis, vestuário, couro e calçados",ALPA,2001,3,1.10774197799603,1.00482756965672,0.00647242256343783,0.981843237156058,12.9504236424371,12.5550933416619
2022130,"Têxteis, vestuário, couro e calçados",ALPA,2001,4,1.11645819098992,1.01777460300736,-0.00810910726637482,0.982425630968088,13.2822307883416,12.5195153357834
2022130,"Têxteis, vestuário, couro e calçados",ALPA,2002,1,1.10186232271595,0.969605153896224,0.0457995257911769,0.961107541577042,11.882992312237,12.5047666691515
2022130,"Têxteis, vestuário, couro e calçados",ALPA,2002,2,1.08517018969486,0.99220599481322,0.020555480967924,0.985616136235635,12.5633985462006,12.5330208313066
2022130,"Têxteis, vestuário, couro e calçados",ALPA,2002,3,1.10769529261301,1.00658374595362,0.0045208514587517,0.982542328797943,13.0081082461187,12.5615878340625
2022130,"Têxteis, vestuário, couro e calçados",ALPA,2002,4,1.10330387109466,1.01981467439343,-0.0103036581426276,0.988483835206501,13.3841702547143,12.5582510287756
2022130,"Têxteis, vestuário, couro e calçados",ALPA,2003,1,1.05742897723422,0.973419056264447,0.0416704177157611,0.984198917502996,12.0608452045912,12.5658221172608
2022130,"Têxteis, vestuário, couro e calçados",ALPA,2003,2,1.05024788707335,0.993222467763635,0.0196899888853928,1.00178476468986,12.7240120103347,12.650388653868
2022130,"Têxteis, vestuário, couro e calçados",ALPA,2003,3,1.13913552188981,1.0077049674494,0.00349591570200791,0.968738927109233,13.151426305847,12.6608263392894
2022130,"Têxteis, vestuário, couro e calçados",ALPA,2003,4,1.1734374084858,1.01951413051162,-0.00974524969160928,0.957880615779467,13.4824217572828,12.6536906132047
2022130,"Têxteis, vestuário, couro e calçados",ALPA,2004,1,1.17963305346653,0.972658398790624,0.0427426001730807,0.930658024581899,12.1451722732293,12.6606217086153
2022130,"Têxteis, vestuário, couro e calçados",ALPA,2004,2,1.19075927544353,0.997539443692074,0.0149271032604118,0.942960137187044,12.8823853094323,12.6811540780714
2022130,"Têxteis, vestuário, couro e calçados",ALPA,2004,3,1.20138977707288,1.01201095139142,-0.00132163707990529,0.944732071977177,13.277216198901,12.6627774910251
2022130,"Têxteis, vestuário, couro e calçados",ALPA,2004,4,1.21680667283302,1.02380030781061,-0.0145380630869528,0.941358218815096,13.6088758531462,12.6567425835683
2022130,"Têxteis, vestuário, couro e calçados",ALPA,2005,1,1.3047924453139,0.976202553508835,0.0389007481044037,0.887366125675962,12.3081406063736,12.7153001378641
2022130,"Têxteis, vestuário, couro e calçados",ALPA,2005,2,1.3876825760145,1.0008783809444,0.0113090782767381,0.874709692033308,13.0365782869815,12.7332567228175
2022130,"Têxteis, vestuário, couro e calçados",ALPA,2005,3,1.4228502362417,1.01255044644176,-0.00162200253749045,0.86755482404474,13.4390630267296,12.7934730752976
2022130,"Têxteis, vestuário, couro e calçados",ALPA,2005,4,1.44251183565301,1.02213915255688,-0.0123186950195736,0.863532696228641,13.7342036542482,12.8112371476308
2022130,"Têxteis, vestuário, couro e calçados",ALPA,2006,1,1.5351029803996,0.974697149448605,0.0408416377318326,0.816477784636393,12.3878057904938,12.8250269375619
2022130,"Têxteis, vestuário, couro e calçados",ALPA,2006,2,1.5609696964305,0.996792877281591,0.016206068966511,0.822279624606086,13.0743429938278,12.8717034712771
2022130,"Têxteis, vestuário, couro e calçados",ALPA,2006,3,1.58114395364979,1.00886383707236,0.00283742708215762,0.821212031298395,13.4926833631301,12.9358535562231
2022130,"Têxteis, vestuário, couro e calçados",ALPA,2006,4,1.58743780715288,1.01920577585864,-0.00866970882240015,0.821889895083125,13.8253781160849,12.9678447071436
2022130,"Têxteis, vestuário, couro e calçados",ALPA,2007,1,1.26569583319887,0.964292178226691,0.0529309694551577,0.889241382712684,12.2997835112041,13.0131368797923
2022130,"Têxteis, vestuário, couro e calçados",ALPA,2007,2,1.37428917931043,0.991205019909332,0.0228357234253911,0.87257558151587,13.0931874883822,13.0317649475716
2022130,"Têxteis, vestuário, couro e calçados",ALPA,2007,3,1.34269259386645,1.00740876037593,0.00468625457401062,0.890121513702817,13.5565924458668,13.0302205727671
2022130,"Têxteis, vestuário, couro e calçados",ALPA,2007,4,1.33674221756042,1.00496174844553,0.00835381460310758,0.888822844702488,13.9330816200447,13.4291388261344
2022130,"Têxteis, vestuário, couro e calçados",ALPA,2008,1,1.28463314765106,0.955302383283182,0.0639863318128764,0.871500709055786,12.5177605329516,13.4382199672328
2022130,"Têxteis, vestuário, couro e calçados",ALPA,2008,2,1.21473639368363,0.99545497761807,0.018158666372473,0.930265057089809,13.2548294761548,13.0671670975316
2022130,"Têxteis, vestuário, couro e calçados",ALPA,2008,3,1.30075795255727,1.01181450909594,-0.000235981398445051,0.905751239597868,13.688637427321,13.0352000591995
2022130,"Têxteis, vestuário, couro e calçados",ALPA,2008,4,1.50230108495084,1.03529794467647,-0.0271987601621528,0.847323063095504,14.0425103093726,12.7492458637054
2022130,"Têxteis, vestuário, couro e calçados",ALPA,2009,1,1.35760534846275,0.986524369942726,0.0272896584519762,0.877060026802783,12.5793186124678,12.6928744265469
2022130,"Têxteis, vestuário, couro e calçados",ALPA,2009,2,1.29317390706794,1.01287109037649,-0.00233812649083376,0.91096176501878,13.2762490432042,12.6398658535689
2022130,"Têxteis, vestuário, couro e calçados",ALPA,2009,3,1.48448603698944,1.02704291126715,-0.0181915832856783,0.852659572066156,13.6912284149625,12.6471631636716
2022130,"Têxteis, vestuário, couro e calçados",ALPA,2009,4,1.51385296070716,1.03657746500491,-0.0287398744108603,0.844289471378161,14.0270946749044,12.7026821285136
2022130,"Têxteis, vestuário, couro e calçados",ALPA,2010,1,1.53948354065343,0.972001529582031,0.0444579518968216,0.812010342981568,12.5983397468401,13.0821246069425
2022130,"Têxteis, vestuário, couro e calçados",ALPA,2010,2,1.57966411263688,1.01287695538116,-0.00224363435157182,0.824010115245366,13.3251059637084,12.6833433197884
2022130,"Têxteis, vestuário, couro e calçados",ALPA,2010,3,1.61142569641956,1.01169691537013,8.18670241082842e-05,0.813313179265046,13.7749498005686,13.1152887769281
2022130,"Têxteis, vestuário, couro e calçados",ALPA,2010,4,1.58042666905488,1.02377372707426,-0.0134314337370581,0.823576434255494,14.1269218905949,13.1200239228132
2022130,"Têxteis, vestuário, couro e calçados",ALPA,2011,1,1.49846064482912,0.974888673999621,0.0413884977844751,0.824796213732339,12.7601007537048,13.1525661146053
2022130,"Têxteis, vestuário, couro e calçados",ALPA,2011,2,1.45792994136043,0.999037822805478,0.0144231962679172,0.850118609456484,13.491035348126,13.1862527565198
2022130,"Têxteis, vestuário, couro e calçados",ALPA,2011,3,1.50684135444443,1.01307340732393,-0.00117285536302514,0.840739079768232,13.9526135650237,13.2386536307933
2022130,"Têxteis, vestuário, couro e calçados",ALPA,2011,4,1.49235920378516,1.0246597951636,-0.0141358583722728,0.846934658544588,14.2910344120688,13.2438589773132
2022130,"Têxteis, vestuário, couro e calçados",ALPA,2012,1,1.38552252986578,0.975814952467299,0.0406750508425979,0.857639497478086,12.942715200424,13.2918921333105
2022130,"Têxteis, vestuário, couro e calçados",ALPA,2012,2,1.34730704934369,0.997905176558891,0.0161443326731924,0.882639623042432,13.6766397598221,13.3810252708545
2022130,"Têxteis, vestuário, couro e calçados",ALPA,2012,3,1.40542434913195,1.01346545760305,-0.0012555129044447,0.869738200175171,14.1355650370201,13.391974507335
2022130,"Têxteis, vestuário, couro e calçados",ALPA,2012,4,1.46740509962448,1.02128525142107,-0.00977547338731655,0.852178518694028,14.4742617291072,13.4939755122431
2022130,"Têxteis, vestuário, couro e calçados",ALPA,2013,1,1.40411448385389,0.961767060992932,0.0574979713290471,0.837698041627169,13.0652225675741,13.7613781055054
2022130,"Têxteis, vestuário, couro e calçados",ALPA,2013,2,1.39155254557237,0.985009409597528,0.0315876334962416,0.858850183182156,13.7891461606502,13.8120481932915
2022130,"Têxteis, vestuário, couro e calçados",ALPA,2013,3,1.401867217049,1.00031559377692,0.0144550775241953,0.863675975013284,14.2324607202852,13.81557079515
2022130,"Têxteis, vestuário, couro e calçados",ALPA,2013,4,1.42808970722561,1.01217959651989,0.00121241369860847,0.859735293566131,14.5938957204363,13.8342109888494
2022130,"Têxteis, vestuário, couro e calçados",ALPA,2014,1,1.2004506369551,0.963473631968364,0.0558145238173237,0.906952415352707,13.2238961405357,13.8593243366319
2022130,"Têxteis, vestuário, couro e calçados",ALPA,2014,2,1.13659829021015,0.983942268673525,0.0331662424859257,0.948391977246174,13.9433059423527,13.9770624687001
2022130,"Têxteis, vestuário, couro e calçados",ALPA,2014,3,1.17867464969131,0.9990563492703,0.0162412593388656,0.940165996815376,14.3774658773463,13.977334460887
2022130,"Têxteis, vestuário, couro e calçados",ALPA,2014,4,1.24832414639017,1.0037504801236,0.011377312667568,0.914429505617844,14.7014602774303,14.1463270595972
2022130,"Têxteis, vestuário, couro e calçados",ALPA,2015,1,1.26578893731884,0.950482906421634,0.0709995985804378,0.86843610193351,13.1580366797757,14.133505829097
2022130,"Têxteis, vestuário, couro e calçados",ALPA,2015,2,1.18892570889729,0.975768881637326,0.0426854584023748,0.920133183151633,13.8851071097329,14.1346015434477
2022130,"Têxteis, vestuário, couro e calçados",ALPA,2015,3,1.27541974295135,0.989271320374762,0.0277418673299842,0.8970114717314,14.3580780994344,14.2108419900459
2022130,"Têxteis, vestuário, couro e calçados",ALPA,2015,4,1.33698440900988,1.00187782128791,0.013462555851007,0.882867146685944,14.6419872960939,14.1412214022394
2022130,"Têxteis, vestuário, couro e calçados",ALPA,2016,1,1.29655189660789,0.95176561454875,0.069587816632111,0.859352495775801,13.2067419337781,14.1441184630649
2022130,"Têxteis, vestuário, couro e calçados",ALPA,2016,2,1.23249124865015,0.975805524849278,0.0426568030896023,0.903715692747831,13.8921233143822,14.139927531738
2022130,"Têxteis, vestuário, couro e calçados",ALPA,2016,3,1.32325235636303,0.990490475891881,0.0262156884803265,0.881825710773231,14.3155570191349,14.1416212176608
2022130,"Têxteis, vestuário, couro e calçados",ALPA,2016,4,1.40417050683374,1.00330036428158,0.011836757387176,0.862147010880805,14.6670421790394,14.1271305492723
2022130,"Têxteis, vestuário, couro e calçados",ALPA,2017,1,1.03650464141999,0.948318541605893,0.0733607509930887,0.957295453214884,13.0657351630779,14.1065625650525
2022130,"Têxteis, vestuário, couro e calçados",ALPA,2017,2,1.0827288400568,0.969728863891833,0.0494928023979989,0.958806088012404,13.7326282229542,14.1532664945757
2022130,"Têxteis, vestuário, couro e calçados",ALPA,2017,3,1.26808366062667,0.987221833877668,0.0298209828179008,0.899011668645408,14.1951744393798,14.1179083893015
2022130,"Têxteis, vestuário, couro e calçados",ALPA,2017,4,1.42693206696647,1.00569814290466,0.0088193497561313,0.857072647187904,14.5758065369531,13.9841973760694
2022130,"Têxteis, vestuário, couro e calçados",ALPA,2018,1,1.309863651149,0.954523829183866,0.0662090543506757,0.858628082325,13.1462234323928,14.0193757215847
2022130,"Têxteis, vestuário, couro e calçados",ALPA,2018,2,1.28088911291286,0.977719905622694,0.0401675172355926,0.888929905579318,13.7806449073842,13.9913091270903
2022130,"Têxteis, vestuário, couro e calçados",ALPA,2018,3,1.36495254680161,0.997141561118194,0.0182439990660533,0.873179074587099,14.2543054527661,13.9164376786335
2022130,"Têxteis, vestuário, couro e calçados",ALPA,2018,4,1.44805071045628,1.01371149886514,-0.000432299238275591,0.853998155130013,14.6719791040591,13.8646698244832
2022130,"Têxteis, vestuário, couro e calçados",ALPA,2019,1,1.30564081604826,0.96086381474188,0.0588936454156329,0.866804658299777,13.224377887243,13.926652128278
2022130,"Têxteis, vestuário, couro e calçados",ALPA,2019,2,1.35141309183161,0.985167765968982,0.0315692608971773,0.871167794971744,13.8702772196217,13.8804367027161
2022130,"Têxteis, vestuário, couro e calçados",ALPA,2019,3,1.45667448045596,1.00119696761544,0.0136285725918946,0.847201780764825,14.3350902020417,13.8846236174284
2022130,"Têxteis, vestuário, couro e calçados",ALPA,2019,4,1.58931002429351,1.01210311265194,0.00154711335456892,0.814290048743543,14.7116864378452,13.9413551777778
2022130,"Têxteis, vestuário, couro e calçados",ALPA,2020,1,1.24419175226577,0.957749522041487,0.0624749408397897,0.884631089301103,13.1801388068066,13.966976777278
2022130,"Têxteis, vestuário, couro e calçados",ALPA,2020,2,1.17614360675899,0.976455844279797,0.0415737334820733,0.926712335898806,13.7398538504311,13.9872856659621
2022130,"Têxteis, vestuário, couro e calçados",ALPA,2020,3,1.46071157399223,0.99151518312589,0.024640375257402,0.841041456233256,14.1388730410586,13.9575811975936
2022130,"Têxteis, vestuário, couro e calçados",ALPA,2020,4,1.67540778599177,1.00726990279981,0.00686921542269503,0.791959000589958,14.5293927202586,13.9024621739182
2022130,"Têxteis, vestuário, couro e calçados",ALPA,2021,1,1.33834227002988,0.959326576677516,0.0606593626619786,0.85458861154448,13.2015598427466,13.9456803985233
2022130,"Têxteis, vestuário, couro e calçados",ALPA,2021,2,1.28453918333956,0.975499055488161,0.0430776236070459,0.8847533584471,13.920720916149,14.173320103599
2022130,"Têxteis, vestuário, couro e calçados",ALPA,2021,3,1.42400358157881,0.990891751409981,0.0259042767308197,0.849881316641132,14.3935417285036,14.2009733672432
2022130,"Têxteis, vestuário, couro e calçados",ALPA,2021,4,1.36016602885496,0.964459608359838,0.0578794812422346,0.843375262511537,14.7790074668289,15.2227197754184
2022130,"Têxteis, vestuário, couro e calçados",ALPA,2022,1,1.08437342624955,0.919987946931746,0.107423485011769,0.890006313104183,13.3781732279386,15.1117605194918
2022130,"Têxteis, vestuário, couro e calçados",ALPA,2022,2,1.14551898214108,0.941344021852196,0.0837177222908493,0.894010184516051,14.0923790260745,15.202103869644
2022130,"Têxteis, vestuário, couro e calçados",ALPA,2022,3,1.28387389035154,0.955830125226482,0.06756933423808,0.859836962465342,14.5438511423661,15.2339321133851
2022130,"Têxteis, vestuário, couro e calçados",ALPA,2022,4,1.31499259226517,0.969435525737311,0.0522931608346688,0.862028087411186,14.9150969919987,15.216695753004
2022130,"Têxteis, vestuário, couro e calçados",ALPA,2023,1,0.911711789267362,0.918172682901173,0.109719308126335,0.966647583232691,13.4527664346165,15.2249008510729
2022130,"Têxteis, vestuário, couro e calçados",ALPA,2023,2,0.842349153032091,0.942629862831132,0.0822846202865108,1.04435313868741,14.1325929157255,15.2050536584611
2022130,"Têxteis, vestuário, couro e calçados",ALPA,2023,3,0.987937875012438,0.956132462316281,0.0672044375662301,0.980637723036107,14.5398483600804,15.2226079203492
2022130,"Têxteis, vestuário, couro e calçados",ALPA,2023,4,1.11861824472401,0.98948762631004,0.0286049647747798,0.954254792151494,14.8968108486823,14.6863700302078
2022130,"Têxteis, vestuário, couro e calçados",ALPA,2024,1,1.04984812876725,0.938770066935295,0.085398071568731,0.934719952115546,13.4393406556116,14.6849380071799
2022130,"Têxteis, vestuário, couro e calçados",ALPA,2024,2,1.08823768420535,0.961991085778599,0.0594405691427581,0.944707354957263,14.1284211981373,14.7050410147164
2022130,"Têxteis, vestuário, couro e calçados",CAMB,1993,4,1.10690359830958,1.04864146172234,-0.0544728455346062,1.00176028003624,8.48461337434716,7.44417089852096
2022130,"Têxteis, vestuário, couro e calçados",CAMB,1994,1,1.12885293944721,0.984761577888414,0.0194872790432672,0.975502091225249,7.81863341997857,8.48690723552054
2022130,"Têxteis, vestuário, couro e calçados",CAMB,1994,2,1.27939089495774,1.01617149413186,-0.0131480410742374,0.928744032250449,9.94365012248378,9.57935281778101
2022130,"Têxteis, vestuário, couro e calçados",CAMB,1994,3,1.33687994783157,1.0295758753485,-0.027401835869872,0.909720953357055,10.6932309015715,9.90511124862789
2022130,"Têxteis, vestuário, couro e calçados",CAMB,1994,4,1.50250447632665,1.04290906414016,-0.0420269836712404,0.857354696009618,11.2234483215421,10.0368094811621
2022130,"Têxteis, vestuário, couro e calçados",CAMB,1995,1,1.54695357542547,1.00504515094861,0.000542192940176156,0.8401620278849,10.2170037760192,10.1086518941574
2022130,"Têxteis, vestuário, couro e calçados",CAMB,1995,2,1.45873517869821,1.02776742628205,-0.024459141590243,0.86971733298745,11.0833450297616,10.2998278670515
2022130,"Têxteis, vestuário, couro e calçados",CAMB,1995,3,1.42617500921843,1.04007277948868,-0.0379379874814937,0.879167274926195,11.5817804853562,10.4294923058035
2022130,"Têxteis, vestuário, couro e calçados",CAMB,1995,4,1.38144323238514,1.04807534121766,-0.0466590339741623,0.89186387969819,11.9274522154355,10.5330369149587
2022130,"Têxteis, vestuário, couro e calçados",CAMB,1996,1,1.22165248036301,0.978421490444197,0.0313559628189654,0.928542169346503,9.93408991056931,10.5384639998278
2022130,"Têxteis, vestuário, couro e calçados",CAMB,1996,2,1.2749581285345,1.00524474333391,0.00134112808631665,0.924166390183844,10.7153274117906,10.5485241946787
2022130,"Têxteis, vestuário, couro e calçados",CAMB,1996,3,1.2569778762791,1.01799613516532,-0.0128651172333162,0.934540350942971,11.1167694214549,10.5801429811482
2022130,"Têxteis, vestuário, couro e calçados",CAMB,1996,4,1.16916911774156,1.03120751613249,-0.027756119158084,0.97087256874978,11.4496894461415,10.5387827047906
2022130,"Têxteis, vestuário, couro e calçados",CAMB,1997,1,1.11657182000902,0.980196350318475,0.0293373163949673,0.972692166342137,9.9700756216022,10.5251030970289
2022130,"Têxteis, vestuário, couro e calçados",CAMB,1997,2,1.21420759316121,1.00945853659135,-0.00341480807827499,0.94861902837049,10.8184174921523,10.5325682056186
2022130,"Têxteis, vestuário, couro e calçados",CAMB,1997,3,1.204809430263,1.02344981632142,-0.0190849330686546,0.955728256007811,11.2191335383821,10.5317566049652
2022130,"Têxteis, vestuário, couro e calçados",CAMB,1997,4,1.05934624021872,1.03361317656212,-0.0303909774298375,1.01991040373459,11.5472364354226,10.5642248774264
2022130,"Têxteis, vestuário, couro e calçados",CAMB,1998,1,1.15297831267585,0.977750825368648,0.0321704002562206,0.955172094811799,9.94537726228556,10.5657344747545
2022130,"Têxteis, vestuário, couro e calçados",CAMB,1998,2,1.13960726767522,1.00498598621097,0.0016584178469104,0.97735939494988,10.7211575912586,10.5603631120926
2022130,"Têxteis, vestuário, couro e calçados",CAMB,1998,3,1.03787085342939,1.02243033033957,-0.017878096607795,1.02945516303528,11.2212602858038,10.5597882753864
2022130,"Têxteis, vestuário, couro e calçados",CAMB,1998,4,0.910382731940635,1.03451647144533,-0.0314538553141582,1.10027565372065,11.5484427259178,10.5421478461952
2022130,"Têxteis, vestuário, couro e calçados",CAMB,1999,1,1.00852310230437,0.972178486660665,0.0386737810428366,1.01591417538045,9.9122039912693,10.6789478135218
2022130,"Têxteis, vestuário, couro e calçados",CAMB,1999,2,1.07882135816105,0.998475239380777,0.00923888208339468,1.00095910935475,10.6736696249774,10.6848481189876
2022130,"Têxteis, vestuário, couro e calçados",CAMB,1999,3,1.13545608824703,1.01271561766884,-0.00661124045705347,0.98133123962886,11.1292116240316,10.7266093355539
2022130,"Têxteis, vestuário, couro e calçados",CAMB,1999,4,1.03758361819458,1.02496904993866,-0.0203002131924649,1.02929069025987,11.4969095861515,10.7408599004479
2022130,"Têxteis, vestuário, couro e calçados",CAMB,2000,1,1.21971356741615,0.977035531357569,0.0334140062640135,0.92745845506281,10.1380692762291,10.7561379954747
2022130,"Têxteis, vestuário, couro e calçados",CAMB,2000,2,1.23033560602821,0.999977081165028,0.00789088653278858,0.937503348160743,10.8776237326991,10.8284763822399
2022130,"Têxteis, vestuário, couro e calçados",CAMB,2000,3,1.1725284098862,1.01491668654965,-0.00875297396128155,0.96579694163915,11.3480806910273,10.8656328909005
2022130,"Têxteis, vestuário, couro e calçados",CAMB,2000,4,1.10797276146434,1.02240669187147,-0.0170209736047804,0.9949900435001,11.6207714692406,10.9171460297922
2022130,"Têxteis, vestuário, couro e calçados",CAMB,2001,1,0.949890288692428,0.967996176779253,0.0439323339405723,1.04166481219941,10.0691534736074,10.926304528163
2022130,"Têxteis, vestuário, couro e calçados",CAMB,2001,2,0.998037126625615,0.995440351684155,0.0131683118216475,1.03803635763772,10.8422742627506,10.9132006036904
2022130,"Têxteis, vestuário, couro e calçados",CAMB,2001,3,1.0690918395331,1.00910700645386,-0.00212245417479584,1.00933468658807,11.24129612401,10.9191972769253
2022130,"Têxteis, vestuário, couro e calçados",CAMB,2001,4,1.00373028333976,1.02406351833492,-0.019079230778155,1.04601385811388,11.5706036533706,10.8298780993377
2022130,"Têxteis, vestuário, couro e calçados",CAMB,2002,1,0.927785931492442,0.972240923081772,0.0388797550097687,1.05877456673843,10.0469159149367,10.797641193501
2022130,"Têxteis, vestuário, couro e calçados",CAMB,2002,2,1.06339664354895,1.00288049335994,0.00450387076984349,1.01004209374282,10.8956342514732,10.7701359060895
2022130,"Têxteis, vestuário, couro e calçados",CAMB,2002,3,1.11545863044762,1.0187858896613,-0.0133584634780841,0.991607046293786,11.3278468099516,10.7483851036273
2022130,"Têxteis, vestuário, couro e calçados",CAMB,2002,4,1.11328817209802,1.02879670969742,-0.0245874659521619,0.99406411830914,11.6063891465,10.7405073143373
2022130,"Têxteis, vestuário, couro e calçados",CAMB,2003,1,0.954829331588456,0.978156152775242,0.0320832437340506,1.04934955960627,10.1337056632377,10.7235164585144
2022130,"Têxteis, vestuário, couro e calçados",CAMB,2003,2,1.02262299878082,1.00619021622203,0.000734870970134416,1.03156412983584,10.9604904000973,10.743212223939
2022130,"Têxteis, vestuário, couro e calçados",CAMB,2003,3,1.03031492990127,1.02054862872111,-0.0153282012766067,1.03213751879715,11.3805082433124,10.7502258278134
2022130,"Têxteis, vestuário, couro e calçados",CAMB,2003,4,1.0391807731937,1.02967493886083,-0.0255491391262725,1.02892151989401,11.6421106140969,10.7498938401619
2022130,"Têxteis, vestuário, couro e calçados",CAMB,2004,1,0.980113776806341,0.980079727622018,0.030045118138036,1.03714285724186,10.2448107943399,10.7734229856088
2022130,"Têxteis, vestuário, couro e calçados",CAMB,2004,2,1.07139814024434,1.00841677551603,-0.00175277532269275,1.00867915203842,11.0271905800603,10.7457000064926
2022130,"Têxteis, vestuário, couro e calçados",CAMB,2004,3,1.09196889671249,1.02258286750098,-0.0176146874113307,1.002957256236,11.4348410484922,10.7465996691937
2022130,"Têxteis, vestuário, couro e calçados",CAMB,2004,4,1.06619626692427,1.03154587596559,-0.0276719518489222,1.01593573879702,11.6825050718158,10.7380070659223
2022130,"Têxteis, vestuário, couro e calçados",CAMB,2005,1,1.13107893432714,0.981974071626875,0.0278237321161957,0.967042408318041,10.2510152432245,10.7304055407148
2022130,"Têxteis, vestuário, couro e calçados",CAMB,2005,2,1.20162172986539,1.00923084876021,-0.0026762370606187,0.952760003647219,11.0448662755954,10.7406166971195
2022130,"Têxteis, vestuário, couro e calçados",CAMB,2005,3,1.22204363581943,1.02422355095232,-0.0195592144320481,0.948482461248162,11.4302930309817,10.7004826822017
2022130,"Têxteis, vestuário, couro e calçados",CAMB,2005,4,1.19008258339874,1.03419544997007,-0.0307344063759963,0.961785357479444,11.7126440856257,10.6970036318873
2022130,"Têxteis, vestuário, couro e calçados",CAMB,2006,1,1.2489190521061,0.983679882148529,0.025866171694102,0.921547983672247,10.2771950631933,10.7100582096692
2022130,"Têxteis, vestuário, couro e calçados",CAMB,2006,2,1.14555679840581,1.00753510357314,-0.000735708198702834,0.975108015841079,11.0162004285094,10.7584860731556
2022130,"Têxteis, vestuário, couro e calçados",CAMB,2006,3,1.13015941575222,1.02106301664194,-0.0157915650425778,0.985403155881048,11.4495594469022,10.7987012002428
2022130,"Têxteis, vestuário, couro e calçados",CAMB,2006,4,1.10354381477223,1.0371483348471,-0.0341661744211412,0.998899924832845,11.737205707606,10.6432449634115
2022130,"Têxteis, vestuário, couro e calçados",CAMB,2007,1,0.991445379363402,0.986923185986869,0.0221253537717522,1.03690558203154,10.317887456214,10.6632595218538
2022130,"Têxteis, vestuário, couro e calçados",CAMB,2007,2,1.05493341974237,1.01316924849592,-0.0072250386742041,1.01841266870885,11.0912628767294,10.6810942646877
2022130,"Têxteis, vestuário, couro e calçados",CAMB,2007,3,1.07460725836125,1.02710566005088,-0.0227522705895685,1.01174822425775,11.5296440483508,10.7153229611644
2022130,"Têxteis, vestuário, couro e calçados",CAMB,2007,4,1.1471806420773,1.03738390636588,-0.0342469761922672,0.979415091117067,11.8321355834103,10.7219761529519
2022130,"Têxteis, vestuário, couro e calçados",CAMB,2008,1,1.19058464467981,0.988356450198345,0.0207170551584647,0.946846772573686,10.4538211389645,10.7479053837608
2022130,"Têxteis, vestuário, couro e calçados",CAMB,2008,2,1.18476899203344,1.01775133606522,-0.0121881955718929,0.961918497330617,11.3037937772626,10.753425223484
2022130,"Têxteis, vestuário, couro e calçados",CAMB,2008,3,1.1832082184439,1.03449668929787,-0.0309144574179143,0.964323235885243,11.7970721302284,10.7646737256359
2022130,"Têxteis, vestuário, couro e calçados",CAMB,2008,4,1.34429875211698,1.04556824543079,-0.0433419183569551,0.903805593148363,12.1009635399329,10.752242005149
2022130,"Têxteis, vestuário, couro e calçados",CAMB,2009,1,1.22199377406632,0.994268172609309,0.01391338698535,0.938362004100795,10.5351699123645,10.6690119193572
2022130,"Têxteis, vestuário, couro e calçados",CAMB,2009,2,1.3715001871007,1.02529722800199,-0.0210067655210478,0.895791754331097,11.3429881087444,10.5950003043949
2022130,"Têxteis, vestuário, couro e calçados",CAMB,2009,3,1.43609227842794,1.04052915221569,-0.0380609818571722,0.875565839141052,11.7818483851264,10.5964488715749
2022130,"Têxteis, vestuário, couro e calçados",CAMB,2009,4,1.4990898727055,1.04723662492761,-0.0453014659966567,0.855732165636069,12.1049165926074,10.7130062913089
2022130,"Têxteis, vestuário, couro e calçados",CAMB,2010,1,1.4177382480715,0.99808078959641,0.00987824726935776,0.872694346947519,10.7575643276449,10.7698745958626
2022130,"Têxteis, vestuário, couro e calçados",CAMB,2010,2,1.35994373972966,1.02637321873458,-0.0218085793074041,0.899115831429712,11.5681000822196,10.7684377905931
2022130,"Têxteis, vestuário, couro e calçados",CAMB,2010,3,1.34684239434708,1.0389740345673,-0.035804875124728,0.903478029681436,11.9851296487189,10.8178355342928
2022130,"Têxteis, vestuário, couro e calçados",CAMB,2010,4,1.30065737448848,1.04835869644341,-0.0463289633915411,0.91812847404173,12.2474835162288,10.8115522652968
2022130,"Têxteis, vestuário, couro e calçados",CAMB,2011,1,1.19588165238555,0.996290049576317,0.0120425702806704,0.949027445360524,10.7827388808225,10.8382568865523
2022130,"Têxteis, vestuário, couro e calçados",CAMB,2011,2,1.29826709266108,1.0217880189783,-0.01636558745686,0.919143232096229,11.584974798581,10.9010391279473
2022130,"Têxteis, vestuário, couro e calçados",CAMB,2011,3,1.27593510265531,1.03590747633455,-0.0320700679544629,0.927921051116143,12.0419732677817,10.9472005035526
2022130,"Têxteis, vestuário, couro e calçados",CAMB,2011,4,1.28803287708663,1.04483852204322,-0.0420397108059668,0.92268639691844,12.31368932289,10.9609049660615
2022130,"Têxteis, vestuário, couro e calçados",CAMB,2012,1,1.27570161382398,0.998010705989276,0.0102980258733828,0.919427874437839,10.9199810423746,10.9167044398224
2022130,"Têxteis, vestuário, couro e calçados",CAMB,2012,2,1.23139675511068,1.02390711206489,-0.0186741151685956,0.94398622405881,11.6769050728078,10.9288113363237
2022130,"Têxteis, vestuário, couro e calçados",CAMB,2012,3,1.192571785439,1.03812079850451,-0.0346005941261902,0.959787793145177,12.0804931452115,10.9248634063307
2022130,"Têxteis, vestuário, couro e calçados",CAMB,2012,4,1.09455440444916,1.04637164988394,-0.0438475505464935,1.00080749201211,12.3138781197893,10.9217747957049
2022130,"Têxteis, vestuário, couro e calçados",CAMB,2013,1,1.10602022958922,1.00164324247707,0.00619156005501098,0.989310282276429,11.0056852491073,10.9001227635924
2022130,"Têxteis, vestuário, couro e calçados",CAMB,2013,2,1.05777612814739,1.02583986110748,-0.0208927309039083,1.01886935568847,11.7062670162967,10.9054884196186
2022130,"Têxteis, vestuário, couro e calçados",CAMB,2013,3,1.04761317657791,1.04139174269817,-0.0383348606949944,1.02386612541149,12.1400478711319,10.8941997244135
2022130,"Têxteis, vestuário, couro e calçados",CAMB,2013,4,0.977311430874212,1.03508748226731,-0.0303481670823526,1.05870984575052,12.4056038113386,11.2929309258087
2022130,"Têxteis, vestuário, couro e calçados",CAMB,2014,1,1.03652117695987,0.982777694270728,0.0281681725570394,1.00857603314146,10.8736003198355,11.2657565367894
2022130,"Têxteis, vestuário, couro e calçados",CAMB,2014,2,1.08855648124488,1.00953678028419,-0.00185199955979315,0.999059036082341,11.6158049479101,11.2426063084907
2022130,"Têxteis, vestuário, couro e calçados",CAMB,2014,3,1.13392753874954,1.02542378036263,-0.0196974695818194,0.982716392151131,12.045689068661,11.2192478306035
2022130,"Têxteis, vestuário, couro e calçados",CAMB,2014,4,1.11989020154517,1.03445815265516,-0.0297519914913997,0.989236756472406,12.3352253317216,11.2462166420814
2022130,"Têxteis, vestuário, couro e calçados",CAMB,2015,1,1.38622557178615,0.981648380222624,0.0295069246335288,0.871252787143902,10.8768737237229,11.2976273675666
2022130,"Têxteis, vestuário, couro e calçados",CAMB,2015,2,1.27935088095582,1.00744341024699,0.000597327693550753,0.920650281181116,11.6063253977776,11.2878008301052
2022130,"Têxteis, vestuário, couro e calçados",CAMB,2015,3,1.21121706958721,1.01922710649821,-0.0125136743867428,0.949407978573786,11.9855597404051,11.3243938184628
2022130,"Têxteis, vestuário, couro e calçados",CAMB,2015,4,1.05014866250801,1.03322723309254,-0.0284202926028699,1.02165012414207,12.2773655302909,11.2261017649447
2022130,"Têxteis, vestuário, couro e calçados",CAMB,2016,1,1.08650926953368,0.984537105188592,0.0259346058680391,0.98687887249268,10.7972635842509,11.1524909710573
2022130,"Têxteis, vestuário, couro e calçados",CAMB,2016,2,1.17759529464848,1.00914505124568,-0.00159383085581283,0.960736925830084,11.5175934768301,11.1649475454663
2022130,"Têxteis, vestuário, couro e calçados",CAMB,2016,3,1.25614178109462,1.02332615417877,-0.0174363436841607,0.933570819281408,11.9431197332936,11.1814249886609
2022130,"Têxteis, vestuário, couro e calçados",CAMB,2016,4,1.15596733474611,1.03324446559366,-0.028582323044288,0.974027238508717,12.2090947812741,11.1646962566166
2022130,"Têxteis, vestuário, couro e calçados",CAMB,2017,1,1.41855234885637,0.983950967384969,0.0266166116132689,0.863277358616646,10.7927790167955,11.1635108896534
2022130,"Têxteis, vestuário, couro e calçados",CAMB,2017,2,1.2954093868949,1.00996967972207,-0.00258074921568496,0.916385711224567,11.5106949333832,11.1376495949003
2022130,"Têxteis, vestuário, couro e calçados",CAMB,2017,3,1.30514483112165,1.0249522101235,-0.0194208963427505,0.916365746404281,11.9109764697461,11.1110412000338
2022130,"Têxteis, vestuário, couro e calçados",CAMB,2017,4,1.253351115516,1.03242379875061,-0.0276688334607855,0.935421617482859,12.1828680487824,11.162312753654
2022130,"Têxteis, vestuário, couro e calçados",CAMB,2018,1,1.51021997172987,0.983471025398589,0.0270471394944468,0.836534923013121,10.7274813537873,11.117504364664
2022130,"Têxteis, vestuário, couro e calçados",CAMB,2018,2,1.48664444435547,1.01206428287836,-0.0051661011464571,0.856394444901016,11.4553414440195,11.0345294523846
2022130,"Têxteis, vestuário, couro e calçados",CAMB,2018,3,1.49902427604093,1.0240746377,-0.0184635841603659,0.8549922608287,11.8735271493625,11.1000949178391
2022130,"Têxteis, vestuário, couro e calçados",CAMB,2018,4,1.46942666119452,1.03549617050181,-0.0313712348324646,0.864316539386322,12.1449402449722,11.0496900371282
2022130,"Têxteis, vestuário, couro e calçados",CAMB,2019,1,1.39677543361307,0.987907391463904,0.021806601966864,0.873027190505733,10.7235732084058,11.0002968599766
2022130,"Têxteis, vestuário, couro e calçados",CAMB,2019,2,1.41339140773315,1.01368584112318,-0.00720360700075973,0.879091575940498,11.3951307613208,10.9391975673503
2022130,"Têxteis, vestuário, couro e calçados",CAMB,2019,3,1.40995440472891,1.01413592898875,-0.00683912354701682,0.87887255010399,11.8264836462336,11.3128459756335
2022130,"Têxteis, vestuário, couro e calçados",CAMB,2019,4,1.37081683238086,1.02626510023498,-0.0205613235932874,0.89373594606958,12.1075647773154,11.2529354285814
2022130,"Têxteis, vestuário, couro e calçados",CAMB,2020,1,1.3055427062449,0.97818386886481,0.0332480910447993,0.895528064604976,10.7106528438644,11.238003005851
2022130,"Têxteis, vestuário, couro e calçados",CAMB,2020,2,0.963751779528243,0.988926647469752,0.0212038459895222,1.05069468550032,11.0123486276801,11.2320382301674
2022130,"Têxteis, vestuário, couro e calçados",CAMB,2020,3,1.10081674869165,1.00329249411534,0.00511173437930001,0.991026713445677,11.4226002295392,11.2301403055779
2022130,"Têxteis, vestuário, couro e calçados",CAMB,2020,4,1.19023767581376,1.01585816703557,-0.00888263214446589,0.957226900236726,11.820590088972,11.263436966935
2022130,"Têxteis, vestuário, couro e calçados",CAMB,2021,1,1.03581249991442,0.96472222924084,0.048492076132652,0.992634237459668,10.4055883733598,11.3106523747813
2022130,"Têxteis, vestuário, couro e calçados",CAMB,2021,2,1.27391698364437,0.987198578427717,0.0233125785379196,0.912506733002436,11.0463523299648,11.3066982443085
2022130,"Têxteis, vestuário, couro e calçados",CAMB,2021,3,1.60033853231579,1.00668139575219,0.00154131925943651,0.822766887181088,11.6281217837351,11.3267971312265
2022130,"Têxteis, vestuário, couro e calçados",CAMB,2021,4,1.65820415358383,1.01405542357275,-0.00629136558982207,0.809664553640087,12.0446360641999,11.5097133189485
2022130,"Têxteis, vestuário, couro e calçados",CAMB,2022,1,1.52015758642515,0.973695482002533,0.0390101355205155,0.825519532073005,10.9362520094268,11.55450757437
2022130,"Têxteis, vestuário, couro e calçados",CAMB,2022,2,1.66470944558848,1.00002613884958,0.0096923455513982,0.803158135761291,11.7734034946919,11.6271240700016
2022130,"Têxteis, vestuário, couro e calçados",CAMB,2022,3,1.80353640656006,1.0170018030853,-0.0092269454699988,0.776388424692864,12.3045538255766,11.6662875670947
2022130,"Têxteis, vestuário, couro e calçados",CAMB,2022,4,1.76830952571529,1.02532390453403,-0.0183874604164886,0.785031814139321,12.6200707316765,11.7347140170875
2022130,"Têxteis, vestuário, couro e calçados",CAMB,2023,1,1.96319090133273,0.978044407576436,0.0345430354885847,0.728525770908988,11.2552830714827,11.7279167252764
2022130,"Têxteis, vestuário, couro e calçados",CAMB,2023,2,1.98428711526749,1.00174544911259,0.00812439183615304,0.735700358765898,11.9949582924292,11.7808948528809
2022130,"Têxteis, vestuário, couro e calçados",CAMB,2023,3,2.02993931086895,1.01599137272097,-0.0078355762742649,0.73121769272209,12.4007300918214,11.7780705900275
2022130,"Têxteis, vestuário, couro e calçados",CAMB,2023,4,1.96021073072538,1.02695589475257,-0.0202205928345249,0.745760912721429,12.6642504710349,11.7323323291568
2022130,"Têxteis, vestuário, couro e calçados",CAMB,2024,1,1.97838732631115,0.978283946894413,0.0343103953576622,0.725810297762097,11.2793151421153,11.7432365369283
2022130,"Têxteis, vestuário, couro e calçados",CAMB,2024,2,1.97426809935021,1.00214365821251,0.00767029673714054,0.737716187989961,12.0024588399206,11.7773853044934
2022130,"Têxteis, vestuário, couro e calçados",CAMB,2024,3,1.9386271135243,1.01754484649799,-0.00955565089522165,0.748500372302872,12.4547633530864,11.7865004263964
2022130,"Têxteis, vestuário, couro e calçados",CATA,1998,3,1.11717296853057,0.97857577281172,0.0321736126891154,0.969524973660527,10.415683457438,10.9645582536635
2022130,"Têxteis, vestuário, couro e calçados",CATA,1998,4,1.06680792241086,0.987969461648898,0.0217719217456611,0.998939784022973,10.7421350697827,11.0152810116264
2022130,"Têxteis, vestuário, couro e calçados",CATA,1999,1,1.15984867202595,0.937273496623878,0.0787219144990921,0.90780416096862,9.37251964309658,11.0917472018648
2022130,"Têxteis, vestuário, couro e calçados",CATA,1999,2,1.22412840012532,0.967171836405659,0.0452038961311028,0.91628502167852,10.2133509353114,11.0761990210574
2022130,"Têxteis, vestuário, couro e calçados",CATA,1999,3,1.27771751299791,0.984212351948428,0.0260909503498009,0.910174781590581,10.6880529629427,11.0632934930923
2022130,"Têxteis, vestuário, couro e calçados",CATA,1999,4,1.24680395764754,0.996460509196877,0.0123752138450761,0.928680225757509,11.0398593061645,11.0634885210148
2022130,"Têxteis, vestuário, couro e calçados",CATA,2000,1,1.07095996014513,0.945734464988227,0.0692634898256959,0.95571745313338,9.62341823539085,11.0989117991387
2022130,"Têxteis, vestuário, couro e calçados",CATA,2000,2,1.12597960125932,0.971356771790273,0.0406459228825012,0.958994242760323,10.3954173841906,11.1315063399936
2022130,"Têxteis, vestuário, couro e calçados",CATA,2000,3,1.15838298448212,0.988183066101622,0.0217734894060313,0.958362414109593,10.8642664377103,11.1188654229855
2022130,"Têxteis, vestuário, couro e calçados",CATA,2000,4,1.18540306192836,0.996906996350644,0.0120979048470253,0.95227297407831,11.1599645124762,11.1592941325433
2022130,"Têxteis, vestuário, couro e calçados",CATA,2001,1,0.991870702619696,0.947027580980803,0.0679735740308521,0.994467984948192,9.73674999713593,11.1669672331042
2022130,"Têxteis, vestuário, couro e calçados",CATA,2001,2,1.05163460775831,0.970679205357072,0.0416330117427491,0.991264801121582,10.4859628914522,11.2297289378017
2022130,"Têxteis, vestuário, couro e calçados",CATA,2001,3,1.17164739136966,0.98845216029588,0.0216604696459789,0.95276150764043,10.9627229209846,11.1998864812739
2022130,"Têxteis, vestuário, couro e calçados",CATA,2001,4,1.21386403634789,1.00063082646342,0.0079243953501677,0.942866822338159,11.2652441571217,11.1578526159917
2022130,"Têxteis, vestuário, couro e calçados",CATA,2002,1,0.841331514715225,0.950599537000302,0.063951962953815,1.08469913342668,9.82891183485267,11.1577048957728
2022130,"Têxteis, vestuário, couro e calçados",CATA,2002,2,0.950170200398365,0.980393456012674,0.0305214905579993,1.05209267550211,10.6525860331116,11.12951255477
2022130,"Têxteis, vestuário, couro e calçados",CATA,2002,3,1.11622341931719,0.997776988571399,0.0110537712768923,0.98192626473591,11.1512778895386,11.1292366675162
2022130,"Têxteis, vestuário, couro e calçados",CATA,2002,4,1.10625734722166,1.00987889414999,-0.0025360938201453,0.991711630417492,11.4806219974706,11.1131224528996
2022130,"Têxteis, vestuário, couro e calçados",CATA,2003,1,1.02683272075257,0.961933608260567,0.0513540620925309,0.994557168016156,10.1998575296133,11.1984216285865
2022130,"Têxteis, vestuário, couro e calçados",CATA,2003,2,1.01652038229177,0.985388091547572,0.0251856210139532,1.0205251479531,10.9199735275668,11.240253983648
2022130,"Têxteis, vestuário, couro e calçados",CATA,2003,3,1.02637529533821,1.00431285584548,0.00392897938067055,1.02687884466193,11.4325730321368,11.2128907321197
2022130,"Têxteis, vestuário, couro e calçados",CATA,2003,4,1.04145363278448,1.0155974016773,-0.00877404510774843,1.0236043496074,11.7247306965883,11.1845215414559
2022130,"Têxteis, vestuário, couro e calçados",CATA,2004,1,1.27276239336651,0.968081551633837,0.0443645726021856,0.899114783154027,10.3259090766152,11.1533913699804
2022130,"Têxteis, vestuário, couro e calçados",CATA,2004,2,1.34914415991954,0.996412145783294,0.012544971199634,0.892550980119064,11.0941632473022,11.1132200580915
2022130,"Têxteis, vestuário, couro e calçados",CATA,2004,3,1.39800152955936,1.01337838599718,-0.00653913082673657,0.883331756622186,11.5405562223486,11.0769392763808
2022130,"Têxteis, vestuário, couro e calçados",CATA,2004,4,1.28727515513296,1.02520683691716,-0.0198759284000301,0.923018792640464,11.836438075806,11.0379537251551
2022130,"Têxteis, vestuário, couro e calçados",CATA,2005,1,1.09449049911354,0.971656157711422,0.0399999608267269,0.973508115520343,10.2543264720142,10.9978420950203
2022130,"Têxteis, vestuário, couro e calçados",CATA,2005,2,1.24198431933853,1.00094124788334,0.00711359166618053,0.933053586833476,11.0510068149004,10.9585878699593
2022130,"Têxteis, vestuário, couro e calçados",CATA,2005,3,1.33248270478803,1.01740880460056,-0.0114122689029507,0.906357830181147,11.4829822944186,10.9222154703003
2022130,"Têxteis, vestuário, couro e calçados",CATA,2005,4,1.32196817394315,1.02930945225079,-0.0248224272732766,0.911748129860693,11.7845447386413,10.8864518976157
2022130,"Têxteis, vestuário, couro e calçados",CATA,2006,1,1.21621009252032,0.976314551413008,0.0344546394870183,0.927862697683436,10.2297425061077,10.8564804378838
2022130,"Têxteis, vestuário, couro e calçados",CATA,2006,2,1.3791352018945,1.00278631218119,0.00480125061331144,0.886593750429154,10.9853889809668,10.8526984122271
2022130,"Têxteis, vestuário, couro e calçados",CATA,2006,3,1.43946545223135,1.01898334760625,-0.0133253234161694,0.872567697359247,11.4560141713465,10.8577733654371
2022130,"Têxteis, vestuário, couro e calçados",CATA,2006,4,1.41010109994028,1.01975361315887,-0.0136530409790143,0.880918939494095,11.7358136884911,11.0878819046058
2022130,"Têxteis, vestuário, couro e calçados",CATA,2007,1,1.20497813281836,0.965793457026584,0.0468126833683474,0.922157732911067,10.2051954305185,11.1042484768936
2022130,"Têxteis, vestuário, couro e calçados",CATA,2007,2,1.1758188282601,0.995163412567558,0.0139166867926768,0.955450381647421,11.0454604017176,11.101738693772
2022130,"Têxteis, vestuário, couro e calçados",CATA,2007,3,1.32623062466683,1.0076256838426,0.000145664924713851,0.904720514129508,11.4922971162639,11.181304672022
2022130,"Têxteis, vestuário, couro e calçados",CATA,2007,4,1.36655980407704,1.01750523756971,-0.0109075888687946,0.894017608778107,11.7809221100676,11.1857951588177
2022130,"Têxteis, vestuário, couro e calçados",CATA,2008,1,1.09396862219651,0.964255000339396,0.0487912527178656,0.96583850935674,10.284232446373,11.2142615806863
2022130,"Têxteis, vestuário, couro e calçados",CATA,2008,2,1.32095131088333,0.990502301562339,0.0194725772059161,0.898328263227152,11.0735922685748,11.2463381757326
2022130,"Têxteis, vestuário, couro e calçados",CATA,2008,3,1.42893238435101,1.00813043031864,-0.000266283371562315,0.871518492416733,11.5806406333421,11.2472546571485
2022130,"Têxteis, vestuário, couro e calçados",CATA,2008,4,1.30630814824995,1.01861803411978,-0.012051332888628,0.914462599153661,11.8622136383714,11.2298617387211
2022130,"Têxteis, vestuário, couro e calçados",CATA,2009,1,1.19034039007229,0.969355231232897,0.0431355638759909,0.930521357663189,10.4575402304585,11.238285841342
2022130,"Têxteis, vestuário, couro e calçados",CATA,2009,2,1.15868513757749,0.996766723260598,0.012366668181011,0.962914616176742,11.209741699594,11.2073393367861
2022130,"Têxteis, vestuário, couro e calçados",CATA,2009,3,1.23522123649399,1.01340127363018,-0.00627079586599216,0.939230945796662,11.6828395750895,11.2034074780943
2022130,"Têxteis, vestuário, couro e calçados",CATA,2009,4,1.18100540041742,1.02509811292928,-0.019380010847713,0.962976813685754,12.0135803213887,11.1989235097018
2022130,"Têxteis, vestuário, couro e calçados",CATA,2010,1,0.988926388924946,0.97710915816973,0.0343309308337257,1.02826021482194,10.6216604431302,11.186083514528
2022130,"Têxteis, vestuário, couro e calçados",CATA,2010,2,1.14227508738598,1.00434520182493,0.00380067305511456,0.973571877621042,11.3891377357343,11.1732751534947
2022130,"Têxteis, vestuário, couro e calçados",CATA,2010,3,1.24744514423526,1.01997420444656,-0.0136948176645836,0.93627980429934,11.8410328103787,11.1761850798204
2022130,"Têxteis, vestuário, couro e calçados",CATA,2010,4,1.20960602268311,1.01337290456197,-0.005350414911099,0.94745138185125,12.1101390036137,11.5857005841986
2022130,"Têxteis, vestuário, couro e calçados",CATA,2011,1,0.999021461237531,0.963564374318098,0.0504594793708952,1.00818154812812,10.6955145077185,11.599227318641
2022130,"Têxteis, vestuário, couro e calçados",CATA,2011,2,1.15108005066921,0.986882661772825,0.0245914849143765,0.957950480756184,11.4829888256653,11.704699803943
2022130,"Têxteis, vestuário, couro e calçados",CATA,2011,3,1.25854948847604,1.00227951332943,0.00737458083897918,0.924312676369694,11.9371860757477,11.7156162483166
2022130,"Têxteis, vestuário, couro e calçados",CATA,2011,4,1.2329354118965,1.01238954853833,-0.00399471422874703,0.937659212305736,12.2045153630951,11.6951823446727
2022130,"Têxteis, vestuário, couro e calçados",CATA,2012,1,1.02293264710417,0.958475107399938,0.0563424478619719,0.990487062279469,10.6379351595495,11.6782641337639
2022130,"Têxteis, vestuário, couro e calçados",CATA,2012,2,1.10680719960787,0.987857398409495,0.0233878135926781,0.977809058526481,11.4569591274308,11.6564705587172
2022130,"Têxteis, vestuário, couro e calçados",CATA,2012,3,1.11255250316397,1.00354433464293,0.00583466127717747,0.983917126345965,11.9139936186265,11.6624848181987
2022130,"Têxteis, vestuário, couro e calçados",CATA,2012,4,1.09654642038467,1.01217963631446,-0.00383121624266103,0.994348318002983,12.164007064535,11.6643903091679
2022130,"Têxteis, vestuário, couro e calçados",CATA,2013,1,1.00927262005046,0.959507300485783,0.0551159883576672,0.998459093928342,10.6335749929431,11.6479123632074
2022130,"Têxteis, vestuário, couro e calçados",CATA,2013,2,1.1512889526368,0.984763173872743,0.0268142726663385,0.956726649499022,11.3495265584062,11.6398508580725
2022130,"Têxteis, vestuário, couro e calçados",CATA,2013,3,1.22019935152104,1.00210725160138,0.00737568693524082,0.939030837140558,11.8398349733892,11.633100150351
2022130,"Têxteis, vestuário, couro e calçados",CATA,2013,4,1.20130609915411,1.01044451463692,-0.00191558524207308,0.949511262971913,12.1009711313286,11.6525775413103
2022130,"Têxteis, vestuário, couro e calçados",CATA,2014,1,1.11902450976558,0.962814195295838,0.0513990928835278,0.951644750540072,10.7219268936828,11.6420421936649
2022130,"Têxteis, vestuário, couro e calçados",CATA,2014,2,1.1676395714976,0.988511858018309,0.0225543342078683,0.952618842384499,11.4272893738776,11.6132005311217
2022130,"Têxteis, vestuário, couro e calçados",CATA,2014,3,1.21987581655181,1.00343831764776,0.00582939215033601,0.939838379823037,11.8512132068497,11.6091412827425
2022130,"Têxteis, vestuário, couro e calçados",CATA,2014,4,1.17433487143757,1.00936887585817,-0.000623892689158467,0.959811959460723,12.112072088845,11.6900622875619
2022130,"Têxteis, vestuário, couro e calçados",CATA,2015,1,0.89107646786632,0.959620072576919,0.0550736827554766,1.06256131064405,10.6772733713984,11.6840430459765
2022130,"Têxteis, vestuário, couro e calçados",CATA,2015,2,0.967483188650842,0.984830703890842,0.0268251734869419,1.04351920511965,11.3931508067872,11.6770750376964
2022130,"Têxteis, vestuário, couro e calçados",CATA,2015,3,1.05385061309276,1.00022250688089,0.00957097699055509,1.00933027270804,11.8265126405023,11.6695154735003
2022130,"Têxteis, vestuário, couro e calçados",CATA,2015,4,1.05191092292533,1.01080965447617,-0.00234490898368195,1.01486993052707,12.101615089304,11.6437929249749
2022130,"Têxteis, vestuário, couro e calçados",CATA,2016,1,0.942540062081408,0.960615452229712,0.0538445716758279,1.03451995679191,10.6507172975381,11.6348146189725
2022130,"Têxteis, vestuário, couro e calçados",CATA,2016,2,1.02401106868386,0.988945297567397,0.0220686576088774,1.01752982813706,11.4395935807823,11.6130774461319
2022130,"Têxteis, vestuário, couro e calçados",CATA,2016,3,1.09727873718941,1.00553772427988,0.00347640916200009,0.991857720176231,11.9105394938539,11.6083037060947
2022130,"Têxteis, vestuário, couro e calçados",CATA,2016,4,1.09763003885603,1.01436509887103,-0.00639342246288016,0.994755118487528,12.1714335614271,11.615001857695
2022130,"Têxteis, vestuário, couro e calçados",CATA,2017,1,0.979897259660598,0.964703662230836,0.0491054720830779,1.01933611878954,10.6905589071562,11.5655986746366
2022130,"Têxteis, vestuário, couro e calçados",CATA,2017,2,0.94757809617818,0.991914350007701,0.0186085780744059,1.06008703726918,11.4597022102489,11.5549279611441
2022130,"Têxteis, vestuário, couro e calçados",CATA,2017,3,0.950466503834524,1.00759138693861,0.00102345679503402,1.0669297354259,11.8957096853619,11.5424194583156
2022130,"Têxteis, vestuário, couro e calçados",CATA,2017,4,0.886567130108038,1.01812515309849,-0.0108018702433469,1.108378963422,12.1841086165674,11.5299386101783
2022130,"Têxteis, vestuário, couro e calçados",CATA,2018,1,0.756316499287976,0.967498545298325,0.045862672339984,1.16379132229548,10.7163802436161,11.5170149645563
2022130,"Têxteis, vestuário, couro e calçados",CATA,2018,2,0.828608575041216,0.992016799046231,0.018383286553032,1.13396587308344,11.4093760995226,11.5073621303827
2022130,"Têxteis, vestuário, couro e calçados",CATA,2018,3,0.922280094115304,1.00920534716306,-0.000883676330781791,1.08398716728819,11.8939923387378,11.4995151759422
2022130,"Têxteis, vestuário, couro e calçados",CATA,2018,4,0.941312468703384,1.01874980343228,-0.011596408861295,1.0760252115215,12.1562612031837,11.4890599821587
2022130,"Têxteis, vestuário, couro e calçados",CATA,2019,1,0.885019895040233,0.965506607704803,0.0479917623278342,1.07393078598363,10.6102541291452,11.4733069005166
2022130,"Têxteis, vestuário, couro e calçados",CATA,2019,2,0.954249838982302,0.995280147627341,0.0146160142102695,1.05897305539849,11.4487133187266,11.4588395037688
2022130,"Têxteis, vestuário, couro e calçados",CATA,2019,3,0.979991289863379,1.01055684214645,-0.00252167432930583,1.05235125113803,11.8727982582341,11.4459465263014
2022130,"Têxteis, vestuário, couro e calçados",CATA,2019,4,0.906991995216517,1.02134532250343,-0.0146133249742292,1.09701387191506,12.1776240900715,11.4416053163306
2022130,"Têxteis, vestuário, couro e calçados",CATA,2020,1,0.783770451725359,0.964529813413272,0.048985001979385,1.14028427391459,10.5337332052203,11.4300141768261
2022130,"Têxteis, vestuário, couro e calçados",CATA,2020,2,0.771604837767267,0.983725032684441,0.0274529257592543,1.1690040539354,11.067314493245,11.4144544566164
2022130,"Têxteis, vestuário, couro e calçados",CATA,2020,3,0.915531417559881,1.00023698455076,0.00892729421224303,1.08429278941253,11.5246268924515,11.399569203251
2022130,"Têxteis, vestuário, couro e calçados",CATA,2020,4,1.02186018517445,1.01132931881882,-0.00347246373405802,1.03101139129678,11.853671727061,11.4090661499467
2022130,"Têxteis, vestuário, couro e calçados",CATA,2021,1,1.12778551584295,0.969439423652165,0.0434058856777378,0.955381964600385,10.6356159168433,11.3951441231249
2022130,"Têxteis, vestuário, couro e calçados",CATA,2021,2,1.19989991080548,0.996588398372651,0.0129983485944964,0.945352507220264,11.4127423367043,11.3931839945192
2022130,"Têxteis, vestuário, couro e calçados",CATA,2021,3,1.21177006603628,0.996318520405716,0.0143448567435506,0.938523398514152,11.9081083840864,11.8424492174063
2022130,"Têxteis, vestuário, couro e calçados",CATA,2021,4,1.20738813297748,1.00766987086732,0.00158708175660238,0.945353881685999,12.2118487322766,11.8227106181157
2022130,"Têxteis, vestuário, couro e calçados",CATA,2022,1,1.16917646754421,0.966417576348408,0.0477580671265332,0.933671197144904,11.0153030598351,11.8116528598896
2022130,"Têxteis, vestuário, couro e calçados",CATA,2022,2,1.3006490318439,0.994649266835869,0.0161397119890953,0.90517990105594,11.8243134428892,11.8104108599452
2022130,"Têxteis, vestuário, couro e calçados",CATA,2022,3,1.43583834619335,1.00858863784048,0.000651985203440231,0.86701549226265,12.2834089704052,11.8630610119849
2022130,"Têxteis, vestuário, couro e calçados",CATA,2022,4,1.32825716795663,1.01841146307295,-0.0103234371248813,0.904050720534374,12.5772967340051,11.8737051236291
2022130,"Têxteis, vestuário, couro e calçados",CATA,2023,1,1.27200215064194,0.970365402139532,0.0434683718156028,0.898313270989101,11.1918875969942,11.8681428364662
2022130,"Têxteis, vestuário, couro e calçados",CATA,2023,2,1.27562926766772,0.995994548761202,0.0147414233032554,0.914497027064429,11.9150756628294,11.8569751791424
2022130,"Têxteis, vestuário, couro e calçados",CATA,2023,3,1.30416405939804,1.00819157368289,0.00114218114652376,0.90950478794387,12.2939516135122,11.8826532546549
2022130,"Têxteis, vestuário, couro e calçados",CATA,2023,4,1.24430917055339,1.01658433387058,-0.00822233774646119,0.933525247427375,12.5513341506186,11.8973562098268
2022130,"Têxteis, vestuário, couro e calçados",CATA,2024,1,1.15008923951945,0.966572713957041,0.047747844245925,0.941194068099357,11.0985314837523,11.8819967617503
2022130,"Têxteis, vestuário, couro e calçados",CATA,2024,2,1.36884577777226,1.00383766379797,0.00537764734791102,0.887391312184908,11.8604921803451,11.6071906707976
2022130,"Têxteis, vestuário, couro e calçados",CATA,2024,3,1.40778260668381,1.01172598061625,-0.00309575954094637,0.877020825839485,12.2605540926287,11.762232572263
2022130,"Têxteis, vestuário, couro e calçados",CEDO,1994,4,1.22998988072278,0.99305126816571,0.0178668655141192,0.930063799275779,11.7483903376811,11.7835753410656
2022130,"Têxteis, vestuário, couro e calçados",CEDO,1996,4,1.08416558794133,0.998775583257036,0.0113585414067783,0.994034448922486,11.8655393120066,11.7414542347314
2022130,"Têxteis, vestuário, couro e calçados",CEDO,1997,1,0.976869649806004,0.946811446924935,0.0696187885763335,0.998970913302363,10.4065651063812,11.7706327563983
2022130,"Têxteis, vestuário, couro e calçados",CEDO,1997,2,0.975824446608481,0.970348874650275,0.0432969804924123,1.0260295260732,11.0999235953926,11.7864453169217
2022130,"Têxteis, vestuário, couro e calçados",CEDO,1997,3,1.00551885633897,0.985644976938923,0.0261882574605177,1.02358807946229,11.5489915314926,11.7953639457929
2022130,"Têxteis, vestuário, couro e calçados",CEDO,1997,4,0.993792608139724,0.994623823726862,0.016113290790388,1.03564900866311,11.7971267881367,11.7867861554064
2022130,"Têxteis, vestuário, couro e calçados",CEDO,1998,1,0.77340448762435,0.948855395173074,0.067220944025234,1.12590684083706,10.4127650422608,11.7237764667294
2022130,"Têxteis, vestuário, couro e calçados",CEDO,1998,2,0.823483936272851,0.976894495705624,0.0357487531835975,1.1239775611402,11.1827591356776,11.6926307289195
2022130,"Têxteis, vestuário, couro e calçados",CEDO,1998,3,0.876939688109946,0.99501787445674,0.0153607797590747,1.1034769564714,11.6584941226514,11.6528905041111
2022130,"Têxteis, vestuário, couro e calçados",CEDO,1998,4,0.908370509113626,1.00462225543561,0.0046372023358065,1.08939178062902,11.9495890717067,11.6666401088905
2022130,"Têxteis, vestuário, couro e calçados",CEDO,1999,1,0.874203625198315,0.948814317063715,0.0671033413559201,1.05932144833745,10.3327648867838,11.6533916201989
2022130,"Têxteis, vestuário, couro e calçados",CEDO,1999,2,1.01652246188424,0.977435062935043,0.0350448322106053,1.01231168222089,11.1507909311274,11.6502276620421
2022130,"Têxteis, vestuário, couro e calçados",CEDO,1999,3,1.08558481128764,0.994201430225105,0.0163363185834122,0.991184351691882,11.6645607730436,11.6792358112054
2022130,"Têxteis, vestuário, couro e calçados",CEDO,1999,4,1.08889789788147,1.00321634775634,0.00631925807688222,0.994152604886054,11.9610903790866,11.7129481589793
2022130,"Têxteis, vestuário, couro e calçados",CEDO,2000,1,1.18351656142235,0.952509400205141,0.0632850882751875,0.913966634470046,10.5928645064653,11.790936696218
2022130,"Têxteis, vestuário, couro e calçados",CEDO,2000,2,1.20350217099204,0.973864503220411,0.0394974519445857,0.926591564632411,11.2670731151421,11.8455886363044
2022130,"Têxteis, vestuário, couro e calçados",CEDO,2000,3,1.26550137292657,0.987722803970876,0.0240619461375036,0.913329357303688,11.7052611591625,11.8816470945375
2022130,"Têxteis, vestuário, couro e calçados",CEDO,2000,4,1.28540671615918,0.995670159007776,0.0152114836990202,0.910630605172693,11.9572130928607,11.9029177770393
2022130,"Têxteis, vestuário, couro e calçados",CEDO,2001,1,1.07196716032174,0.942038223083156,0.0752832052962481,0.946945337507869,10.4232768978441,11.9079082395502
2022130,"Têxteis, vestuário, couro e calçados",CEDO,2001,2,1.14826606936756,0.965973353528959,0.0485236407262537,0.941156171582485,11.1317197837386,11.9269963879336
2022130,"Têxteis, vestuário, couro e calçados",CEDO,2001,3,1.20654129997551,0.98147952959454,0.0311847782721735,0.930859611237084,11.5892814221541,11.9381148110277
2022130,"Têxteis, vestuário, couro e calçados",CEDO,2001,4,1.20732819905741,0.991476069225077,0.0199938407417355,0.93709155085788,11.8780480899631,11.9397331016994
2022130,"Têxteis, vestuário, couro e calçados",CEDO,2002,1,1.07205397453517,0.943741586236608,0.0734866073749053,0.948850736176047,10.5256142877376,11.9556301295233
2022130,"Têxteis, vestuário, couro e calçados",CEDO,2002,2,1.07138158562672,0.968417329683952,0.045856438810142,0.976542731728662,11.235456389202,11.9569835578412
2022130,"Têxteis, vestuário, couro e calçados",CEDO,2002,3,1.10131005912225,0.984807939898066,0.0275029506208236,0.976654229734981,11.7067539507207,11.9576970043526
2022130,"Têxteis, vestuário, couro e calçados",CEDO,2002,4,1.15212517768556,0.996660120487867,0.0141641304638886,0.962260519508191,12.0151452382022,11.9292737485647
2022130,"Têxteis, vestuário, couro e calçados",CEDO,2003,1,1.05810223709473,0.940514356354868,0.0770422472733409,0.951023940203804,10.4048408258071,11.930506735043
2022130,"Têxteis, vestuário, couro e calçados",CEDO,2003,2,1.07959049389525,0.964723139836529,0.0500263421047992,0.969174049566816,11.1452817934555,11.9711536715079
2022130,"Têxteis, vestuário, couro e calçados",CEDO,2003,3,1.11206978125449,0.983192703969524,0.0293744947884115,0.970622701494822,11.6906004196767,11.9846758146862
2022130,"Têxteis, vestuário, couro e calçados",CEDO,2003,4,1.11914152888728,0.995963768195102,0.0150378494172605,0.975754046356696,12.0403969309783,11.969672414567
2022130,"Têxteis, vestuário, couro e calçados",CEDO,2004,1,1.07092802399762,0.955383374360421,0.0604628097750065,0.963241929349349,10.8662256339505,11.9613714489763
2022130,"Têxteis, vestuário, couro e calçados",CEDO,2004,2,1.16849902179893,0.97823625981623,0.0349934854222931,0.943064264436523,11.5813159371845,12.0141367996187
2022130,"Têxteis, vestuário, couro e calçados",CEDO,2004,3,1.28847701179606,0.991475671660644,0.0202717663503465,0.906529228335608,12.0117206993244,12.059109031759
2022130,"Têxteis, vestuário, couro e calçados",CEDO,2004,4,1.3124863301619,1.00069985289825,0.00991182201957352,0.902898179012444,12.261965900533,12.0461266872189
2022130,"Têxteis, vestuário, couro e calçados",CEDO,2005,1,1.10688422718983,0.943948506603487,0.0735282437647355,0.933477614586143,10.6632518115203,12.0732324191381
2022130,"Têxteis, vestuário, couro e calçados",CEDO,2005,2,1.17162261483778,0.969812273421647,0.0446936703795516,0.934225718982059,11.4679063975488,12.1287979529906
2022130,"Têxteis, vestuário, couro e calçados",CEDO,2005,3,1.16688507715935,0.984781871083212,0.0280218539046497,0.947724857120447,11.9419372337068,12.1683770363743
2022130,"Têxteis, vestuário, couro e calçados",CEDO,2005,4,1.13352679216117,0.994724089863052,0.0168479353329895,0.96791619713164,12.2080366191708,12.1511465151141
2022130,"Têxteis, vestuário, couro e calçados",CEDO,2006,1,0.905208712103927,0.942159574021622,0.0756753784301814,1.02940967519263,10.6811724309168,12.1350908284731
2022130,"Têxteis, vestuário, couro e calçados",CEDO,2006,2,0.92594758529626,0.967025020473578,0.0478080487286035,1.04805937028849,11.3845500751177,12.1258090162886
2022130,"Têxteis, vestuário, couro e calçados",CEDO,2006,3,0.874326008503332,0.983895557746169,0.0288833361180766,1.0944884962838,11.8533522826325,12.1119921846116
2022130,"Têxteis, vestuário, couro e calçados",CEDO,2006,4,0.881307439005881,0.994835936853461,0.0166729671625644,1.0979149051343,12.1872953875931,12.1297582197932
2022130,"Têxteis, vestuário, couro e calçados",CEDO,2007,1,0.801351234094452,0.947396163392231,0.0698396742279523,1.1016107180181,10.8452354783899,12.1473645238661
2022130,"Têxteis, vestuário, couro e calçados",CEDO,2007,2,0.919798311855951,0.97385562103187,0.0402325241555535,1.05814342390897,11.6161678163011,12.1575476946886
2022130,"Têxteis, vestuário, couro e calçados",CEDO,2007,3,0.979607848885065,0.990193184729933,0.0219256453872029,1.03829164880434,12.0797782499845,12.1527565049892
2022130,"Têxteis, vestuário, couro e calçados",CEDO,2007,4,0.994801889177933,0.999911169522641,0.0110267770145185,1.03612965769217,12.3509747364172,12.1458253497673
2022130,"Têxteis, vestuário, couro e calçados",CEDO,2008,1,1.07803535885082,0.951415765872015,0.0652347335033622,0.954806500595087,10.9107271765193,12.1028119808635
2022130,"Têxteis, vestuário, couro e calçados",CEDO,2008,2,1.20215954923743,0.979029708137197,0.0343005464082145,0.929951429195583,11.69833280417,12.0982909372608
2022130,"Têxteis, vestuário, couro e calçados",CEDO,2008,3,1.2989225921463,0.994204467634624,0.0173922714693255,0.904001083212665,12.1750218615522,12.1349848086348
2022130,"Têxteis, vestuário, couro e calçados",CEDO,2008,4,1.30797812308736,1.00228051055687,0.0083314636679922,0.904737716587562,12.3987580751323,12.1277610119746
2022130,"Têxteis, vestuário, couro e calçados",CEDO,2009,1,0.844891823300032,0.943484680297493,0.0741228172507876,1.06760157321591,10.6861451412379,12.1055647827949
2022130,"Têxteis, vestuário, couro e calçados",CEDO,2009,2,0.955924119384738,0.969418403005194,0.0451013684079045,1.0339631879998,11.4405181128806,12.1144371187111
2022130,"Têxteis, vestuário, couro e calçados",CEDO,2009,3,1.02724152425772,0.987555952006522,0.024670524228164,1.01264746234049,11.9036508396383,12.0630802163971
2022130,"Têxteis, vestuário, couro e calçados",CEDO,2009,4,1.03342896316378,0.995406991573749,0.016057954977383,1.01416617245986,12.2154853606067,12.1402931621841
2022130,"Têxteis, vestuário, couro e calçados",CEDO,2010,1,0.965281574664076,0.931385543148921,0.0889598820871846,0.978545014582935,10.9592478567451,12.6595754665333
2022130,"Têxteis, vestuário, couro e calçados",CEDO,2010,2,1.09150410440795,0.956021829864755,0.0614163411900995,0.950950087541025,11.6884048524187,12.679187928556
2022130,"Têxteis, vestuário, couro e calçados",CEDO,2010,3,1.1887200786867,0.974376700582785,0.0408818565533617,0.928364646246743,12.2250942178823,12.6879443370789
2022130,"Têxteis, vestuário, couro e calçados",CEDO,2010,4,1.17403707548716,0.985938935289318,0.0278916060830738,0.94288136176335,12.5366633357889,12.6697909918282
2022130,"Têxteis, vestuário, couro e calçados",CEDO,2011,1,1.11183005535012,0.940533033786366,0.078794578811779,0.923789784669459,11.2596891150663,12.6933825510339
2022130,"Têxteis, vestuário, couro e calçados",CEDO,2011,2,1.10284129635413,0.963063505623027,0.0535888426428995,0.953272276456654,11.9185659203708,12.7042153366532
2022130,"Têxteis, vestuário, couro e calçados",CEDO,2011,3,1.06630751794864,0.977264558308371,0.0377605299096282,0.98234982413678,12.362269488537,12.7364132155102
2022130,"Têxteis, vestuário, couro e calçados",CEDO,2011,4,1.00836076510161,0.986566397118477,0.0273368849163995,1.01744987552263,12.6259523286709,12.7334396890428
2022130,"Têxteis, vestuário, couro e calçados",CEDO,2012,1,0.849823288216111,0.933328970450118,0.0869992239248858,1.04536779885368,11.1189558406286,12.7523740436229
2022130,"Têxteis, vestuário, couro e calçados",CEDO,2012,2,0.881738179264511,0.958471313689405,0.0588458615888262,1.06050189134131,11.8418697806186,12.7534398610373
2022130,"Têxteis, vestuário, couro e calçados",CEDO,2012,3,0.908718273471847,0.973745012134108,0.0417928671344303,1.06063767374358,12.3050560349234,12.7755400151717
2022130,"Têxteis, vestuário, couro e calçados",CEDO,2012,4,0.924930009776973,0.983875322725399,0.0304841021308017,1.05991554612508,12.6130684382094,12.790915226701
2022130,"Têxteis, vestuário, couro e calçados",CEDO,2013,1,0.909543324404391,0.935758668181161,0.0844130244003845,1.01372817165814,11.253604232441,12.8103305363802
2022130,"Têxteis, vestuário, couro e calçados",CEDO,2013,2,0.911075071847935,0.963902932675688,0.0529350552871285,1.04892853492243,12.0805716235682,12.8273646164834
2022130,"Têxteis, vestuário, couro e calçados",CEDO,2013,3,0.953302343186212,0.979220940804527,0.035873180505803,1.03977316101227,12.5646575475871,12.8669917729033
2022130,"Têxteis, vestuário, couro e calçados",CEDO,2013,4,0.991398370342677,0.989546843487714,0.0243050353400202,1.02734948940459,12.8588471964757,12.8650100439853
2022130,"Têxteis, vestuário, couro e calçados",CEDO,2014,1,0.983900310754107,0.94143058006208,0.0781902998150605,0.982177009166822,11.4785718589955,12.8658315947982
2022130,"Têxteis, vestuário, couro e calçados",CEDO,2014,2,1.05652759428092,0.965587044669878,0.0511467777916247,0.975477127194824,12.1759785595248,12.8693912794908
2022130,"Têxteis, vestuário, couro e calçados",CEDO,2014,3,1.10327513343043,0.980178809998949,0.0347897794600968,0.967293242940527,12.5869868952337,12.8623781086013
2022130,"Têxteis, vestuário, couro e calçados",CEDO,2014,4,1.096021659703,0.989957240630871,0.0237981000968779,0.977472664538489,12.8478161027108,12.8446398638907
2022130,"Têxteis, vestuário, couro e calçados",CEDO,2015,1,1.07407394198796,0.928349905783046,0.0927606521535582,0.922343835717986,11.0654410780705,12.8322155939842
2022130,"Têxteis, vestuário, couro e calçados",CEDO,2015,2,0.958619632762972,0.956312311923084,0.0614130120819215,1.01419573182127,11.8518610977952,12.8177036411111
2022130,"Têxteis, vestuário, couro e calçados",CEDO,2015,3,0.925920574156689,0.971066954049466,0.0448270705247478,1.04808230553436,12.2451207760035,12.7906664060338
2022130,"Têxteis, vestuário, couro e calçados",CEDO,2015,4,0.882367445197722,0.982478155271012,0.0319354487655136,1.08436820140345,12.5183855567131,12.7421798561145
2022130,"Têxteis, vestuário, couro e calçados",CEDO,2016,1,0.763127792038711,0.938771670882257,0.0808149559649787,1.11216550738126,11.2322065926724,12.7139905844749
2022130,"Têxteis, vestuário, couro e calçados",CEDO,2016,2,0.794127771610769,0.965514109027338,0.0508163828013374,1.1263094394582,11.9753573362953,12.6921119455875
2022130,"Têxteis, vestuário, couro e calçados",CEDO,2016,3,0.871589754190558,0.982740450463599,0.031505956388679,1.09165939689794,12.460509027217,12.6837743754076
2022130,"Têxteis, vestuário, couro e calçados",CEDO,2016,4,0.915300526873992,1.00107889803935,0.0105068471500626,1.07874113051521,12.7640202645595,12.4847304956454
2022130,"Têxteis, vestuário, couro e calçados",CEDO,2017,1,0.956015412213791,0.952324446695891,0.0650472373018553,1.01299549080042,11.3367337770426,12.4599311716258
2022130,"Têxteis, vestuário, couro e calçados",CEDO,2017,2,1.07574786467336,0.9781381424428,0.0362238854422333,0.98015471502674,12.1183428485387,12.4962012083823
2022130,"Têxteis, vestuário, couro e calçados",CEDO,2017,3,1.14643347444708,0.994201331395861,0.0182317425052047,0.960287588849565,12.5776786586476,12.4946259693322
2022130,"Têxteis, vestuário, couro e calçados",CEDO,2017,4,1.15762951670334,0.998364559733538,0.0138911767612356,0.957055815073971,12.8521527580875,12.6330070416105
2022130,"Têxteis, vestuário, couro e calçados",CEDO,2018,1,1.12534327765083,0.949249067824229,0.068885818324719,0.929211693837163,11.4385612454803,12.6296915056198
2022130,"Têxteis, vestuário, couro e calçados",CEDO,2018,2,1.2042019204714,0.973446959367208,0.0416915749569619,0.922170596176083,12.0868936372072,12.5883673654763
2022130,"Têxteis, vestuário, couro e calçados",CEDO,2018,3,1.21235913806014,0.988991050117828,0.0242112756277021,0.930435900980374,12.497858262166,12.5569041459089
2022130,"Têxteis, vestuário, couro e calçados",CEDO,2018,4,1.14587531760688,1.00160171402849,0.0100002199159323,0.964168263866132,12.8170171368977,12.5186537815769
2022130,"Têxteis, vestuário, couro e calçados",CEDO,2019,1,0.955304954527993,0.950601972555617,0.0671131478322536,1.01089174704331,11.3532859436421,12.5188640592167
2022130,"Têxteis, vestuário, couro e calçados",CEDO,2019,2,1.03121695486462,0.974497320799056,0.0406302655601279,0.997152290813153,12.172422971441,12.6378185856411
2022130,"Têxteis, vestuário, couro e calçados",CEDO,2019,3,1.07071787554913,0.989847813776516,0.0233961055350849,0.990257126878015,12.591964421692,12.6189767244241
2022130,"Têxteis, vestuário, couro e calçados",CEDO,2019,4,1.10214556600652,1.00046014908571,0.0114797954413561,0.982060369040194,12.881174911766,12.6052066068238
2022130,"Têxteis, vestuário, couro e calçados",CEDO,2020,1,0.996346012804469,0.950892495182375,0.0669786493943226,0.989724084273551,11.4535707094072,12.600968444084
2022130,"Têxteis, vestuário, couro e calçados",CEDO,2020,2,1.07927312085357,0.970093529123497,0.0453460428379746,0.971332764188025,11.9420227269958,12.5449605545639
2022130,"Têxteis, vestuário, couro e calçados",CEDO,2020,3,1.16327855149881,0.987073320447215,0.0262767835391013,0.948825846735298,12.4032667301237,12.5215939511067
2022130,"Têxteis, vestuário, couro e calçados",CEDO,2020,4,1.24191705996912,1.00024649265379,0.0115016821974342,0.925564826234166,12.7703138357803,12.5116875696602
2022130,"Têxteis, vestuário, couro e calçados",CEDO,2021,1,1.18176230970981,0.964627425251123,0.0513831762983416,0.923469163435439,11.7445872734966,12.5087694338544
2022130,"Têxteis, vestuário, couro e calçados",CEDO,2021,2,1.30035078791184,0.992751852552892,0.0198262056129948,0.90095107988402,12.5222213694322,12.482258809003
2022130,"Têxteis, vestuário, couro e calçados",CEDO,2021,3,1.32405283958025,1.00904783031833,0.0015305855465505,0.900064519351104,12.9676256955584,12.4622760713292
2022130,"Têxteis, vestuário, couro e calçados",CEDO,2021,4,1.30741843130853,1.01958196734186,-0.0102214437688184,0.908417406135283,13.2915486116158,12.481507598617
2022130,"Têxteis, vestuário, couro e calçados",CEDO,2022,1,1.21612549488612,0.981856696844212,0.0318962117628392,0.924967105856878,12.1463517325271,12.4258943901485
2022130,"Têxteis, vestuário, couro e calçados",CEDO,2022,2,1.22143819223772,1.0094893281964,0.000889891694176081,0.937601758814875,12.9098249304036,12.3993447324811
2022130,"Têxteis, vestuário, couro e calçados",CEDO,2022,3,1.30255042899253,1.02409216529698,-0.0154421162184576,0.911222591239974,13.3391644010266,12.4084169267207
2022130,"Têxteis, vestuário, couro e calçados",CEDO,2022,4,1.36992738703828,1.03619518214942,-0.029181293272795,0.889505238416671,13.597204710941,12.3286020159424
2022130,"Têxteis, vestuário, couro e calçados",CEDO,2023,1,1.70733207814509,0.98044896782728,0.0334994355760552,0.779741342852681,12.1188385950234,12.4374103659538
2022130,"Têxteis, vestuário, couro e calçados",CEDO,2023,2,1.6927082126218,1.00710612019394,0.00368140345897372,0.795500502475699,12.9005082941585,12.4521141658786
2022130,"Têxteis, vestuário, couro e calçados",CEDO,2023,3,1.6319354433809,1.01112490014135,-0.000105268676031445,0.809872281473047,13.3597566251883,12.7591958892974
2022130,"Têxteis, vestuário, couro e calçados",CEDO,2023,4,1.58609612839515,1.0193699124308,-0.00929248380522973,0.823246595841334,13.6186057187782,12.7789956675976
2022130,"Têxteis, vestuário, couro e calçados",CEDO,2024,1,1.36071117070339,0.965463471821622,0.051147004515266,0.859769513874489,12.1058701958151,12.8099541070708
2022130,"Têxteis, vestuário, couro e calçados",CEDO,2024,2,1.44192794577204,0.993017325030553,0.0203236219753395,0.853946595294218,12.9127147449375,12.8241531253876
2022130,"Têxteis, vestuário, couro e calçados",CEDO,2024,3,1.45921259692039,1.0078281589985,0.00381204638525123,0.854932422529863,13.3737321262987,12.8561811729506
2022130,"Têxteis, vestuário, couro e calçados",CTKA,1989,3,1.38873397556669,1.06529378542859,-0.0978230964685653,0.832745298038374,-2.93827295721196,-3.18298328818587
2022130,"Têxteis, vestuário, couro e calçados",CTKA,1989,4,1.28521909862606,1.06411097629171,-0.0937889142227975,0.877968982691437,-1.66679731588287,-2.01727362570763
2022130,"Têxteis, vestuário, couro e calçados",CTKA,1990,1,0.983656308077512,1.01686918745469,-0.0377043873521262,1.02251713127002,-1.49061459583539,-0.648995911828516
2022130,"Têxteis, vestuário, couro e calçados",CTKA,1990,2,1.23352467929772,1.05050505360284,-0.074960880220544,0.91461059506303,-0.327130654978649,-0.472228937007455
2022130,"Têxteis, vestuário, couro e calçados",CTKA,1990,3,1.3284679015112,1.06509367704347,-0.0905274231307505,0.879367782053275,0.462916609919563,-0.140690869194111
2022130,"Têxteis, vestuário, couro e calçados",CTKA,1990,4,1.41169141390507,1.07261228810334,-0.0979502470953708,0.852849774681847,1.15904924895565,0.288210241695846
2022130,"Têxteis, vestuário, couro e calçados",CTKA,1991,1,1.2616844863414,1.01865688591461,-0.0364122698048725,0.914287961898143,0.147720476022078,0.76816531185743
2022130,"Têxteis, vestuário, couro e calçados",CTKA,1991,2,1.23811987743782,1.04742195342889,-0.0682118228355338,0.924466158773705,1.17251359463451,0.945938911480647
2022130,"Têxteis, vestuário, couro e calçados",CTKA,1991,3,1.22285462439257,1.06020695589244,-0.0815228573902449,0.929616172936237,2.02434720457887,1.37888271006551
2022130,"Têxteis, vestuário, couro e calçados",CTKA,1991,4,1.20129742991305,1.04420463737895,-0.0607115890061947,0.949485234065027,2.95779306200666,2.62261103771862
2022130,"Têxteis, vestuário, couro e calçados",CTKA,1992,1,1.04350019831013,0.99258482346129,-0.00136283951305484,1.01037002276013,2.21888936766039,3.28596547485756
2022130,"Têxteis, vestuário, couro e calçados",CTKA,1992,2,1.02140474364777,1.01620278772314,-0.0264548195418038,1.0344906940979,3.55051542221897,3.86966794719935
2022130,"Têxteis, vestuário, couro e calçados",CTKA,1992,3,1.27469015796945,1.02717571472078,-0.037229874754991,0.930121276134392,4.59445612132949,4.52060681240976
2022130,"Têxteis, vestuário, couro e calçados",CTKA,1992,4,1.27906590394545,1.03464792862173,-0.0440167868337008,0.930714926846698,5.57059310315483,5.20073293143449
2022130,"Têxteis, vestuário, couro e calçados",CTKA,1993,1,1.63486176109843,0.985215391420963,0.0131430622434468,0.810361291531022,5.01999738464328,5.97617429674854
2022130,"Têxteis, vestuário, couro e calçados",CTKA,1993,2,1.63334027026501,1.00787193770425,-0.0104533630604318,0.821722264776907,6.52584425514786,6.74009495986872
2022130,"Têxteis, vestuário, couro e calçados",CTKA,1993,3,1.54679590715413,1.01847698603788,-0.0203185055818722,0.847359564902603,7.79912202767181,7.60525499549966
2022130,"Têxteis, vestuário, couro e calçados",CTKA,1993,4,1.49563273398242,1.0262828422499,-0.0269907883940211,0.862320403888273,9.02006991437269,8.49543783446391
2022130,"Têxteis, vestuário, couro e calçados",CTKA,1994,1,1.32148747604986,0.970970463271975,0.0374130863727791,0.889612332632453,8.61839558109814,9.55457999774571
2022130,"Têxteis, vestuário, couro e calçados",CTKA,1994,2,1.35706762475661,0.992813929272814,0.0154190279327749,0.889842458226684,10.4342127168432,10.6161367990517
2022130,"Têxteis, vestuário, couro e calçados",CTKA,1994,3,1.23787729270314,1.00799629573879,-0.00127380292345375,0.938241916388461,11.0190205450723,10.7491825877279
2022130,"Têxteis, vestuário, couro e calçados",CTKA,1994,4,1.22453896772534,1.01776954188481,-0.0120906376705316,0.945987263696095,11.3611401160576,10.8041671596254
2022130,"Têxteis, vestuário, couro e calçados",CTKA,1995,1,1.13761977245804,0.968538327011678,0.0431683262651541,0.952604051554581,10.0091363091485,10.8588139814107
2022130,"Têxteis, vestuário, couro e calçados",CTKA,1995,2,1.11274045694514,0.991605053454728,0.0175842614487595,0.980627530413064,10.7904576600401,10.9652403256153
2022130,"Têxteis, vestuário, couro e calçados",CTKA,1995,3,1.11796123720032,1.00526165872121,0.00247524831977491,0.98502809591782,11.2713336894193,11.0445879818119
2022130,"Têxteis, vestuário, couro e calçados",CTKA,1995,4,1.11825581168694,1.0113155648809,-0.00399714812206475,0.986592800430588,11.5930748171109,11.1767132697553
2022130,"Têxteis, vestuário, couro e calçados",CTKA,1996,1,0.965681606161512,0.958495460346149,0.0552385218982848,1.02165557722024,10.1176527479684,11.2131454150103
2022130,"Têxteis, vestuário, couro e calçados",CTKA,1996,2,1.02263430265803,0.982696862460422,0.0281891612981425,1.0154731918236,10.8377813137932,11.2358431764577
2022130,"Têxteis, vestuário, couro e calçados",CTKA,1996,3,1.04048608938427,0.998781251526915,0.0101504214722022,1.01715279009724,11.2867142609672,11.2244350605729
2022130,"Têxteis, vestuário, couro e calçados",CTKA,1996,4,1.06143272467861,1.00963398125054,-0.00199740789645669,1.01184871509196,11.6009827157598,11.2268789293653
2022130,"Têxteis, vestuário, couro e calçados",CTKA,1997,1,0.923220774089187,0.9621778377919,0.0511412935431838,1.04903512766648,10.2361284084259,11.2245501142566
2022130,"Têxteis, vestuário, couro e calçados",CTKA,1997,2,0.970305949337948,0.986849137017849,0.0234557163058853,1.04580907811405,10.9167504833862,11.1999248306193
2022130,"Têxteis, vestuário, couro e calçados",CTKA,1997,3,1.02882841437556,1.00274273449076,0.00559685843728636,1.02510704548371,11.3439334571737,11.1739851959009
2022130,"Têxteis, vestuário, couro e calçados",CTKA,1997,4,1.06541519247216,1.01365133805653,-0.0066632575965152,1.01160038703675,11.6358537380501,11.1550405799193
2022130,"Têxteis, vestuário, couro e calçados",CTKA,1998,1,0.959426906438952,0.960581030103878,0.0527731192398675,1.02758793130632,10.1149551775413,11.1572770251387
2022130,"Têxteis, vestuário, couro e calçados",CTKA,1998,2,1.07258414184524,0.987226802729552,0.0228711141301415,0.99525708534586,10.8497022228941,11.1303719621562
2022130,"Têxteis, vestuário, couro e calçados",CTKA,1998,3,1.12268291505736,1.00172054735593,0.00667618524830316,0.980974294242562,11.2830939554124,11.1458590821316
2022130,"Têxteis, vestuário, couro e calçados",CTKA,1998,4,1.19152511757617,1.01211855105058,-0.00497788554815531,0.956172755732066,11.5768563412165,11.1416476500747
2022130,"Têxteis, vestuário, couro e calçados",CTKA,1999,1,1.7846327967461,0.964568659622398,0.0483100468794232,0.756620842247736,10.2306280269583,11.1583543507148
2022130,"Têxteis, vestuário, couro e calçados",CTKA,1999,2,1.5916352206701,0.98985213779604,0.0200000876488469,0.818347968781669,10.9582938564755,11.1600457463301
2022130,"Têxteis, vestuário, couro e calçados",CTKA,1999,3,1.60196970733151,1.00661053125061,0.00119655782887157,0.822985826864108,11.4217560028597,11.1443349853018
2022130,"Têxteis, vestuário, couro e calçados",CTKA,1999,4,1.59833516804856,1.01674010376451,-0.0100614453940551,0.826520185500346,11.7538049321481,11.1811930322901
2022130,"Têxteis, vestuário, couro e calçados",CTKA,2000,1,1.21020508815365,0.971542091200212,0.0406601870144017,0.924796799481734,10.5075932732456,11.2269258314906
2022130,"Têxteis, vestuário, couro e calçados",CTKA,2000,2,1.22262393032368,0.994657292011035,0.0147706326291512,0.936210453858708,11.1692808999853,11.2252802047742
2022130,"Têxteis, vestuário, couro e calçados",CTKA,2000,3,1.24669010080502,1.00757228026277,0.000373784872645999,0.932819975153474,11.5718549209222,11.2537163671453
2022130,"Têxteis, vestuário, couro e calçados",CTKA,2000,4,1.32208703244128,1.01815770681025,-0.0115033155274634,0.908838204172117,11.8646654680945,11.2438507494236
2022130,"Têxteis, vestuário, couro e calçados",CTKA,2001,1,1.47801364411369,0.970125261733656,0.0421920362213522,0.835808843454152,10.440522268602,11.2033510587218
2022130,"Têxteis, vestuário, couro e calçados",CTKA,2001,2,1.45526167002882,0.996658721202234,0.0124234609082683,0.859263636474216,11.1757333708738,11.179739315107
2022130,"Têxteis, vestuário, couro e calçados",CTKA,2001,3,1.47615734873538,1.01260372486987,-0.00546522840562258,0.859099046027347,11.6177546594019,11.1657321642743
2022130,"Têxteis, vestuário, couro e calçados",CTKA,2001,4,1.50042627427937,1.02733326942187,-0.0220650067937165,0.854848052142173,11.990086900267,11.1206506660351
2022130,"Têxteis, vestuário, couro e calçados",CTKA,2002,1,1.48352720838215,0.979723866345029,0.0312148788867366,0.841628392516226,10.606165632931,11.105224125309
2022130,"Têxteis, vestuário, couro e calçados",CTKA,2002,2,1.57773673458611,1.00514425064182,0.00275834703392613,0.828902737403639,11.3410098980922,11.1098163313733
2022130,"Têxteis, vestuário, couro e calçados",CTKA,2002,3,1.65413552813395,1.02117228834988,-0.0151747180970696,0.813473135929415,11.8088341773851,11.1167220816211
2022130,"Têxteis, vestuário, couro e calçados",CTKA,2002,4,1.65463961793697,1.03273203210602,-0.02807973198569,0.814230092449024,12.1600529988803,11.1340386152848
2022130,"Têxteis, vestuário, couro e calçados",CTKA,2003,1,1.83848042018991,0.991260035030159,0.0183534285434312,0.762215972795145,10.9649764001575,11.1299243462081
2022130,"Têxteis, vestuário, couro e calçados",CTKA,2003,2,1.53758157208574,1.0139020990159,-0.00695870272295396,0.842157461764664,11.6360041817224,11.1487471505944
2022130,"Têxteis, vestuário, couro e calçados",CTKA,2003,3,1.43311232603568,1.02728218103311,-0.0218747674617004,0.874474253793848,12.0527102047942,11.177881001296
2022130,"Têxteis, vestuário, couro e calçados",CTKA,2003,4,1.39241552405991,1.03965937841513,-0.0357668192055395,0.887250909453698,12.3928959591942,11.1643914888171
2022130,"Têxteis, vestuário, couro e calçados",CTKA,2004,1,1.42143849997406,0.994504707897081,0.0147172855182615,0.868558646403874,11.0568768040747,11.1288178253542
2022130,"Têxteis, vestuário, couro e calçados",CTKA,2004,2,1.38518630754899,1.01966183427325,-0.0135463707328247,0.888782775177707,11.7350537306564,11.0895558582713
2022130,"Têxteis, vestuário, couro e calçados",CTKA,2004,3,1.37281948625771,1.03259840356145,-0.0279927523711196,0.894007719792769,12.1260263606002,11.107079129004
2022130,"Têxteis, vestuário, couro e calçados",CTKA,2004,4,1.37191382895432,1.04353244838066,-0.040194183982702,0.893599827882652,12.4606759615967,11.1256384117254
2022130,"Têxteis, vestuário, couro e calçados",CTKA,2005,1,1.341867462358,0.992030725363095,0.0174730491555437,0.892638223958488,10.9787568358592,11.1224747203158
2022130,"Têxteis, vestuário, couro e calçados",CTKA,2005,2,1.31500817809173,1.01518605226398,-0.00850450811656633,0.911156246289223,11.6208473661775,11.1023009038456
2022130,"Têxteis, vestuário, couro e calçados",CTKA,2005,3,1.27203562673105,1.03074043590987,-0.0259992872246091,0.928844555653698,12.0306846632573,11.0695671749611
2022130,"Têxteis, vestuário, couro e calçados",CTKA,2005,4,1.26567950657683,1.04241758765006,-0.039094111020826,0.930740786770648,12.3571717410064,11.0617894570977
2022130,"Têxteis, vestuário, couro e calçados",CTKA,2006,1,1.09391877679577,0.994764825738669,0.0142039472255384,0.990629970236906,10.9573679023877,11.0332916633879
2022130,"Têxteis, vestuário, couro e calçados",CTKA,2006,2,1.10931847975113,1.01847127068293,-0.0124076853093285,0.993257003131984,11.6071356445415,11.0058465302575
2022130,"Têxteis, vestuário, couro e calçados",CTKA,2006,3,1.14567032549901,1.03197412621381,-0.0274575880279787,0.978907346720563,12.0291248279021,11.0365510278752
2022130,"Têxteis, vestuário, couro e calçados",CTKA,2006,4,1.12005899654736,1.0466311559187,-0.0439814933700053,0.989026590904211,12.3968060619708,10.9891750938419
2022130,"Têxteis, vestuário, couro e calçados",CTKA,2007,1,1.281116104067,0.996682998216667,0.0118654937204496,0.916697089469795,10.9207117963314,10.9513901969861
2022130,"Têxteis, vestuário, couro e calçados",CTKA,2007,2,1.29020658550768,1.02031657352423,-0.0147118280895485,0.921746042940343,11.5456031073077,10.9035990086601
2022130,"Têxteis, vestuário, couro e calçados",CTKA,2007,3,1.29016148933713,1.03592277045601,-0.0322433544762329,0.923040363460786,11.9671781416889,10.8800186034978
2022130,"Têxteis, vestuário, couro e calçados",CTKA,2007,4,1.30406248783767,1.04786199950192,-0.0456378933011101,0.916816299988251,12.2981887857256,10.8695624545825
2022130,"Têxteis, vestuário, couro e calçados",CTKA,2008,1,1.39091106234482,0.990703266407354,0.0187324108932788,0.876390069533518,10.8311901486832,11.0247288122919
2022130,"Têxteis, vestuário, couro e calçados",CTKA,2008,2,1.30203235695823,1.0139888457848,-0.00714187546734374,0.915337764515909,11.5970475076006,11.1117363921783
2022130,"Têxteis, vestuário, couro e calçados",CTKA,2008,3,1.26927356132537,1.0267379438903,-0.0211937087312681,0.929025874403173,12.0715785290643,11.2086803284862
2022130,"Têxteis, vestuário, couro e calçados",CTKA,2008,4,1.22893439513439,1.04127349119264,-0.0376184713604954,0.944347353611479,12.4179948232705,11.1454293896344
2022130,"Têxteis, vestuário, couro e calçados",CTKA,2009,1,1.22966828457669,0.991059485850134,0.0185494757917223,0.931925886918479,10.9454699754229,11.1176463676633
2022130,"Têxteis, vestuário, couro e calçados",CTKA,2009,2,1.26454854437517,1.01712096292387,-0.0107555863512975,0.929767951363346,11.6357978753162,11.0660535879571
2022130,"Têxteis, vestuário, couro e calçados",CTKA,2009,3,1.2922034431747,1.03290304322514,-0.0284957204460519,0.921747281830229,12.0568121654117,11.0374640252559
2022130,"Têxteis, vestuário, couro e calçados",CTKA,2009,4,1.39973440286783,1.03190728207025,-0.0267131576426919,0.88451391247038,12.3497924686302,11.3246112932329
2022130,"Têxteis, vestuário, couro e calçados",CTKA,2010,1,1.28472453016541,0.967958429573663,0.04592853057906,0.892253354620046,11.0094285892051,11.7669103433122
2022130,"Têxteis, vestuário, couro e calçados",CTKA,2010,2,1.282055725499,0.993549042258532,0.0172940505531689,0.911284838119174,11.7552698868751,11.7769591037183
2022130,"Têxteis, vestuário, couro e calçados",CTKA,2010,3,1.25914937847617,1.00770381721198,0.00150025165010265,0.925829936490791,12.1893051494797,11.801709707809
2022130,"Têxteis, vestuário, couro e calçados",CTKA,2010,4,1.26610677559411,1.0163848626035,-0.00808045090192855,0.925574581356811,12.5063469213613,11.8622969862266
2022130,"Têxteis, vestuário, couro e calçados",CTKA,2011,1,0.922505723661769,0.970324396469583,0.0435144997370397,1.05480030882552,11.1908104431243,11.8682320703606
2022130,"Têxteis, vestuário, couro e calçados",CTKA,2011,2,0.901027689990615,0.993211632291248,0.0179089020293104,1.08623870185422,11.8597660575069,11.8789199851357
2022130,"Têxteis, vestuário, couro e calçados",CTKA,2011,3,0.967128492896509,1.00874984318941,0.000435821575298811,1.05656851997477,12.2708674808477,11.8477296411518
2022130,"Têxteis, vestuário, couro e calçados",CTKA,2011,4,0.973213160646949,1.01967865161848,-0.0117777847214457,1.05653370176496,12.596676117914,11.858528425796
2022130,"Têxteis, vestuário, couro e calçados",CTKA,2012,1,1.26395156675739,0.953905488762601,0.0624660028529876,0.884400906458787,10.991544036377,12.1111598579051
2022130,"Têxteis, vestuário, couro e calçados",CTKA,2012,2,1.32649101047782,0.979132848567848,0.0341891847302922,0.885362869758634,11.7032884840316,12.1000724097395
2022130,"Têxteis, vestuário, couro e calçados",CTKA,2012,3,1.42856393369259,0.999990710232576,0.0104585274257104,0.865622011936995,12.1224017224612,11.9396774467018
2022130,"Têxteis, vestuário, couro e calçados",CTKA,2012,4,1.481318333133,1.00982375017844,-0.00048013831907201,0.853505897878342,12.4398022986217,11.971055979423
2022130,"Têxteis, vestuário, couro e calçados",CTKA,2013,1,0.9848777329826,0.961303969413912,0.0537997949417048,1.0111959456915,11.0203798158988,11.9472636567736
2022130,"Têxteis, vestuário, couro e calçados",CTKA,2013,2,1.13889638427287,0.986774167252666,0.0252266556853699,0.961907795302812,11.7273506350057,11.925688815334
2022130,"Têxteis, vestuário, couro e calçados",CTKA,2013,3,1.13716465641491,1.00344366325064,0.00648139108019191,0.972042206841317,12.1683696412739,11.8922156991145
2022130,"Têxteis, vestuário, couro e calçados",CTKA,2013,4,1.21381315608855,1.01560071846375,-0.00715211007191174,0.945002499953442,12.5080284316119,11.8838985408965
2022130,"Têxteis, vestuário, couro e calçados",CTKA,2014,1,1.08814043839566,0.969334894333095,0.0446122057147733,0.970319255074631,11.1573981666628,11.8637598518126
2022130,"Têxteis, vestuário, couro e calçados",CTKA,2014,2,1.17935178244871,0.988376281059347,0.0236247970840108,0.945891663740346,11.8659764479877,12.0084105388892
2022130,"Têxteis, vestuário, couro e calçados",CTKA,2014,3,1.23927966247174,1.00540948574001,0.00442976117567351,0.931616473633142,12.2969749978477,11.9566664804278
2022130,"Têxteis, vestuário, couro e calçados",CTKA,2014,4,1.17015728571979,1.03420830195874,-0.0287742360663335,0.96642456310654,12.6643143952056,11.5464880104565
2022130,"Têxteis, vestuário, couro e calçados",CTKA,2015,1,0.920018436946552,0.970507883043065,0.0427124815101048,1.05776159301777,10.9086777662576,11.611592500588
2022130,"Têxteis, vestuário, couro e calçados",CTKA,2015,2,1.09790874331563,0.997846418389403,0.0121077712279928,0.987920642710914,11.6985241444603,11.6161319043707
2022130,"Têxteis, vestuário, couro e calçados",CTKA,2015,3,1.07873285796791,1.01200871893911,-0.00376276667900644,1.00272829202406,12.0998644801633,11.6114939887833
2022130,"Têxteis, vestuário, couro e calçados",CTKA,2015,4,1.16579935252445,1.02082152568145,-0.0134051890169977,0.966277542266942,12.4620415342625,11.7090083102328
2022130,"Têxteis, vestuário, couro e calçados",CTKA,2016,1,1.14981523211428,0.973608255568272,0.0394683115338145,0.948409873901719,11.1074267210964,11.7095974771621
2022130,"Têxteis, vestuário, couro e calçados",CTKA,2016,2,1.08295769576584,0.998448289139311,0.0117531733428251,0.994359056974574,11.8696866076937,11.7535471990534
2022130,"Têxteis, vestuário, couro e calçados",CTKA,2016,3,1.12922260962147,1.01092374763739,-0.0021305342814803,0.978834860385801,12.2697271282084,11.7909875127592
2022130,"Têxteis, vestuário, couro e calçados",CTKA,2016,4,1.10869873034782,1.02322087055572,-0.01586469689207,0.990773675700697,12.6404798554032,11.8068459686323
2022130,"Têxteis, vestuário, couro e calçados",CTKA,2017,1,1.37101667627191,0.966484816301367,0.0476610805525525,0.86230784647073,11.0067846835068,11.8023226325552
2022130,"Têxteis, vestuário, couro e calçados",CTKA,2017,2,1.23689533371601,0.991762466186434,0.0193768086974278,0.926597264028229,11.743514333397,11.8122571521396
2022130,"Têxteis, vestuário, couro e calçados",CTKA,2017,3,1.17760405731605,1.00654056279055,0.00284775979382335,0.956816211352006,12.1775111542837,11.8209957865906
2022130,"Têxteis, vestuário, couro e calçados",CTKA,2017,4,1.28755858564595,1.0193395657019,-0.0114709219081037,0.918633847281335,12.5518377239215,11.8271808586633
2022130,"Têxteis, vestuário, couro e calçados",CTKA,2018,1,1.26244766321678,0.963986565589484,0.0505155647000643,0.896230522766928,10.9624362447526,11.8267585854903
2022130,"Têxteis, vestuário, couro e calçados",CTKA,2018,2,1.2571703835028,0.989154922424626,0.0223402163540936,0.917471284323199,11.6895394654422,11.8308985002094
2022130,"Têxteis, vestuário, couro e calçados",CTKA,2018,3,1.30545905421229,1.00602316255125,0.00345826713988417,0.908501316362415,12.1776388442876,11.834372362276
2022130,"Têxteis, vestuário, couro e calçados",CTKA,2018,4,1.34682711472483,1.01756475992558,-0.00939334571080835,0.897655444255786,12.5442738366478,11.8659202339647
2022130,"Têxteis, vestuário, couro e calçados",CTKA,2019,1,1.32252933677968,0.962443053941114,0.0523473704429319,0.874023466896588,10.9678933730463,11.8711965710641
2022130,"Têxteis, vestuário, couro e calçados",CTKA,2019,2,1.28747777332857,0.990147814911531,0.0213321602064381,0.90698933414401,11.7680695744297,11.8755727214932
2022130,"Têxteis, vestuário, couro e calçados",CTKA,2019,3,1.28716228270317,1.0060271203563,0.00353225553459069,0.914779037296083,12.2155337814995,11.8681099846784
2022130,"Têxteis, vestuário, couro e calçados",CTKA,2019,4,1.35960523104763,1.01929265827753,-0.0113186542005346,0.89375771871227,12.5985428676571,11.8700895699502
2022130,"Têxteis, vestuário, couro e calçados",CTKA,2020,1,1.63144165806349,0.964785254990657,0.0497274644983698,0.788853025587652,11.0365846504355,11.8724980932636
2022130,"Têxteis, vestuário, couro e calçados",CTKA,2020,2,1.34352615241944,0.9867649567949,0.0251221628656274,0.885851239355982,11.6717746227853,11.876297150497
2022130,"Têxteis, vestuário, couro e calçados",CTKA,2020,3,1.41365460942822,1.00768164648772,0.00171166389874167,0.873406303824415,12.2785609414305,11.8819808288608
2022130,"Têxteis, vestuário, couro e calçados",CTKA,2020,4,1.38103789896424,1.02232915490714,-0.0146733334685027,0.887220105711706,12.7077547539748,11.8897778920164
2022130,"Têxteis, vestuário, couro e calçados",CTKA,2021,1,1.39022117689987,0.974026241877714,0.0395186725030937,0.861860307758924,11.3692012074321,11.9326401853959
2022130,"Têxteis, vestuário, couro e calçados",CTKA,2021,2,1.48314895424014,1.00054973986915,0.00986118704289773,0.84972446017995,12.1522725923729,11.9520216206823
2022130,"Têxteis, vestuário, couro e calçados",CTKA,2021,3,1.42556982386419,1.01622422507816,-0.00756103180350776,0.871571985514646,12.6653129578547,12.0083666493896
2022130,"Têxteis, vestuário, couro e calçados",CTKA,2021,4,1.37700857218768,1.02832277849482,-0.0209709899094765,0.888343788131475,13.0794275498958,12.0680359294459
2022130,"Têxteis, vestuário, couro e calçados",CTKA,2022,1,1.04338629462112,0.982809543039263,0.0300715964962593,1.00115445854722,11.8087259703347,12.0999800719833
2022130,"Têxteis, vestuário, couro e calçados",CTKA,2022,2,1.06364760358875,1.00709667992152,0.00288294352558693,1.00549548351774,12.5104634246998,12.1040574630005
2022130,"Têxteis, vestuário, couro e calçados",CTKA,2022,3,1.12185493040091,1.02197205286015,-0.0137634026018245,0.983184046476143,12.9432241628636,12.1091988213709
2022130,"Têxteis, vestuário, couro e calçados",CTKA,2022,4,1.16828865563131,1.03377229100073,-0.0270038306302864,0.964488499230958,13.2695034674013,12.098080486802
2022130,"Têxteis, vestuário, couro e calçados",CTKA,2023,1,1.33421315580654,0.981355834112775,0.0317090240443415,0.884336740277632,11.77156436117,12.1040588500184
2022130,"Têxteis, vestuário, couro e calçados",CTKA,2023,2,1.37896056296271,1.00566755622948,0.00448086037684747,0.882580040595861,12.4682364475987,12.1029828204576
2022130,"Têxteis, vestuário, couro e calçados",CTKA,2023,3,1.378343554401,1.02013195763136,-0.01174618742877,0.886785255745048,12.8694803291393,12.0905150043457
2022130,"Têxteis, vestuário, couro e calçados",CTKA,2023,4,1.34738894644129,1.03484207161614,-0.0282360064741224,0.898164624319195,13.2837475921367,12.0833783220319
2022130,"Têxteis, vestuário, couro e calçados",CTKA,2024,1,1.13021591618652,0.982306693033297,0.0305913754049971,0.961658476786763,11.7734105263796,12.0813339963326
2022130,"Têxteis, vestuário, couro e calçados",CTKA,2024,2,1.31342025113277,1.00761530508426,0.00227751910829183,0.905086460409344,12.5134806154962,12.0934577755564
2022130,"Têxteis, vestuário, couro e calçados",CTKA,2024,3,1.37888220422694,1.02295273293483,-0.0149333457394143,0.887121200844158,12.9368212004564,12.0783433299699
2022130,"Têxteis, vestuário, couro e calçados",CTNM,1991,4,1.00083413296153,0.944073185293091,0.0551465614607125,0.988181632686196,1.87820281932373,4.22524414178782
2022130,"Têxteis, vestuário, couro e calçados",CTNM,1992,1,0.77258233869788,0.883128254537211,0.12570743368021,1.01180954785776,1.24226048166357,5.21957136070984
2022130,"Têxteis, vestuário, couro e calçados",CTNM,1992,2,0.944782084492779,0.900809969751852,0.107315554715191,0.951053226222341,2.42870465108431,5.82579488425873
2022130,"Têxteis, vestuário, couro e calçados",CTNM,1992,3,0.950817845140325,0.912962400452267,0.09514887277657,0.970945954221823,3.47241727389651,6.44629579284609
2022130,"Têxteis, vestuário, couro e calçados",CTNM,1992,4,1.09431054261532,0.918867924281643,0.0900552691803515,0.914935285870989,4.3741157776943,7.10010958649998
2022130,"Têxteis, vestuário, couro e calçados",CTNM,1993,1,0.606603311196754,0.860643039252276,0.157032052531775,1.08459538289812,3.55704439704122,7.86297075598459
2022130,"Têxteis, vestuário, couro e calçados",CTNM,1993,2,0.679515789912221,0.88688991989,0.129445268503417,1.09013354774794,5.18055290009424,8.63992856141884
2022130,"Têxteis, vestuário, couro e calçados",CTNM,1993,3,0.659632706760989,0.895433469102778,0.121878536485111,1.12486407931343,6.38975267066548,9.50071134534151
2022130,"Têxteis, vestuário, couro e calçados",CTNM,1993,4,0.591646206967985,0.904336733823345,0.114044705094923,1.20575058375882,7.67467031529135,10.4198873713699
2022130,"Têxteis, vestuário, couro e calçados",CTNM,1994,1,0.634902729377515,0.846398408312057,0.18139702808594,1.01080245361666,7.20135700839035,11.4823690712167
2022130,"Têxteis, vestuário, couro e calçados",CTNM,1994,2,0.732668752644101,0.866489957378075,0.161476912764022,0.986430219716806,9.02086600665117,12.59212959283
2022130,"Têxteis, vestuário, couro e calçados",CTNM,1994,3,0.735560939386803,0.87714911289709,0.149872307391654,1.00926672555281,9.48685362572991,12.7350161473166
2022130,"Têxteis, vestuário, couro e calçados",CTNM,1994,4,0.628725889604084,0.889765839595954,0.135967536521951,1.12225421240559,9.95701892747693,12.8314547077486
2022130,"Têxteis, vestuário, couro e calçados",CTNM,1995,1,0.584614006889158,0.826669601738508,0.206786053409921,0.986199575435352,8.22277053082469,12.9001712548382
2022130,"Têxteis, vestuário, couro e calçados",CTNM,1995,2,0.525436165822109,0.857792753356474,0.172134069613726,1.13639977293107,9.21325472412347,12.9868630701389
2022130,"Têxteis, vestuário, couro e calçados",CTNM,1995,3,0.638420044094133,0.872318155776186,0.156038231658516,1.06879782085354,9.71237516637727,13.0602325236148
2022130,"Têxteis, vestuário, couro e calçados",CTNM,1995,4,0.65004270416057,0.880185083861936,0.147511898844117,1.07806809905443,10.0747848342844,13.1822003283365
2022130,"Têxteis, vestuário, couro e calçados",CTNM,1996,1,0.824578553541798,0.82014553755822,0.214783995901222,0.811969038934136,8.36884721694163,13.1978452120909
2022130,"Têxteis, vestuário, couro e calçados",CTNM,1996,2,0.926585165734307,0.843886089512274,0.188256561077015,0.822610985931696,9.07856015531903,13.2230551227555
2022130,"Têxteis, vestuário, couro e calçados",CTNM,1996,3,1.16896484382668,0.858040221623766,0.172465920263495,0.761065435266866,9.51375163580229,13.248854673678
2022130,"Têxteis, vestuário, couro e calçados",CTNM,1996,4,1.04495667136712,0.879858177284385,0.147662389241162,0.850176877338022,9.96153025488883,13.0894469104423
2022130,"Têxteis, vestuário, couro e calçados",CTNM,1997,1,0.531030465601784,0.848663147640236,0.182506534942576,1.10249233639404,9.02278235896509,13.0507965527832
2022130,"Têxteis, vestuário, couro e calçados",CTNM,1997,2,0.747828798095686,0.892957982307378,0.132602301255665,1.03541151169969,10.1495876777142,12.9215885911249
2022130,"Têxteis, vestuário, couro e calçados",CTNM,1997,3,0.967439160177068,0.910813555885052,0.113213723677968,0.941200712129317,10.954635370315,13.1827796688156
2022130,"Têxteis, vestuário, couro e calçados",CTNM,1997,4,1.06226995833534,0.930350529161399,0.0913269369140451,0.928254045155171,11.5115191394579,13.1792681827328
2022130,"Têxteis, vestuário, couro e calçados",CTNM,1998,1,1.11655946518674,0.901528530782889,0.123767252466828,0.860404423741056,10.7630817448547,13.2497314922671
2022130,"Têxteis, vestuário, couro e calçados",CTNM,1998,2,1.32220569630209,0.93167151281718,0.0899854921636212,0.833371004664953,11.6158605664877,13.2385811766282
2022130,"Têxteis, vestuário, couro e calçados",CTNM,1998,3,1.43888535011573,0.948314650412585,0.0713728625720759,0.817547434779419,12.105802647839,13.2494705853212
2022130,"Têxteis, vestuário, couro e calçados",CTNM,1998,4,1.39403892265693,0.960151685871399,0.0581058874438359,0.842312482992161,12.4402014157785,13.2446594666968
2022130,"Têxteis, vestuário, couro e calçados",CTNM,1999,1,1.31777356690987,0.917281531930554,0.106111335978162,0.815453497665244,11.208146647722,13.243363812653
2022130,"Têxteis, vestuário, couro e calçados",CTNM,1999,2,1.39303535917982,0.943364167767228,0.0769172277563571,0.825536914649061,11.9639527436716,13.2496987873359
2022130,"Têxteis, vestuário, couro e calçados",CTNM,1999,3,1.46276788132848,0.958075531751344,0.0604240255860909,0.82041282815771,12.3773003756746,13.2417088600711
2022130,"Têxteis, vestuário, couro e calçados",CTNM,1999,4,1.49993957769409,0.968724967252091,0.0485667759096434,0.819080519883241,12.7160462711488,13.2712214224312
2022130,"Têxteis, vestuário, couro e calçados",CTNM,2000,1,1.32471810408059,0.924861789833915,0.097698774559792,0.823527369608522,11.4624747796984,13.2761661943343
2022130,"Têxteis, vestuário, couro e calçados",CTNM,2000,2,1.46708378224239,0.949903923255435,0.0697448326267569,0.810912556866585,12.2245230766681,13.3147465349333
2022130,"Têxteis, vestuário, couro e calçados",CTNM,2000,3,1.53519896452149,0.964612832872876,0.0533214584615137,0.805958442821424,12.6701176828871,13.3356151275301
2022130,"Têxteis, vestuário, couro e calçados",CTNM,2000,4,1.54714455539065,0.975565450255908,0.0410361070151539,0.811238973196235,12.9748899887992,13.3270187859601
2022130,"Têxteis, vestuário, couro e calçados",CTNM,2001,1,1.4427370074171,0.926204622071859,0.0962921939757139,0.790607671339706,11.5478501615213,13.3179830172816
2022130,"Têxteis, vestuário, couro e calçados",CTNM,2001,2,1.61129231271984,0.95118486386808,0.0682874501013067,0.775052279380966,12.2502546120572,13.3048896154163
2022130,"Têxteis, vestuário, couro e calçados",CTNM,2001,3,1.63212014795079,0.9655955296478,0.052140004874323,0.782631009903641,12.6593151823071,13.3007792827281
2022130,"Têxteis, vestuário, couro e calçados",CTNM,2001,4,1.5863002225023,0.969457109057533,0.0484419101918284,0.795378747012731,13.0719124041647,13.5702324581253
2022130,"Têxteis, vestuário, couro e calçados",CTNM,2002,1,1.3745468598263,0.93274325901998,0.0895540777103189,0.816800193618637,12.0170110248515,13.5693246928922
2022130,"Têxteis, vestuário, couro e calçados",CTNM,2002,2,1.54230457685502,0.955621919744291,0.0640180756184509,0.794729711626207,12.71462368078,13.6058223154843
2022130,"Têxteis, vestuário, couro e calçados",CTNM,2002,3,1.67086732148152,0.96866747749443,0.0495060483973183,0.773972843794512,13.1359000285282,13.6476122139144
2022130,"Têxteis, vestuário, couro e calçados",CTNM,2002,4,1.7180755854668,0.978591749634732,0.0384531308384287,0.769906784467996,13.4500972824858,13.6737917129235
2022130,"Têxteis, vestuário, couro e calçados",CTNM,2003,1,1.52077538646129,0.93535001335706,0.086933424506703,0.778824384681859,12.2356689640583,13.6977607569681
2022130,"Têxteis, vestuário, couro e calçados",CTNM,2003,2,1.57340716980923,0.959773169460055,0.0596179221794956,0.789922120558405,12.9535831316547,13.7127968917523
2022130,"Têxteis, vestuário, couro e calçados",CTNM,2003,3,1.66243695255078,0.973151629775321,0.0446806650461435,0.778706885463008,13.3591576226767,13.7320321783648
2022130,"Têxteis, vestuário, couro e calçados",CTNM,2003,4,1.76649882762549,0.982188933771265,0.0346326027608244,0.760949684980465,13.6534718692501,13.7631924411519
2022130,"Têxteis, vestuário, couro e calçados",CTNM,2004,1,1.41019767579609,0.935113417981362,0.0874491016827207,0.807863995336859,12.3496708205811,13.8056257518443
2022130,"Têxteis, vestuário, couro e calçados",CTNM,2004,2,1.5839082894838,0.959113759372718,0.0606385408223989,0.786024528691042,13.0705995095776,13.8341918018431
2022130,"Têxteis, vestuário, couro e calçados",CTNM,2004,3,1.62267433850077,0.972816587955687,0.045420877614497,0.787037027242318,13.5253956910664,13.8890660698256
2022130,"Têxteis, vestuário, couro e calçados",CTNM,2004,4,1.67931795084965,0.983298218497471,0.0337093339795232,0.780311824675506,13.8389880569933,13.900418619202
2022130,"Têxteis, vestuário, couro e calçados",CTNM,2005,1,1.2532981012451,0.932462189448073,0.0906562735214816,0.85292076679846,12.3883133115526,13.9080914730754
2022130,"Têxteis, vestuário, couro e calçados",CTNM,2005,2,1.36184222854713,0.957561601268626,0.062562838720934,0.845713194525742,13.115704186729,13.9142555266671
2022130,"Têxteis, vestuário, couro e calçados",CTNM,2005,3,1.33549093219098,0.971716886050324,0.0467208895693246,0.866480082045476,13.5268314051263,13.9185368473344
2022130,"Têxteis, vestuário, couro e calçados",CTNM,2005,4,1.30170970426274,0.978302690009708,0.0396261881060198,0.88189458860698,13.8509989039158,14.0391946447629
2022130,"Têxteis, vestuário, couro e calçados",CTSA,1997,4,0.919975770726174,0.982011881596556,0.0303262607570102,1.06708295966533,11.4781638391575,11.8252442404007
2022130,"Têxteis, vestuário, couro e calçados",CTSA,1998,3,0.9864742979966,0.969866201232283,0.0441615109637785,1.01928227105102,11.2421668692316,11.9258368069396
2022130,"Têxteis, vestuário, couro e calçados",CTSA,1998,4,1.08388119716492,0.979322502024749,0.0335589248942609,0.980535905007781,11.5074094641712,11.9202967624778
2022130,"Têxteis, vestuário, couro e calçados",CTSA,1999,1,1.15902280174425,0.931854397741274,0.0867332315060096,0.8973514573944,10.1529124751583,11.9275233229386
2022130,"Têxteis, vestuário, couro e calçados",CTSA,1999,2,1.26580196039156,0.956937483006359,0.0586478250914983,0.887734657816986,10.8748940407229,11.9292755205067
2022130,"Têxteis, vestuário, couro e calçados",CTSA,1999,3,1.31083283873639,0.9743913051028,0.0390884498259327,0.887904120246301,11.3693685434572,11.9234319234236
2022130,"Têxteis, vestuário, couro e calçados",CTSA,1999,4,1.3076616170885,0.984828847222291,0.0274432856915134,0.896375551835826,11.6898888188667,11.9421010150418
2022130,"Têxteis, vestuário, couro e calçados",CTSA,2000,1,1.21051891633224,0.936921523250326,0.0811167440238579,0.884537219781067,10.3262952046114,11.9524630999814
2022130,"Têxteis, vestuário, couro e calçados",CTSA,2000,2,1.33089626753089,0.958992389506909,0.0565404010239324,0.867376627792372,11.0272390420267,12.0126416158314
2022130,"Têxteis, vestuário, couro e calçados",CTSA,2000,3,1.36104729764707,0.973323625155438,0.0405494780080112,0.870020907169745,11.4665741596553,12.0376016079177
2022130,"Têxteis, vestuário, couro e calçados",CTSA,2000,4,1.37090243141424,0.983133204175031,0.0295763034324762,0.873895874922937,11.754017968154,12.0428309966984
2022130,"Têxteis, vestuário, couro e calçados",CTSA,2001,1,1.00716449469559,0.93415493670696,0.0844374099550314,0.965334483707945,10.354066991813,12.0481785789653
2022130,"Têxteis, vestuário, couro e calçados",CTSA,2001,2,1.12726307681959,0.970934166794504,0.0425076700815774,0.955424739445532,11.052230579894,11.7288540162566
2022130,"Têxteis, vestuário, couro e calçados",CTSA,2001,3,1.11902389245159,0.985981308229338,0.0257010168793721,0.970752211849899,11.5053625813256,11.747783365787
2022130,"Têxteis, vestuário, couro e calçados",CTSA,2001,4,1.05061619612915,0.999352510444748,0.0105930725294894,1.01033800520406,11.8245794237662,11.690089839665
2022130,"Têxteis, vestuário, couro e calçados",CTSA,2002,1,0.952346844289549,0.948915317611532,0.0670388243108408,1.01495616266177,10.359073350383,11.6742953571774
2022130,"Têxteis, vestuário, couro e calçados",CTSA,2002,2,1.03133723357727,0.974176899942054,0.0387400203457786,1.00210542603725,11.0796717057806,11.670236962147
2022130,"Têxteis, vestuário, couro e calçados",CTSA,2002,3,1.06640915679048,0.992009003736214,0.0187219365098168,0.998882797668824,11.5681007711402,11.6492984478254
2022130,"Têxteis, vestuário, couro e calçados",CTSA,2002,4,1.16399383487518,1.00429262800285,0.0049183329831301,0.962406360512793,11.8977280580247,11.6287790974136
2022130,"Têxteis, vestuário, couro e calçados",CTSA,2003,1,1.01308175182238,0.958274234340085,0.0564073247580483,0.99540176133897,10.5550496727756,11.6093988044057
2022130,"Têxteis, vestuário, couro e calçados",CTSA,2003,2,1.06720779445844,0.983217467646658,0.028597221947938,0.992459313727251,11.3301986844442,11.6622128136649
2022130,"Têxteis, vestuário, couro e calçados",CTSA,2003,3,1.14722000013439,0.999285391403016,0.0105779019945881,0.967015434667878,11.7791316482687,11.6512267689584
2022130,"Têxteis, vestuário, couro e calçados",CTSA,2003,4,1.11776219511566,1.01173190305292,-0.00341079839471786,0.984891821505504,12.1121405174762,11.6295517705389
2022130,"Têxteis, vestuário, couro e calçados",CTSA,2004,1,1.10050996294139,0.960838961699633,0.0535324607462379,0.957752046007097,10.6273534509675,11.6082221537745
2022130,"Têxteis, vestuário, couro e calçados",CTSA,2004,2,1.34471304889727,0.984851718598119,0.026799420467055,0.885148237936147,11.3926847138163,11.6761201589877
2022130,"Têxteis, vestuário, couro e calçados",CTSA,2004,3,1.53560325916011,1.00107147115433,0.00859779141347922,0.83653613866124,11.840058542806,11.6598500153843
2022130,"Têxteis, vestuário, couro e calçados",CTSA,2004,4,1.64833893969377,1.01090181439604,-0.00243682123815753,0.810736761359434,12.1097016412004,11.6486516389242
2022130,"Têxteis, vestuário, couro e calçados",CTSA,2005,1,1.94445618479374,0.958542285058452,0.0561758242421213,0.71860373014744,10.5958317708081,11.6389450672347
2022130,"Têxteis, vestuário, couro e calçados",CTSA,2005,2,2.03677915481934,0.983501315699458,0.0282362449790203,0.718615779023301,11.3175783350542,11.643667315312
2022130,"Têxteis, vestuário, couro e calçados",CTSA,2005,3,1.94980267857289,0.998143206302673,0.0118632577468047,0.741307175635931,11.7493661672127,11.6539247641124
2022130,"Têxteis, vestuário, couro e calçados",CTSA,2005,4,1.82178851328428,1.00623470194288,0.00294670503756561,0.769580528115979,12.0513820206255,11.716206300959
2022130,"Têxteis, vestuário, couro e calçados",CTSA,2006,1,1.53769955997859,0.960097805992107,0.0546632949409333,0.809073395954938,10.7510191079717,11.7376500665655
2022130,"Têxteis, vestuário, couro e calçados",CTSA,2006,2,1.4937544319615,0.984702830397914,0.0271392747300839,0.839428651852414,11.4718166154568,11.7505990983069
2022130,"Têxteis, vestuário, couro e calçados",CTSA,2006,3,1.35461539958688,1.00185198454345,0.00794459100137485,0.890581991446196,11.9688706095614,11.7548684841138
2022130,"Têxteis, vestuário, couro e calçados",CTSA,2006,4,1.29977320715979,1.01285903196634,-0.00437946982058518,0.913091002792443,12.2859222708722,11.7558420400052
2022130,"Têxteis, vestuário, couro e calçados",CTSA,2007,1,1.17269947433655,0.965804774519315,0.0482953599423999,0.93199516635151,10.9259476938653,11.747569112759
2022130,"Têxteis, vestuário, couro e calçados",CTSA,2007,2,1.23789066319833,0.990551603185942,0.0205447418783539,0.925893475231236,11.6181524809174,11.7313508021975
2022130,"Têxteis, vestuário, couro e calçados",CTSA,2007,3,1.24469439110941,1.00595343907806,0.00327249953851966,0.930918414417273,12.0485211988114,11.7208612989221
2022130,"Têxteis, vestuário, couro e calçados",CTSA,2007,4,1.27817271933329,1.01478006487859,-0.00656607799684444,0.921365769736991,12.3240473232665,11.740644644115
2022130,"Têxteis, vestuário, couro e calçados",CTSA,2008,1,1.23780714673091,0.966493416116618,0.0474864761751514,0.90785350567921,10.92755074872,11.7313486014359
2022130,"Têxteis, vestuário, couro e calçados",CTSA,2008,2,1.38420070804725,0.991819681505669,0.0191039842347195,0.87633337689522,11.6445848036447,11.7224493652704
2022130,"Têxteis, vestuário, couro e calçados",CTSA,2008,3,1.44238964879374,1.00798027024071,0.000979183490491253,0.865511000121531,12.0953542822064,11.7107279875177
2022130,"Têxteis, vestuário, couro e calçados",CTSA,2008,4,1.44046981256288,1.01906238235902,-0.0114634026836596,0.869024324477332,12.3979568924603,11.6968748245075
2022130,"Têxteis, vestuário, couro e calçados",CTSA,2009,1,1.30383582269871,0.966333175855912,0.0475401827926459,0.884662389274947,10.8623723724849,11.677253662006
2022130,"Têxteis, vestuário, couro e calçados",CTSA,2009,2,1.33052602878278,0.9930555646407,0.0175728631560234,0.894790793348975,11.6091877713581,11.6591613798023
2022130,"Têxteis, vestuário, couro e calçados",CTSA,2009,3,1.35168599404667,1.01015561757424,-0.00162357888048498,0.895105572259143,12.0774939508814,11.6390184205145
2022130,"Têxteis, vestuário, couro e calçados",CTSA,2009,4,1.38564653853371,1.02006859134657,-0.0127128066453321,0.886465552418267,12.3677776840585,11.6441334550843
2022130,"Têxteis, vestuário, couro e calçados",CTSA,2010,1,1.32597837099177,0.974666394917989,0.0380790683791103,0.884373178741611,11.0393843326921,11.6217142587613
2022130,"Têxteis, vestuário, couro e calçados",CTSA,2010,2,1.33239911292174,0.998022063654537,0.0120752173095767,0.896558341316151,11.7826469913669,11.6867488258359
2022130,"Têxteis, vestuário, couro e calçados",CTSA,2010,3,1.32800671998114,1.01295351172295,-0.00458355233420088,0.903549443577535,12.2412858272263,11.7135611930028
2022130,"Têxteis, vestuário, couro e calçados",CTSA,2010,4,1.41086731458526,1.02697845679662,-0.0205132084925885,0.879537708450063,12.5360950005993,11.6173148996815
2022130,"Têxteis, vestuário, couro e calçados",CTSA,2011,1,1.51649356484691,0.983609901470286,0.0280628486415529,0.832972452203309,11.2957412610446,11.6213840597212
2022130,"Têxteis, vestuário, couro e calçados",CTSA,2011,3,1.37210234219625,1.02226595102794,-0.0151493007179563,0.891148439079374,12.4425298444115,11.6545598966209
2022130,"Têxteis, vestuário, couro e calçados",CTSA,2011,4,1.35168209680058,1.03080561913283,-0.0246531945123906,0.898556868285713,12.716241825384,11.6800788689318
2022130,"Têxteis, vestuário, couro e calçados",CTSA,2012,1,1.33017490969833,0.982617874575419,0.0292962483216181,0.888507792292428,11.326268621426,11.6740727882461
2022130,"Têxteis, vestuário, couro e calçados",CTSA,2012,2,1.39495470917498,1.00651675692801,0.00254367345847217,0.879737582127905,12.0174818023641,11.6787044625168
2022130,"Têxteis, vestuário, couro e calçados",CTSA,2012,3,1.44276347926593,1.02119571871481,-0.0139119885304745,0.868815784609872,12.4305036309453,11.6712541698259
2022130,"Têxteis, vestuário, couro e calçados",CTSA,2012,4,1.43817950340754,1.0299782982432,-0.0237349994582284,0.871096556312084,12.6885010685373,11.6765139499895
2022130,"Têxteis, vestuário, couro e calçados",CTSA,2013,1,1.39157148261358,0.982087880258442,0.0298838173464415,0.868346114127943,11.3081888150514,11.6715134257745
2022130,"Têxteis, vestuário, couro e calçados",CTSA,2013,2,1.39469668649714,0.999899774977208,0.0104300682124076,0.876283937482004,12.0570187030761,11.8836232674355
2022130,"Têxteis, vestuário, couro e calçados",CTSA,2013,3,1.3534737747275,1.01064787636573,-0.00134292828265348,0.893040410900878,12.4924207033299,11.9969178019168
2022130,"Têxteis, vestuário, couro e calçados",CTSA,2013,4,1.33170571004098,1.0165988602946,-0.00780950977901484,0.901496838649424,12.7584800171468,12.0819590668908
2022130,"Têxteis, vestuário, couro e calçados",CTSA,2014,1,1.14949789481449,0.967153870751289,0.0477457938843759,0.940581982993204,11.4277734236533,12.161103378054
2022130,"Têxteis, vestuário, couro e calçados",CTSA,2014,2,1.14057393211856,0.994302431847836,0.0172729263241508,0.964791754059133,12.1731900069999,12.1308378932596
2022130,"Têxteis, vestuário, couro e calçados",CTSA,2014,3,1.16106827125437,1.00895428073423,0.000878771179851245,0.962897641364919,12.6004381779629,12.1367862958041
2022130,"Têxteis, vestuário, couro e calçados",CTSA,2014,4,1.13298902039723,1.02421445591593,-0.0165084055423473,0.979214337234385,12.8949383787609,12.0086013694631
2022130,"Têxteis, vestuário, couro e calçados",CTSA,2015,1,1.08998731069693,0.973981277256581,0.0397419201082684,0.972928468670948,11.4512068787429,12.0070214376565
2022130,"Têxteis, vestuário, couro e calçados",CTSA,2015,2,1.06029528155917,0.999076714918265,0.0115861587523167,1.00406399997121,12.1463119446765,11.9844570756326
2022130,"Têxteis, vestuário, couro e calçados",CTSA,2015,3,1.03352008768378,1.01232095338561,-0.00325785443055038,1.02262580375226,12.5205406865097,11.9791420398693
2022130,"Têxteis, vestuário, couro e calçados",CTSA,2015,4,1.00607436689969,1.02019269885776,-0.0120492979519233,1.03853715032906,12.7579631541882,11.9893764378564
2022130,"Têxteis, vestuário, couro e calçados",CTSA,2016,1,1.01702449350023,0.972852919209271,0.0409442339073893,1.00634707199593,11.3892905132037,11.9806552015054
2022130,"Têxteis, vestuário, couro e calçados",CTSA,2016,2,1.05025391296094,0.998270029049486,0.012441272430269,1.00853981508468,12.0999053556286,11.9636951744875
2022130,"Têxteis, vestuário, couro e calçados",CTSA,2016,3,1.0876395171601,1.01352987508298,-0.00466987143173259,0.997361563388667,12.527205156784,11.9541048529247
2022130,"Têxteis, vestuário, couro e calçados",CTSA,2016,4,1.09666266234186,1.02152121162256,-0.013510621834135,0.994911191151241,12.8088276745351,12.0007431205553
2022130,"Têxteis, vestuário, couro e calçados",CTSA,2017,1,1.16235514410178,0.972692671477115,0.0411235585822772,0.941198513852983,11.3846279408718,11.980599300478
2022130,"Têxteis, vestuário, couro e calçados",CTSA,2017,2,1.24871073306043,1.00156913052219,0.00864936851919507,0.926664438624633,12.1476914268396,11.9218006700828
2022130,"Têxteis, vestuário, couro e calçados",CTSA,2017,3,1.31477810430827,1.01677422160997,-0.00838990615483226,0.908115570908825,12.5785029286603,11.9167497316341
2022130,"Têxteis, vestuário, couro e calçados",CTSA,2017,4,1.32361909307599,1.02666724312445,-0.0195003517695571,0.906733597241145,12.8472269246662,11.9031239875318
2022130,"Têxteis, vestuário, couro e calçados",CTSA,2018,1,1.39935888183514,0.976314823656207,0.036851244399924,0.860953033841021,11.3845293525377,11.887664413814
2022130,"Têxteis, vestuário, couro e calçados",CTSA,2018,2,1.38978118524383,1.00181209324201,0.00827473719921251,0.878677525270414,12.1052605031002,11.8776832150427
2022130,"Têxteis, vestuário, couro e calçados",CTSA,2018,3,1.39921608980652,1.01834123562334,-0.0102503226879098,0.880825486729906,12.5726164533899,11.8713259141681
2022130,"Têxteis, vestuário, couro e calçados",CTSA,2018,4,1.34458578650387,1.02186005191335,-0.0137585414114887,0.898300938662731,12.881924066798,12.0573305516469
2022130,"Têxteis, vestuário, couro e calçados",CTSA,2019,1,1.17412545535028,0.977488615208837,0.035892857426192,0.940085181856152,11.5897809653519,12.0408602430651
2022130,"Têxteis, vestuário, couro e calçados",CTSA,2019,2,1.26720432482182,1.00153608543032,0.00896138654197659,0.919289622111777,12.2792377699855,12.0401147625456
2022130,"Têxteis, vestuário, couro e calçados",CTSA,2019,3,1.30504203846947,1.01622136810027,-0.00751640866713532,0.910843591148074,12.6851879991464,12.0261877143515
2022130,"Têxteis, vestuário, couro e calçados",CTSA,2019,4,1.28949956192352,1.02600875283243,-0.018495445711326,0.918030477975373,12.9571959746189,12.0182022622332
2022130,"Têxteis, vestuário, couro e calçados",CTSA,2020,1,1.25587466034683,0.9792827314582,0.033859858951891,0.91036382816142,11.6297941885485,12.0306021912458
2022130,"Têxteis, vestuário, couro e calçados",CTSA,2020,2,1.18750115523639,0.997883588522699,0.0131030445892532,0.947779469977338,12.1991463379462,12.0622201294545
2022130,"Têxteis, vestuário, couro e calçados",CTSA,2020,3,1.2090530800006,1.01380510025904,-0.00465676487227684,0.945340984814569,12.689910356694,12.0923409843993
2022130,"Têxteis, vestuário, couro e calçados",CTSA,2020,4,1.16366681394659,1.02523798860218,-0.0174292195998853,0.965849999333614,13.0329104598788,12.1055701350779
2022130,"Têxteis, vestuário, couro e calçados",CTSA,2021,1,1.18183333856403,0.984315476324985,0.0283718167978438,0.941772031979805,11.8455230297362,12.0942370914278
2022130,"Têxteis, vestuário, couro e calçados",CTSA,2021,2,1.19090023876544,1.01428981213628,-0.00544098322695646,0.953181807778469,12.5875180251773,11.9884829709757
2022130,"Têxteis, vestuário, couro e calçados",CTSA,2021,3,1.23670826343557,1.0299058492815,-0.0229869062757685,0.93800207871618,13.0077485488255,11.9634497221672
2022130,"Têxteis, vestuário, couro e calçados",CTSA,2021,4,1.21291302902137,1.03936556330463,-0.0336375858804454,0.947156237629707,13.2517602183626,11.9388635893392
2022130,"Têxteis, vestuário, couro e calçados",CTSA,2022,1,1.11421203192689,0.992330103614141,0.0190047814507595,0.976051362719803,11.8868273653443,11.9256812222571
2022130,"Têxteis, vestuário, couro e calçados",CTSA,2022,2,1.04865152429444,1.01126360398166,-0.00218897491900694,1.01513597319174,12.4346877052047,11.9295809354347
2022130,"Têxteis, vestuário, couro e calçados",CTSA,2022,3,1.02726315158314,1.02504576162571,-0.0176442198126032,1.02896210305512,12.8200992155918,11.9204632702235
2022130,"Têxteis, vestuário, couro e calçados",CTSA,2022,4,0.989903149237224,1.02199522672178,-0.013736738857445,1.04653834883548,12.9692382201823,12.1318345983786
2022130,"Têxteis, vestuário, couro e calçados",DOHL,1989,3,2.12842597063567,1.06309044141822,-0.0945324169790262,0.676227294416395,-2.60489761713261,-2.8288103853207
2022130,"Têxteis, vestuário, couro e calçados",DOHL,1989,4,1.5603825536382,1.06301130377786,-0.0919662555130727,0.799395555626824,-1.41354505541312,-1.76293877427214
2022130,"Têxteis, vestuário, couro e calçados",DOHL,1990,1,1.04244850910954,1.00124411341246,-0.0197366692580531,0.989463977330742,-1.71276845654572,-0.446854340039645
2022130,"Têxteis, vestuário, couro e calçados",DOHL,1990,2,2.05336249882651,1.03104295709227,-0.0528471904859999,0.711224277279676,-0.732150405045601,-0.33502663440777
2022130,"Têxteis, vestuário, couro e calçados",DOHL,1990,3,2.09048422627515,1.04839692997577,-0.0713098011424422,0.706383807924264,0.233984292762893,0.0828679995443242
2022130,"Têxteis, vestuário, couro e calçados",DOHL,1990,4,1.87843898761159,1.05547490860695,-0.0780786216299093,0.746832444932515,0.994821757716855,0.580843389948901
2022130,"Têxteis, vestuário, couro e calçados",DOHL,1991,1,1.176714814434,1.00149933321679,-0.0164039576413166,0.943483008318286,0.0378826799244026,1.10988397156358
2022130,"Têxteis, vestuário, couro e calçados",DOHL,1991,2,1.57731423482199,1.03242685614641,-0.0505510838400643,0.822439518315672,1.16043452466615,1.31952290777706
2022130,"Têxteis, vestuário, couro e calçados",DOHL,1991,3,1.32250794113848,1.02998128526266,-0.0456209788858461,0.903680817590248,2.14600924236589,2.26229983846561
2022130,"Têxteis, vestuário, couro e calçados",DOHL,1991,4,1.16085976030884,1.03951360616344,-0.0549240592189258,0.967644778982515,3.08052223256235,2.85245009789674
2022130,"Têxteis, vestuário, couro e calçados",DOHL,1992,1,0.793597528168949,0.988873940016887,0.00334625027328683,1.1571356051329,2.37899732800808,3.5240585152599
2022130,"Têxteis, vestuário, couro e calçados",DOHL,1992,2,0.819356887871202,1.01043948479931,-0.0194422936916838,1.15412128998255,3.65412589604939,4.10992017595067
2022130,"Têxteis, vestuário, couro e calçados",DOHL,1992,3,0.956827710892087,1.02430219185665,-0.0335738679943738,1.07385816486639,4.72302358272463,4.7090709922884
2022130,"Têxteis, vestuário, couro e calçados",DOHL,1992,4,1.01346375725767,1.03488580784912,-0.043992508493953,1.04591186179061,5.71745959759932,5.32578285214584
2022130,"Têxteis, vestuário, couro e calçados",DOHL,1993,1,0.793563161482396,0.986380275094416,0.0120306943591932,1.16425395495025,5.14600263259028,6.05883377099226
2022130,"Têxteis, vestuário, couro e calçados",DOHL,1993,2,0.854832169344932,1.00869764485836,-0.011210764866382,1.13627233957773,6.63013473344524,6.8120579111402
2022130,"Têxteis, vestuário, couro e calçados",DOHL,1993,3,0.87589114913633,1.01933591870905,-0.0211601949617119,1.12625346364826,7.88168426544314,7.65696359033712
2022130,"Têxteis, vestuário, couro e calçados",DOHL,1993,4,0.964223051807068,1.02454533618896,-0.0248373467337618,1.07361925148853,9.07025111330389,8.58478578069885
2022130,"Têxteis, vestuário, couro e calçados",DOHL,1994,1,0.816941617273369,0.972325006993183,0.036074348337468,1.13265020977618,8.74311082484419,9.63122596818436
2022130,"Têxteis, vestuário, couro e calçados",DOHL,1994,2,1.32031572487769,0.990147202381077,0.0187004060148584,0.90020634956023,10.4997995562997,10.7430603075556
2022130,"Têxteis, vestuário, couro e calçados",DOHL,1994,3,1.37056854070792,1.00131403492726,0.00690464267132285,0.88803762422252,11.162167893797,11.0482957961781
2022130,"Têxteis, vestuário, couro e calçados",DOHL,1994,4,1.51807571029042,1.01565313378838,-0.00927511225309507,0.848514171470514,11.5149960029263,10.9958059959474
2022130,"Têxteis, vestuário, couro e calçados",DOHL,1995,1,1.41296995971929,0.970055045561563,0.0419374515967307,0.855298452355916,10.277970111773,11.059996581812
2022130,"Têxteis, vestuário, couro e calçados",DOHL,1995,2,1.40097606441284,0.992362596677383,0.0171542685526183,0.873698029313348,11.0137539564258,11.145219249817
2022130,"Têxteis, vestuário, couro e calçados",DOHL,1995,3,1.39435799911005,1.00456735069345,0.00362294822777909,0.881150963092312,11.4297450597014,11.2038419531311
2022130,"Têxteis, vestuário, couro e calçados",DOHL,1995,4,1.32189394801573,1.0143301270885,-0.00720135890967255,0.907977505120495,11.7623153862416,11.2505677001816
2022130,"Têxteis, vestuário, couro e calçados",DOHL,1996,1,1.03138592223734,0.962841594216655,0.0504823161653746,0.993041782893172,10.2958126428307,11.2608322844834
2022130,"Têxteis, vestuário, couro e calçados",DOHL,1996,2,1.07980796310635,0.987870648094604,0.0224328174552112,0.991834575724099,11.0043915944638,11.25200132881
2022130,"Têxteis, vestuário, couro e calçados",DOHL,1996,3,1.11405549500982,1.00243441952338,0.00614541300083565,0.984597954219058,11.4330218199187,11.2614415605862
2022130,"Têxteis, vestuário, couro e calçados",DOHL,1996,4,1.16967621798504,1.01421949653233,-0.00709747730759624,0.965257627669493,11.7494998668579,11.2419596152284
2022130,"Têxteis, vestuário, couro e calçados",DOHL,1997,1,1.12213743614079,0.965617533852099,0.0473333500542841,0.954844206309704,10.3560767885394,11.2434905760985
2022130,"Têxteis, vestuário, couro e calçados",DOHL,1997,2,1.14891553083284,0.989980347040248,0.0200339700363591,0.962957839477471,11.0474697800497,11.2363908482478
2022130,"Têxteis, vestuário, couro e calçados",DOHL,1997,3,1.09688298648093,1.00463473390682,0.00363633165363625,0.993338022963516,11.4744819547165,11.2420634567844
2022130,"Têxteis, vestuário, couro e calçados",DOHL,1997,4,1.11648000886306,1.01634334537645,-0.00954399195284789,0.988686217180107,11.7776533922461,11.2126591434274
2022130,"Têxteis, vestuário, couro e calçados",DOHL,1998,1,0.85976216088509,0.968522101697211,0.0440436076248869,1.09407039747413,10.4216081581017,11.2275552100745
2022130,"Têxteis, vestuário, couro e calçados",DOHL,1998,2,0.930140005655192,0.99223352786963,0.017476103244638,1.07182572671198,11.0954663609002,11.2214944711527
2022130,"Têxteis, vestuário, couro e calçados",DOHL,1998,3,1.00506432652735,1.00590915737966,0.00215621198782046,1.03838215321263,11.4855560066104,11.2192848864939
2022130,"Têxteis, vestuário, couro e calçados",DOHL,1998,4,1.04539800647399,1.0165503261686,-0.00977296009848111,1.02179509171725,11.7849538685422,11.2138727043058
2022130,"Têxteis, vestuário, couro e calçados",DOHL,1999,1,1.45695463131458,0.965758226549505,0.0471292214095019,0.838170887683452,10.3376776224573,11.2234542731317
2022130,"Têxteis, vestuário, couro e calçados",DOHL,1999,2,1.3744717672135,0.989399746465365,0.0206802451306315,0.880079555841001,11.0289173719544,11.2347066595608
2022130,"Têxteis, vestuário, couro e calçados",DOHL,1999,3,1.3694108870436,1.00367112562141,0.00470692002811529,0.888656465303511,11.4427186264591,11.2383999621806
2022130,"Têxteis, vestuário, couro e calçados",DOHL,1999,4,1.38103728354625,1.0140191958069,-0.00683175789693441,0.888206370900928,11.7637011543796,11.2597752714029
2022130,"Têxteis, vestuário, couro e calçados",DOHL,2000,1,1.25297661601274,0.971507207585394,0.0407726635753585,0.908719378846874,10.541960176838,11.258508647338
2022130,"Têxteis, vestuário, couro e calçados",DOHL,2000,2,1.19888138519238,0.994019119959454,0.0155736375071627,0.944924363740853,11.1935237501946,11.2632866660951
2022130,"Têxteis, vestuário, couro e calçados",DOHL,2000,3,1.27018079341961,1.006731837844,0.00137174937022483,0.923747901923884,11.5750893232013,11.278147706337
2022130,"Têxteis, vestuário, couro e calçados",DOHL,2000,4,1.28015274585339,1.01741322126009,-0.010580009347114,0.923283589661436,11.8864565280398,11.2823929740527
2022130,"Têxteis, vestuário, couro e calçados",DOHL,2001,1,1.18409404118038,0.967248966252255,0.0456691143014403,0.930753936932305,10.4813103015317,11.3135018412685
2022130,"Têxteis, vestuário, couro e calçados",DOHL,2001,2,1.18547950211177,0.988474099660601,0.0220226604004736,0.946497961686026,11.1496851220314,11.3662758977056
2022130,"Têxteis, vestuário, couro e calçados",DOHL,2001,3,1.26857007054655,1.00286321584467,0.00599661992071004,0.922276431042318,11.6049907694928,11.4040134515368
2022130,"Têxteis, vestuário, couro e calçados",DOHL,2001,4,1.25112708098578,1.01312452351053,-0.00542993509789014,0.932204327972871,11.9306907540712,11.4318253009034
2022130,"Têxteis, vestuário, couro e calçados",DOHL,2002,1,1.17610148310467,0.966176222018262,0.0471533730487144,0.93239642545594,10.5868302278823,11.4352257752684
2022130,"Têxteis, vestuário, couro e calçados",DOHL,2002,2,1.13680681783526,0.991069274840519,0.0192899704386897,0.96785212690049,11.3077865813509,11.440933601678
2022130,"Têxteis, vestuário, couro e calçados",DOHL,2002,3,1.18872802947259,1.00737309718493,0.00101152013705791,0.954445582485938,11.7659204390094,11.432116883607
2022130,"Têxteis, vestuário, couro e calçados",DOHL,2002,4,1.29016120148978,1.01789458905926,-0.0107465364509949,0.919129781001455,12.0797542139872,11.4426632362258
2022130,"Têxteis, vestuário, couro e calçados",DOHL,2003,1,1.32865268693313,0.974345621923288,0.0380303231490538,0.883970665185836,10.8336276346936,11.4462019258853
2022130,"Têxteis, vestuário, couro e calçados",DOHL,2003,2,1.34762864358185,0.996937890352333,0.0127629160429366,0.891927425978882,11.4979072980342,11.4602752701991
2022130,"Têxteis, vestuário, couro e calçados",DOHL,2003,3,1.28095987523979,1.01193818480819,-0.0040291833003942,0.920808961277367,11.9314312512782,11.4628960364098
2022130,"Têxteis, vestuário, couro e calçados",DOHL,2003,4,1.2195851080456,1.02434550149916,-0.0179384231186735,0.946427471404905,12.2804508099287,11.4565228032306
2022130,"Têxteis, vestuário, couro e calçados",DOHL,2004,1,1.17877378564346,0.970161014718231,0.0433169448677702,0.933751732481379,11.0027946604281,11.7045274376804
2022130,"Têxteis, vestuário, couro e calçados",DOHL,2004,2,1.15129780282717,0.99317406399993,0.0176362409411085,0.961588175217885,11.7070565045111,11.7435178010766
2022130,"Têxteis, vestuário, couro e calçados",DOHL,2004,3,1.09574376838932,1.00740254476269,0.00177976863946222,0.992474110532734,12.1527788156157,11.7768152928662
2022130,"Têxteis, vestuário, couro e calçados",DOHL,2004,4,1.08041005354214,1.01924806725492,-0.0115922177553665,1.00330677605597,12.4414080109237,11.730915732899
2022130,"Têxteis, vestuário, couro e calçados",DOHL,2005,1,0.79409673934294,0.970799570265046,0.0426795814856927,1.13814643967501,11.0585721951385,11.7379670147453
2022130,"Têxteis, vestuário, couro e calçados",DOHL,2005,2,0.80097793883146,0.994358074643315,0.0163012452519765,1.1536813327269,11.7366730018484,11.7396146510858
2022130,"Têxteis, vestuário, couro e calçados",DOHL,2005,3,0.788746682538059,1.00780006266128,0.00125335524197595,1.17016707902638,12.1250452187632,11.7418603994043
2022130,"Têxteis, vestuário, couro e calçados",DOHL,2005,4,0.801133178731037,1.01977179590241,-0.0123251656957223,1.16562500023888,12.3858870850471,11.667912397612
2022130,"Têxteis, vestuário, couro e calçados",DOHL,2006,1,0.84268667313543,0.969005415576586,0.0445245216880684,1.10335527885846,10.9279347423163,11.6673012594573
2022130,"Têxteis, vestuário, couro e calçados",DOHL,2006,2,0.839360993021659,0.99605613652468,0.013944161307628,1.12916680041244,11.5659680765599,11.5436536094781
2022130,"Têxteis, vestuário, couro e calçados",DOHL,2006,3,0.877990381169931,1.00913104270967,-0.000682479685876758,1.11069394032793,11.9487026126011,11.5502745045579
2022130,"Têxteis, vestuário, couro e calçados",DOHL,2006,4,0.920934479282244,1.02332866999788,-0.0168104169753576,1.08898968648965,12.2461071750412,11.4519194440804
2022130,"Têxteis, vestuário, couro e calçados",DOHL,2007,1,0.915325197913047,0.973751552442178,0.03868289562574,1.06448212076274,10.810455754349,11.440737932591
2022130,"Têxteis, vestuário, couro e calçados",DOHL,2007,2,0.915338155411614,0.997863345575187,0.0116292315478332,1.08299072138884,11.4775926356086,11.418412618691
2022130,"Têxteis, vestuário, couro e calçados",DOHL,2007,3,0.963643447760484,1.01367391277114,-0.00614284169648516,1.06257499249783,11.8994063985583,11.3898067555903
2022130,"Têxteis, vestuário, couro e calçados",DOHL,2007,4,0.997260847057625,1.025101501569,-0.0189867392759442,1.04714426650414,12.2049755369266,11.3697469905856
2022130,"Têxteis, vestuário, couro e calçados",DOHL,2008,1,0.953865627196369,0.974227131410716,0.037976132499175,1.04355499243821,10.7401900904964,11.3658022002686
2022130,"Têxteis, vestuário, couro e calçados",DOHL,2008,2,0.975194659020141,1.01635211015498,-0.0101938050128105,1.05911662773844,11.469567980999,10.9373231937613
2022130,"Têxteis, vestuário, couro e calçados",DOHL,2008,3,1.0302603747582,1.03231506121564,-0.0281147195474862,1.03279123169588,11.9062620759759,10.9180989679157
2022130,"Têxteis, vestuário, couro e calçados",DOHL,2008,4,1.04332689024277,1.04661520808306,-0.0443465257147033,1.0254332427378,12.2118794011449,10.8244497741912
2022130,"Têxteis, vestuário, couro e calçados",DOHL,2009,1,0.878222058554518,0.996039802948698,0.0123246759799333,1.1072834191005,10.7764540489781,10.8390593023586
2022130,"Têxteis, vestuário, couro e calçados",DOHL,2009,2,0.895468112564928,1.02232187142551,-0.0171523854965743,1.10718536888219,11.5092626953118,10.8197461564942
2022130,"Têxteis, vestuário, couro e calçados",DOHL,2009,3,0.948792109875409,1.03553452939025,-0.0318086083630497,1.07637173681389,11.9560197929136,10.8800063308482
2022130,"Têxteis, vestuário, couro e calçados",DOHL,2009,4,0.998209290872353,1.04321367713255,-0.0401928223567934,1.04831998286789,12.2801971067265,10.9726471442
2022130,"Têxteis, vestuário, couro e calçados",DOHL,2010,1,0.981504795602837,0.93745094242755,0.081751576969707,0.980197325816928,10.9329748974247,12.4806397268509
2022130,"Têxteis, vestuário, couro e calçados",DOHL,2010,2,0.991436393188529,0.960604349032945,0.055901376462925,1.00391236296929,11.6353319825095,12.5143314081142
2022130,"Têxteis, vestuário, couro e calçados",DOHL,2010,3,1.01986469708199,0.975154715755821,0.0396641034081355,1.00385662700128,12.0804974927785,12.5388807703422
2022130,"Têxteis, vestuário, couro e calçados",DOHL,2010,4,1.04167794137617,0.987226127286376,0.026131300262399,1.00271887757456,12.4200052262011,12.5326240325029
2022130,"Têxteis, vestuário, couro e calçados",DOHL,2011,1,1.05014014962518,0.939940648468813,0.07909986025335,0.950634111626535,11.0701569528044,12.5393205105192
2022130,"Têxteis, vestuário, couro e calçados",DOHL,2011,2,1.14471867913565,0.964824034690706,0.0512554073607334,0.938260758184235,11.7947500319333,12.548523611378
2022130,"Têxteis, vestuário, couro e calçados",DOHL,2011,3,1.19269173377938,0.980457929575348,0.0337579619849173,0.932296395167703,12.2484833182327,12.5529496033887
2022130,"Têxteis, vestuário, couro e calçados",DOHL,2011,4,1.19917616053108,0.991438935712649,0.0214309161266254,0.937108822497256,12.549299457487,12.5400928297552
2022130,"Têxteis, vestuário, couro e calçados",DOHL,2012,1,1.03158952175633,0.942750174097371,0.0759673213456262,0.962816793008434,11.1574198810635,12.5452270152288
2022130,"Têxteis, vestuário, couro e calçados",DOHL,2012,2,1.08018313143161,0.966782721150091,0.0490728959422179,0.967765210765695,11.8562446256745,12.5532293582348
2022130,"Têxteis, vestuário, couro e calçados",DOHL,2012,3,1.1322909847823,0.981131710788154,0.0330552578126604,0.957218969728214,12.2927973022528,12.5752496225531
2022130,"Têxteis, vestuário, couro e calçados",DOHL,2012,4,1.18493519860314,0.991718332528927,0.0212029513502839,0.94268321831182,12.5982321723559,12.5766265203367
2022130,"Têxteis, vestuário, couro e calçados",DOHL,2013,1,1.00156597168685,0.942482817446916,0.0763610001818733,0.976551798253584,11.1951661614185,12.5857865115641
2022130,"Têxteis, vestuário, couro e calçados",DOHL,2013,2,1.1608023751472,0.968550846959654,0.0471883943902825,0.934945436555153,11.9530319336502,12.5943351218626
2022130,"Têxteis, vestuário, couro e calçados",DOHL,2013,3,1.26845941595323,0.983300061943482,0.0307194115505955,0.905666789737865,12.3995559233228,12.6150004768198
2022130,"Têxteis, vestuário, couro e calçados",DOHL,2013,4,1.31793421263161,0.994596504617153,0.0180330769138138,0.895279767391476,12.706514518169,12.5995431325905
2022130,"Têxteis, vestuário, couro e calçados",DOHL,2014,1,1.22029009996073,0.946754205211819,0.0716596508690997,0.889545345811084,11.357281831659,12.6210623281936
2022130,"Têxteis, vestuário, couro e calçados",DOHL,2014,2,1.23835676561798,0.970748044064682,0.0448699340374584,0.906755953871586,12.0845577939274,12.6554629879653
2022130,"Têxteis, vestuário, couro e calçados",DOHL,2014,3,1.23534805876612,0.984454379887341,0.0295929172578398,0.91811054511961,12.5127516277602,12.6864922345215
2022130,"Têxteis, vestuário, couro e calçados",DOHL,2014,4,1.24432049438924,0.994535191100762,0.0183158516976527,0.920835888929597,12.8079091845839,12.6916572639009
2022130,"Têxteis, vestuário, couro e calçados",DOHL,2015,1,1.09708569336445,0.946327793473372,0.0723177600013999,0.937205731291106,11.4320452721622,12.6987541371682
2022130,"Têxteis, vestuário, couro e calçados",DOHL,2015,2,1.11997797254267,0.968241979511487,0.0478300819518539,0.950814311078981,12.0866758150947,12.7215924262816
2022130,"Têxteis, vestuário, couro e calçados",DOHL,2015,3,1.13921597971632,0.982919608823583,0.0314403118820842,0.954650757251912,12.530685788104,12.7418477976613
2022130,"Têxteis, vestuário, couro e calçados",DOHL,2015,4,1.1477083108623,0.994538367763142,0.0184008122699658,0.958588432093193,12.8506464110539,12.7297389323792
2022130,"Têxteis, vestuário, couro e calçados",DOHL,2016,1,0.981201556232934,0.948155931533861,0.0703461052701849,0.993138598408339,11.5209447345043,12.7312779871033
2022130,"Têxteis, vestuário, couro e calçados",DOHL,2016,2,1.01687672697781,0.97311436945079,0.0424066951240925,1.00232591898725,12.242435973031,12.7357874300971
2022130,"Têxteis, vestuário, couro e calçados",DOHL,2016,3,1.06079468904026,0.987210657888676,0.0266468354597404,0.992347075669152,12.6595887275311,12.7469616355831
2022130,"Têxteis, vestuário, couro e calçados",DOHL,2016,4,1.0856943940205,0.997811297224207,0.0147543171769926,0.98733407419608,12.9536156112721,12.7377922205875
2022130,"Têxteis, vestuário, couro e calçados",DOHL,2017,1,1.02346811789588,0.949258300948266,0.0691378048625534,0.973702946230049,11.5652094045068,12.7425479424896
2022130,"Têxteis, vestuário, couro e calçados",DOHL,2017,2,1.08159886075183,0.972503360728048,0.043131016567604,0.97123412630086,12.2442058281133,12.7530298833034
2022130,"Têxteis, vestuário, couro e calçados",DOHL,2017,3,1.13888341382456,0.987599867258831,0.0262439901167963,0.957894580794301,12.6866663919494,12.7611645719312
2022130,"Têxteis, vestuário, couro e calçados",DOHL,2017,4,1.17104317892277,0.997978304255637,0.0146198392576017,0.950625539501013,12.9837252009277,12.7603983039437
2022130,"Têxteis, vestuário, couro e calçados",DOHL,2018,1,1.13170678094968,0.950295708661405,0.0680406105874781,0.927009475998234,11.6260895144041,12.770320168117
2022130,"Têxteis, vestuário, couro e calçados",DOHL,2018,2,1.15952506417139,0.972124867886016,0.0436199705297887,0.937544508490586,12.2647028596017,12.7810350646277
2022130,"Têxteis, vestuário, couro e calçados",DOHL,2018,3,1.18115603791576,0.986608536396661,0.027489330240293,0.939613018840968,12.7233419039202,12.8193255789583
2022130,"Têxteis, vestuário, couro e calçados",DOHL,2018,4,1.18941954359643,0.997718213274458,0.0150133439410464,0.942865635420011,13.025516137428,12.8043833188352
2022130,"Têxteis, vestuário, couro e calçados",DOHL,2019,1,0.989899883643368,0.95110118696074,0.0672187659058062,0.991959606220187,11.6878382074866,12.8048130741469
2022130,"Têxteis, vestuário, couro e calçados",DOHL,2019,2,0.995503604117965,0.975250775964745,0.0401679760148487,1.014527813843,12.3778364945132,12.8019335045533
2022130,"Têxteis, vestuário, couro e calçados",DOHL,2019,3,1.03918095930185,0.990632798630421,0.0229618237194434,1.00450201512308,12.8287875224211,12.8103312771333
2022130,"Têxteis, vestuário, couro e calçados",DOHL,2019,4,1.07176745649818,1.001133961429,0.0111786422610133,0.995021665187384,13.1189651240765,12.8002744537725
2022130,"Têxteis, vestuário, couro e calçados",DOHL,2020,1,0.931528588941266,0.945531957460733,0.0734417265493594,1.01540228275041,11.521331347341,12.7988837103022
2022130,"Têxteis, vestuário, couro e calçados",DOHL,2020,2,0.942255149065109,0.969348925585023,0.0467424344011016,1.03730003687989,12.1916689962278,12.7869738561153
2022130,"Têxteis, vestuário, couro e calçados",DOHL,2020,3,1.10905822398079,0.988197233912081,0.0256460419679924,0.970899599342043,12.7380286327017,12.7917172177892
2022130,"Têxteis, vestuário, couro e calçados",DOHL,2020,4,1.21841430072996,1.00007004771083,0.0123890191643006,0.932687985752721,13.0975524809187,12.8084249542474
2022130,"Têxteis, vestuário, couro e calçados",DOHL,2021,1,1.28639873189078,0.953398531483895,0.0647048215896832,0.872450782724136,11.7820907446312,12.8300898654747
2022130,"Têxteis, vestuário, couro e calçados",DOHL,2021,2,1.31963185756091,0.979914183418023,0.03503064892784,0.884396967897479,12.5526642464545,12.8385121743268
2022130,"Têxteis, vestuário, couro e calçados",DOHL,2021,3,1.37421779710145,0.994559973608972,0.0187247655035442,0.875226401436446,13.0189970908381,12.8795173525634
2022130,"Têxteis, vestuário, couro e calçados",DOHL,2021,4,1.34929782407545,1.00353021571269,0.00873215058603805,0.887227511432522,13.3019182063341,12.9022228833964
2022130,"Têxteis, vestuário, couro e calçados",DOHL,2022,1,1.09645998366232,0.953798777425054,0.0644629938737842,0.944921880251891,11.8930144939947,12.91888200774
2022130,"Têxteis, vestuário, couro e calçados",DOHL,2022,2,1.0648860814412,0.978792728620097,0.0364666897936379,0.983142665424004,12.607275122856,12.9160244132616
2022130,"Têxteis, vestuário, couro e calçados",DOHL,2022,3,1.06546730463758,0.995216629643618,0.0180702920200853,0.994137857166011,13.0768165607624,12.9143163472649
2022130,"Têxteis, vestuário, couro e calçados",DOHL,2022,4,1.06489426040458,1.00526319936262,0.00681222772706624,0.999397369580935,13.3616715275835,12.9111591787649
2022130,"Têxteis, vestuário, couro e calçados",DOHL,2023,1,0.981411960178072,0.960027594255954,0.0574471699415054,1.0060069573063,12.0523332697725,12.9014853792853
2022130,"Têxteis, vestuário, couro e calçados",DOHL,2023,2,0.958624667980377,0.983840024069211,0.0307630340434962,1.04042182549376,12.7273940736288,12.8939094954595
2022130,"Têxteis, vestuário, couro e calçados",DOHL,2023,3,0.996300137678736,0.995681771454513,0.0174814417438166,1.02852946791471,13.0574280562721,12.8850799698384
2022130,"Têxteis, vestuário, couro e calçados",DOHL,2023,4,1.05114889404607,1.00570354528494,0.00624943906674158,1.00628694765891,13.3407492165739,12.8811887514175
2022130,"Têxteis, vestuário, couro e calçados",DOHL,2024,1,0.891535001710015,0.95489256864504,0.0631459269778792,1.04952410088524,11.8800034611297,12.8792263172972
2022130,"Têxteis, vestuário, couro e calçados",DOHL,2024,2,0.954477144294312,0.980864861205242,0.0340622672536786,1.04040994318416,12.6263210656785,12.8799167820664
2022130,"Têxteis, vestuário, couro e calçados",DOHL,2024,3,0.976447638140224,0.997401678067415,0.0155380771363006,1.03996719288576,13.0984569096261,12.8776310662986
2022130,"Têxteis, vestuário, couro e calçados",GRND,2003,4,1.80162541234406,1.016089894678,-0.00668360751695674,0.773935845775981,13.0117065657657,12.321129332072
2022130,"Têxteis, vestuário, couro e calçados",GRND,2004,1,1.26715784541599,0.994963369502027,0.0169850103621372,0.914695647352527,12.4100418601643,12.3253978305738
2022130,"Têxteis, vestuário, couro e calçados",GRND,2004,2,1.28590179145089,1.01470168860411,-0.00513207288642192,0.915741498458587,12.9703841931397,12.3198136310976
2022130,"Têxteis, vestuário, couro e calçados",GRND,2004,3,1.41186249976094,1.03317519916185,-0.0258935784266688,0.876435049456392,13.4651143412137,12.2880605806369
2022130,"Têxteis, vestuário, couro e calçados",GRND,2004,4,1.4622593272408,1.04633135470456,-0.0406209981189657,0.860172330509064,13.8454640784108,12.2904692501468
2022130,"Têxteis, vestuário, couro e calçados",GRND,2005,1,1.2593992616635,0.992991911145207,0.0191464685204265,0.916546534142413,12.3311469092404,12.3054814553724
2022130,"Têxteis, vestuário, couro e calçados",GRND,2005,2,1.16737610347151,1.01513225930429,-0.00561441957496733,0.961221913827654,12.9826625172636,12.3197409709208
2022130,"Têxteis, vestuário, couro e calçados",GRND,2005,3,1.31988269764082,1.0304823606374,-0.0227777091311407,0.906170438892732,13.4361252754312,12.3311998868103
2022130,"Têxteis, vestuário, couro e calçados",GRND,2005,4,1.4172541263275,1.04151684355092,-0.0351553759774086,0.874203066243418,13.7429403427637,12.3223292073847
2022130,"Têxteis, vestuário, couro e calçados",GRND,2006,1,1.28294598293219,0.990264076001322,0.022161213002866,0.906639308421407,12.2335520358362,12.2882548479287
2022130,"Têxteis, vestuário, couro e calçados",GRND,2006,2,1.27037152934053,1.01305900194589,-0.00340443636934973,0.921127265385202,12.8693008018039,12.271656200898
2022130,"Têxteis, vestuário, couro e calçados",GRND,2006,3,1.43652951787593,1.03043358509477,-0.0229014927117532,0.86897459228425,13.3487733915354,12.2544474701247
2022130,"Têxteis, vestuário, couro e calçados",GRND,2006,4,1.51268975356562,1.04627526532178,-0.0407729127165818,0.846157236761661,13.7404033507876,12.1980908289159
2022130,"Têxteis, vestuário, couro e calçados",GRND,2007,1,1.34654795966186,0.997990772386336,0.013258557046806,0.889525248876459,12.3349737682308,12.1807626103362
2022130,"Têxteis, vestuário, couro e calçados",GRND,2007,2,1.29518589068899,1.01960883507613,-0.0109890070955897,0.914345481044609,12.9370202939127,12.1642354546224
2022130,"Têxteis, vestuário, couro e calçados",GRND,2007,3,1.40613263365689,1.03738138805411,-0.0308866951251365,0.878726587088891,13.4496149803386,12.1664026044442
2022130,"Têxteis, vestuário, couro e calçados",GRND,2007,4,1.5006051146521,1.05092215643471,-0.0460701657035505,0.84887433218721,13.8287972279345,12.1579099352204
2022130,"Têxteis, vestuário, couro e calçados",GRND,2008,1,1.19835313465398,1.00159562385077,0.00916331503934636,0.944765875892887,12.4103539482615,12.1556715314524
2022130,"Têxteis, vestuário, couro e calçados",GRND,2008,2,1.23426742861949,1.02315035224368,-0.0150194819638794,0.937386297373811,13.007615531421,12.1364950136399
2022130,"Têxteis, vestuário, couro e calçados",GRND,2008,3,1.3036178594153,1.04032580690662,-0.0342010484864395,0.912455228879511,13.5259338096138,12.1590786218093
2022130,"Têxteis, vestuário, couro e calçados",GRND,2008,4,1.59695852438867,1.049635115468,-0.0444651264363131,0.822807473851839,13.8707371069544,12.228351823739
2022130,"Têxteis, vestuário, couro e calçados",GRND,2009,1,1.50643527764736,1.00422148484837,0.00621756381379074,0.843660245827748,12.483243673367,12.1534510720019
2022130,"Têxteis, vestuário, couro e calçados",GRND,2009,2,1.49737975379188,1.02848314524431,-0.0209602338194539,0.851522440783627,13.1757345318447,12.1499245630747
2022130,"Têxteis, vestuário, couro e calçados",GRND,2009,3,1.50794682802461,1.04519763726852,-0.0396496856185941,0.847817480703789,13.6692109520419,12.1621410007428
2022130,"Têxteis, vestuário, couro e calçados",GRND,2009,4,1.5057672820852,1.05752504100994,-0.0533676235947244,0.845525054590558,14.0649867772182,12.1995681626727
2022130,"Têxteis, vestuário, couro e calçados",GRND,2010,1,1.34206214417609,1.00798175448479,0.00233091006304997,0.894516922139916,12.747430150855,12.292974663332
2022130,"Têxteis, vestuário, couro e calçados",GRND,2010,2,1.31787987266084,1.03014895397697,-0.0225251972309756,0.907109960760663,13.368328907222,12.2792059419489
2022130,"Têxteis, vestuário, couro e calçados",GRND,2010,3,1.49249966489135,1.04566229217901,-0.0398920147911931,0.851559091628865,13.8164921120824,12.2817482506621
2022130,"Têxteis, vestuário, couro e calçados",GRND,2010,4,1.58996119057989,1.0576249880652,-0.0533373558543938,0.822524874504874,14.1363618656885,12.2607420847466
2022130,"Têxteis, vestuário, couro e calçados",GRND,2011,1,1.36773158208476,1.00194553559265,0.00896143265233645,0.884081165288628,12.5119211703413,12.2373987875335
2022130,"Têxteis, vestuário, couro e calçados",GRND,2011,2,1.2687269682557,1.02392481148312,-0.0156784257244827,0.9242203848612,13.1302204383018,12.2261258561336
2022130,"Têxteis, vestuário, couro e calçados",GRND,2011,3,1.33579238763321,1.04058011379217,-0.0342129806717153,0.900789639984086,13.664689521135,12.2764647588881
2022130,"Têxteis, vestuário, couro e calçados",GRND,2011,4,1.41429401280905,1.0542497393196,-0.0495041408723759,0.872969791778642,14.0652095321015,12.2837230864756
2022130,"Têxteis, vestuário, couro e calçados",GRND,2012,1,1.45031613837327,1.00619491284815,0.00431550991340074,0.859912907645204,12.6882331638187,12.285915703275
2022130,"Têxteis, vestuário, couro e calçados",GRND,2012,2,1.39803414267535,1.02621687816452,-0.0179897155465139,0.880156234487237,13.3191084861872,12.3360446841004
2022130,"Têxteis, vestuário, couro e calçados",GRND,2012,3,1.53949310541141,1.04280407613759,-0.0365159630166233,0.838477130274385,13.818881117242,12.3571463905879
2022130,"Têxteis, vestuário, couro e calçados",GRND,2012,4,1.62194571936035,1.05167308351579,-0.046180188992858,0.81489273820069,14.2024884463283,12.4723567278485
2022130,"Têxteis, vestuário, couro e calçados",GRND,2013,1,1.61262293088885,1.00501388926568,0.00608772148968661,0.8141857637562,12.8709551094635,12.4793543187771
2022130,"Têxteis, vestuário, couro e calçados",GRND,2013,2,1.55765976684779,1.02194617094457,-0.012575481845747,0.832009571831111,13.5008317224785,12.6077895324925
2022130,"Têxteis, vestuário, couro e calçados",GRND,2013,3,1.57744364920891,1.03457385308929,-0.0264241729474737,0.826985868322515,14.0042402321796,12.7336324858903
2022130,"Têxteis, vestuário, couro e calçados",GRND,2013,4,1.603926423821,1.044047330917,-0.0368272161679938,0.819034808765484,14.3753787123383,12.8222140766246
2022130,"Têxteis, vestuário, couro e calçados",GRND,2014,1,1.51367756289744,0.991168465177087,0.0224809431754462,0.832315890768483,12.9014906413365,12.8615222670484
2022130,"Têxteis, vestuário, couro e calçados",GRND,2014,2,1.45238612926317,1.01218474988672,-0.00100138470359679,0.858100146211949,13.5302640624189,12.8842868610441
2022130,"Têxteis, vestuário, couro e calçados",GRND,2014,3,1.50385588210367,1.02734231481838,-0.0178692684289171,0.845687823642601,14.0166422889514,12.9300736270801
2022130,"Têxteis, vestuário, couro e calçados",GRND,2014,4,1.61450973117158,1.03834920496088,-0.0300806168619272,0.816048755351046,14.3879069579661,12.9794618483607
2022130,"Têxteis, vestuário, couro e calçados",GRND,2015,1,1.74990831655597,0.986073220731567,0.0285015046457576,0.770800489229308,12.906803999155,12.9968736555826
2022130,"Têxteis, vestuário, couro e calçados",GRND,2015,2,1.61436424683893,1.00761747549581,0.00432123579696653,0.81213919056856,13.4993321795538,12.9737388184063
2022130,"Têxteis, vestuário, couro e calçados",GRND,2015,3,1.66985387397409,1.02362291544143,-0.0135185040303316,0.801778698753319,13.99927787248,13.0099073034852
2022130,"Têxteis, vestuário, couro e calçados",GRND,2015,4,1.7817636663269,1.0364744442715,-0.0279705930040282,0.776861267579873,14.3391784340733,12.9840045548959
2022130,"Têxteis, vestuário, couro e calçados",GRND,2016,1,1.68473300606255,0.984155553931366,0.0305410796241712,0.784716952055268,12.7997542684746,12.9504370413962
2022130,"Têxteis, vestuário, couro e calçados",GRND,2016,2,1.61365260253387,1.00695220738872,0.00501194566533958,0.812228182735134,13.4540769885627,12.9503801119199
2022130,"Têxteis, vestuário, couro e calçados",GRND,2016,3,1.68231273762103,1.02349076376109,-0.0135286831339991,0.799137892330833,13.9192814718744,12.941860304406
2022130,"Têxteis, vestuário, couro e calçados",GRND,2016,4,1.77524232435761,1.03516620893162,-0.0265745152969882,0.778467106079192,14.2684019323018,12.9543372813821
2022130,"Têxteis, vestuário, couro e calçados",GRND,2017,1,1.81058654650917,0.985162341934005,0.029441667357565,0.757449470244437,12.8421668110485,12.9625031452599
2022130,"Têxteis, vestuário, couro e calçados",GRND,2017,2,1.66470216717328,1.00759512772553,0.00438339091159134,0.799676922743001,13.5165785262908,12.9897121445256
2022130,"Têxteis, vestuário, couro e calçados",GRND,2017,3,1.70835812978025,1.02415782995347,-0.0141483092262707,0.792821146532715,13.9998050039984,12.9966665198767
2022130,"Têxteis, vestuário, couro e calçados",GRND,2017,4,1.81848105354184,1.03522547652446,-0.0264684668362618,0.768787754918095,14.35317130122,13.0285146441865
2022130,"Têxteis, vestuário, couro e calçados",GRND,2018,1,1.80077058356624,0.985036575211056,0.0297459646018277,0.759097597561398,12.9173063925802,13.0328243849754
2022130,"Têxteis, vestuário, couro e calçados",GRND,2018,2,1.67471312085803,1.00712032248456,0.00502945073473315,0.796881526978463,13.5580383120377,13.0389052353193
2022130,"Têxteis, vestuário, couro e calçados",GRND,2018,3,1.67170385812889,1.0243496353366,-0.0142908114104534,0.801326084690327,14.0401398034881,13.0277677595398
2022130,"Têxteis, vestuário, couro e calçados",GRND,2018,4,1.73656325161095,1.03712873803493,-0.0285872562660746,0.786628971536776,14.4138717373143,13.0339319425733
2022130,"Têxteis, vestuário, couro e calçados",GRND,2019,1,1.38862846884247,0.980908642486126,0.0343375694583297,0.861829662391254,12.7838334479045,13.019448494525
2022130,"Têxteis, vestuário, couro e calçados",GRND,2019,2,1.29066762190288,1.00621921011125,0.00596703195161552,0.907583326553481,13.4977069748162,13.0081293808267
2022130,"Têxteis, vestuário, couro e calçados",GRND,2019,3,1.46454298660952,1.02289906393466,-0.0127012694419022,0.856024162214218,13.9816907933939,13.012757085403
2022130,"Têxteis, vestuário, couro e calçados",GRND,2019,4,1.59727049943438,1.03359236349565,-0.0245839045676054,0.820184131834253,14.3331313333055,13.052481224624
2022130,"Têxteis, vestuário, couro e calçados",GRND,2020,1,1.39364092633465,0.977907450636923,0.0375935597438792,0.858449776296641,12.6471365318432,12.9743118733652
2022130,"Têxteis, vestuário, couro e calçados",GRND,2020,2,1.16672110171858,0.986089535662043,0.028401211910596,0.944212368957934,12.8677557453326,12.9615865028239
2022130,"Têxteis, vestuário, couro e calçados",GRND,2020,3,1.5264940010504,1.01318953815901,-0.00189059916061063,0.836731457917727,13.6728090369683,12.9858195637637
2022130,"Têxteis, vestuário, couro e calçados",GRND,2020,4,1.75867889310424,1.03051059008148,-0.0212289070026692,0.781792052759933,14.1983452434892,13.0111164677619
2022130,"Têxteis, vestuário, couro e calçados",GRND,2021,1,1.80084237183729,0.98184840887948,0.033425294044525,0.757047436876008,12.8783208805366,13.0797339245817
2022130,"Têxteis, vestuário, couro e calçados",GRND,2021,2,1.48778944118936,1.00287419922185,0.00992454768266759,0.843600857505588,13.5036220468737,13.0991542379484
2022130,"Têxteis, vestuário, couro e calçados",GRND,2021,3,1.57145229074196,1.01841447228627,-0.00727851182496086,0.824741578610449,14.0459854738294,13.1851241730113
2022130,"Têxteis, vestuário, couro e calçados",GRND,2021,4,1.65860138429671,1.01823054441839,-0.00625751588394441,0.800815193973722,14.4333660972644,13.5357583994035
2022130,"Têxteis, vestuário, couro e calçados",GRND,2022,1,1.26113017195806,0.969288774707804,0.0485724905484817,0.892059392255296,13.0391708336348,13.5453101158878
2022130,"Têxteis, vestuário, couro e calçados",GRND,2022,2,1.25108192428551,0.989845841864392,0.025767355363885,0.909951271675556,13.7332605471135,13.6381714047577
2022130,"Têxteis, vestuário, couro e calçados",GRND,2022,3,1.34225474664865,1.0050113196087,0.00890698429754255,0.885365208298094,14.2277544938142,13.6910024424529
2022130,"Têxteis, vestuário, couro e calçados",GRND,2022,4,1.42431580672793,1.01657093781907,-0.00402802018605786,0.862837212497644,14.5644531599118,13.6953561192028
2022130,"Têxteis, vestuário, couro e calçados",GRND,2023,1,1.40115219057952,0.962803061985642,0.056108714899203,0.840108165830961,12.9845941416798,13.6628233967876
2022130,"Têxteis, vestuário, couro e calçados",GRND,2023,2,1.3522921675705,0.987554953396277,0.0283170506207886,0.873941664872926,13.6599005495181,13.631385553095
2022130,"Têxteis, vestuário, couro e calçados",GRND,2023,3,1.4790744593298,1.00537358794283,0.0083330690432033,0.8439919302648,14.1571057334686,13.6186291146209
2022130,"Têxteis, vestuário, couro e calçados",GRND,2023,4,1.55755296355017,1.01676857057082,-0.00437245021050736,0.825465007106914,14.510814791412,13.6423926889192
2022130,"Têxteis, vestuário, couro e calçados",GRND,2024,1,1.47662639021567,0.963821951329796,0.0549364056353667,0.819308464364874,12.9987628207895,13.6493583603696
2022130,"Têxteis, vestuário, couro e calçados",GRND,2024,2,1.39414683488644,0.987876488091704,0.0279889457366926,0.860826776474053,13.6845318743468,13.6451386886901
2022130,"Têxteis, vestuário, couro e calçados",GRND,2024,3,1.53309880926292,1.00638059354716,0.00723084891811243,0.829267312853327,14.1982891583075,13.6295920744184
2022130,"Têxteis, vestuário, couro e calçados",MNDL,1989,3,1.37575507814936,1.0617122194059,-0.0917413344084662,0.846869467526929,-2.04335951057821,-2.29204519339643
2022130,"Têxteis, vestuário, couro e calçados",MNDL,1989,4,1.14093093367909,1.0614002566192,-0.0889110495770933,0.940743492090354,-0.857055898896396,-1.22471412605792
2022130,"Têxteis, vestuário, couro e calçados",MNDL,1990,1,0.868349414329091,1.01115541286868,-0.0295009114007105,1.09405824708045,-0.785086846732432,0.127481315385399
2022130,"Têxteis, vestuário, couro e calçados",MNDL,1990,2,1.12357273570558,1.03127778291947,-0.0515923197491137,0.966939261226973,0.00585372745768506,0.317970214243088
2022130,"Têxteis, vestuário, couro e calçados",MNDL,1990,3,1.39060547822777,1.04616909507147,-0.0674747606591395,0.870593525205413,0.815704506466888,0.65943340383965
2022130,"Têxteis, vestuário, couro e calçados",MNDL,1990,4,1.51386869110729,1.05235543790967,-0.0733440804547583,0.83610580324328,1.50324912652182,1.11481577787598
2022130,"Têxteis, vestuário, couro e calçados",MNDL,1991,1,1.21815536536792,0.997853218768187,-0.0111320333007435,0.928941334851508,0.505955672579938,1.6213205709806
2022130,"Têxteis, vestuário, couro e calçados",MNDL,1991,2,1.44456483405685,1.02275283448463,-0.0385132167516005,0.861684088754228,1.4629639570122,1.83764765609664
2022130,"Têxteis, vestuário, couro e calçados",MNDL,1991,3,1.33079353526043,1.03975237432298,-0.0566125730956482,0.900595741585748,2.40270778587659,2.24106121833344
2022130,"Têxteis, vestuário, couro e calçados",MNDL,1991,4,1.30544523917775,1.02200746813432,-0.0338412254632108,0.914676018234383,3.29028951825323,3.48850207807388
2022130,"Têxteis, vestuário, couro e calçados",MNDL,1992,1,0.831980721891993,0.969467226142765,0.0264295474547955,1.11524119487487,2.47258335224173,4.10508159723875
2022130,"Têxteis, vestuário, couro e calçados",MNDL,1992,2,1.14443509820812,0.993164675319583,0.00109436933016177,0.970372228381438,3.73220743195344,4.62245096550929
2022130,"Têxteis, vestuário, couro e calçados",MNDL,1992,3,1.05945353686979,1.00896040932099,-0.0152324587994615,1.01803550806961,4.84188023322933,5.20846337041491
2022130,"Têxteis, vestuário, couro e calçados",MNDL,1992,4,1.14365896829346,1.01750105212565,-0.0233635069075415,0.983743032778711,5.77755327528352,5.82506926808926
2022130,"Têxteis, vestuário, couro e calçados",MNDL,1993,2,0.645095560971624,0.995742594463925,0.00429940896360498,1.30039094653507,6.74117256867735,7.2432890632518
2022130,"Têxteis, vestuário, couro e calçados",MNDL,1993,3,0.576958432177847,1.01135677982008,-0.0113223750156702,1.3844144921043,8.08735923046186,8.04515509115711
2022130,"Têxteis, vestuário, couro e calçados",MNDL,1993,4,1.10847222479702,1.02139518944927,-0.0206532680324997,1.00040621412249,9.2960466314203,8.86716249473666
2022130,"Têxteis, vestuário, couro e calçados",MNDL,1994,1,1.04447612594917,0.972788191926937,0.0360437721219137,1.00157119905027,8.99157467411221,9.8412240868296
2022130,"Têxteis, vestuário, couro e calçados",MNDL,1994,2,1.40957165458345,0.994762268072501,0.0138229431641698,0.873277004028872,10.7723550894126,10.8681461813422
2022130,"Têxteis, vestuário, couro e calçados",MNDL,1994,3,1.36366402057051,1.01056481897711,-0.00364659548374019,0.893986125987051,11.335368360566,10.9658328406106
2022130,"Têxteis, vestuário, couro e calçados",MNDL,1994,4,1.48661271710471,1.01761510934701,-0.0113704120030126,0.857716025822428,11.6203762422084,11.0396160338978
2022130,"Têxteis, vestuário, couro e calçados",MNDL,1995,1,1.44042069905377,0.976701462907021,0.0345059902296469,0.852149947549747,10.4743362529913,11.0649777898229
2022130,"Têxteis, vestuário, couro e calçados",MNDL,1995,2,1.44024743360165,1.00300424066431,0.00519942884047131,0.866678961986856,11.3010557351406,11.1289934375304
2022130,"Têxteis, vestuário, couro e calçados",MNDL,1995,3,1.33370622304674,1.01651063059001,-0.00978319962405327,0.904721251301906,11.7574645350395,11.1903430509078
2022130,"Têxteis, vestuário, couro e calçados",MNDL,1995,4,1.29957812548565,1.02501383389995,-0.0192208051361171,0.917873523604433,12.042392439659,11.2268122200647
2022130,"Têxteis, vestuário, couro e calçados",MNDL,1996,1,0.740246204565805,0.970809947301709,0.0414450622718331,1.18173792009397,10.4697041999277,11.21185908441
2022130,"Têxteis, vestuário, couro e calçados",MNDL,1996,2,0.877834983600245,0.996703184383089,0.0124295457588716,1.10625610038789,11.203930158999,11.203778496595
2022130,"Têxteis, vestuário, couro e calçados",MNDL,1996,3,1.01692910879095,1.01223212965832,-0.00497912354894431,1.03480023893249,11.6407984828942,11.1958347491492
2022130,"Têxteis, vestuário, couro e calçados",MNDL,1996,4,1.05861209096798,1.02305596212991,-0.0171412492876427,1.01691805684741,11.9317590198681,11.1782060525547
2022130,"Têxteis, vestuário, couro e calçados",MNDL,1997,1,1.06158707733132,0.9750587649929,0.0365753218542989,0.990803009032868,10.5378677408638,11.1638169314148
2022130,"Têxteis, vestuário, couro e calçados",MNDL,1997,2,1.05385675288886,1.00059418847942,0.00798158528077869,1.01186769668413,11.2719782817391,11.1648051364598
2022130,"Têxteis, vestuário, couro e calçados",MNDL,1997,3,1.07171696977903,1.01471620498632,-0.00785317985102069,1.00892794647093,11.667662628211,11.1561491908978
2022130,"Têxteis, vestuário, couro e calçados",MNDL,1997,4,1.09124671408703,1.02369795664356,-0.0179324887627157,1.00182981332043,11.915356516313,11.1471028105895
2022130,"Têxteis, vestuário, couro e calçados",MNDL,1998,1,1.08145466501421,0.968519731598346,0.0438309737321772,0.975896934307539,10.3178190134464,11.1349352856088
2022130,"Têxteis, vestuário, couro e calçados",MNDL,1998,2,1.14948224537769,0.994102058488954,0.0151489469448403,0.96566212917918,11.0360450919084,11.1205368514171
2022130,"Têxteis, vestuário, couro e calçados",MNDL,1998,3,1.2349027000565,1.00794577791377,-0.000339258492786487,0.93791372992695,11.4405580770589,11.1268982288196
2022130,"Têxteis, vestuário, couro e calçados",MNDL,1998,4,1.19708958067729,1.01818694329636,-0.0118346154177504,0.955648831176341,11.7216653826054,11.115406425523
2022130,"Têxteis, vestuário, couro e calçados",MNDL,1999,1,1.04641358054089,0.971521103726912,0.0404004871338545,0.995049192596871,10.3705498390213,11.1050880171882
2022130,"Têxteis, vestuário, couro e calçados",MNDL,1999,2,1.05383040109904,0.997425507152607,0.0113908411754079,1.01049089468143,11.1139491369206,11.1049127256538
2022130,"Têxteis, vestuário, couro e calçados",MNDL,1999,3,1.07620099212778,1.01208377320802,-0.00500491200018721,1.0062113026067,11.5440738284324,11.1132652854153
2022130,"Têxteis, vestuário, couro e calçados",MNDL,1999,4,1.16843427628983,1.0236921237258,-0.0181813507516148,0.968623909381333,11.7921457906077,11.0372287436656
2022130,"Têxteis, vestuário, couro e calçados",MNDL,2000,1,1.14159719442384,0.97558142161154,0.03569563541274,0.956399069310727,10.4110422377104,11.0371681688431
2022130,"Têxteis, vestuário, couro e calçados",MNDL,2000,2,1.26079439520825,1.00078359058904,0.00749106330782234,0.925665250049043,11.1432791040683,11.0450255706017
2022130,"Têxteis, vestuário, couro e calçados",MNDL,2000,3,1.30580692398933,1.01511892206057,-0.0085264248769471,0.914505358496158,11.5721430635111,11.0605301355186
2022130,"Têxteis, vestuário, couro e calçados",MNDL,2000,4,1.22886633658687,1.0259297094078,-0.0206060417593967,0.944646924413757,11.8954419645285,11.0721130407794
2022130,"Têxteis, vestuário, couro e calçados",MNDL,2001,1,1.32810066151145,0.975757243503881,0.0356076452326318,0.886666666790965,10.4685574633795,11.0840207335227
2022130,"Têxteis, vestuário, couro e calçados",MNDL,2001,2,1.34624433760052,1.00146917589391,0.00688840341136265,0.895834321287966,11.2424996650477,11.1160529856627
2022130,"Têxteis, vestuário, couro e calçados",MNDL,2001,3,1.36319960395478,1.01493837100706,-0.00813416106811521,0.894691633801959,11.6585330145301,11.1423019169963
2022130,"Têxteis, vestuário, couro e calçados",MNDL,2001,4,1.34087268573345,1.02682523048048,-0.0215413302646695,0.904309002984213,11.9537007448938,11.1011814846358
2022130,"Têxteis, vestuário, couro e calçados",MNDL,2002,1,1.186082548826,0.977800641235054,0.0333810142344149,0.939765576687875,10.5569315478919,11.1105576719755
2022130,"Têxteis, vestuário, couro e calçados",MNDL,2002,2,1.29377496175654,1.00455742020984,0.00346102730386438,0.91505264875894,11.3460922961579,11.1293970251779
2022130,"Têxteis, vestuário, couro e calçados",MNDL,2002,3,1.35938684559509,1.02093022267271,-0.0149175927264164,0.897322647561239,11.7951630141169,11.1107190162098
2022130,"Têxteis, vestuário, couro e calçados",MNDL,2002,4,1.38198387070546,1.03162241719426,-0.0268947459284033,0.891009833819404,12.1004388847665,11.1092477785218
2022130,"Têxteis, vestuário, couro e calçados",MNDL,2003,1,1.3112987786952,0.984340217609777,0.0260792926049653,0.898313597442448,10.7550934071765,11.1198810650071
2022130,"Têxteis, vestuário, couro e calçados",MNDL,2003,2,1.25606675409338,0.960184657204941,0.0560579645098132,0.892203230863676,11.4722919095692,12.3794993673933
2022130,"Têxteis, vestuário, couro e calçados",MNDL,2003,3,1.26736518262416,0.961767076191464,0.0550363327207774,0.888037475940237,11.8792672329442,12.7023542111737
2022130,"Têxteis, vestuário, couro e calçados",MNDL,2003,4,1.18252200825268,0.973974672227639,0.0414446120782714,0.930187980591356,12.267773692499,12.7363610800377
2022130,"Têxteis, vestuário, couro e calçados",MNDL,2004,1,0.894187892337883,0.937593070348396,0.0821440213476335,1.02569016782292,11.2028071801314,12.7179489071828
2022130,"Têxteis, vestuário, couro e calçados",MNDL,2004,2,1.05429609660288,0.963936958616977,0.0526243011109441,0.975825598806169,11.9501915206738,12.7100668003579
2022130,"Têxteis, vestuário, couro e calçados",MNDL,2004,3,1.14285997267525,0.986617594577732,0.0268881866997985,0.956714435318514,12.4388711288241,12.5650692894366
2022130,"Têxteis, vestuário, couro e calçados",MNDL,2004,4,1.12513785987119,0.994642705867603,0.0179170409943056,0.969139245372022,12.6768637942885,12.5718816219442
2022130,"Têxteis, vestuário, couro e calçados",MNDL,2005,1,1.32990087726668,0.935474878013693,0.0841852014215912,0.839200310223517,10.9825864583229,12.5755939839163
2022130,"Têxteis, vestuário, couro e calçados",MNDL,2005,2,1.37222781910395,0.961051763028204,0.0555280363961591,0.853461908141671,11.709698165019,12.5692696483788
2022130,"Têxteis, vestuário, couro e calçados",MNDL,2005,3,1.37413048743187,0.975037369112623,0.0398733755403833,0.864566140274938,12.1146405689034,12.5723774946843
2022130,"Têxteis, vestuário, couro e calçados",MNDL,2005,4,1.28735444812122,0.986528739471797,0.0268891978874136,0.90159570424911,12.388868307835,12.5226958579075
2022130,"Têxteis, vestuário, couro e calçados",MNDL,2006,1,1.14173665533706,0.936968637281674,0.0823699292413451,0.908009503570066,10.9568241286586,12.5142993519084
2022130,"Têxteis, vestuário, couro e calçados",MNDL,2006,2,1.12694502123108,0.963604746186232,0.0525135540480942,0.94469880223782,11.7080634756832,12.5023691437924
2022130,"Têxteis, vestuário, couro e calçados",MNDL,2006,3,1.17105990567841,0.979469918442693,0.0347093136331721,0.940496375070863,12.1454079378791,12.4862320470115
2022130,"Têxteis, vestuário, couro e calçados",MNDL,2006,4,1.25456698454805,0.989515166462141,0.023404817705553,0.91547559782903,12.4071421253309,12.4624625764617
2022130,"Têxteis, vestuário, couro e calçados",MNDL,2007,1,1.22986151542803,0.937714079963391,0.0813877886571122,0.876133516445985,10.9072318011251,12.4509068724199
2022130,"Têxteis, vestuário, couro e calçados",MNDL,2007,2,1.25740273202952,0.964851505278896,0.0509970843097887,0.895772489217305,11.6859051680429,12.4506241690023
2022130,"Têxteis, vestuário, couro e calçados",MNDL,2007,3,1.28032602817595,0.979419872978833,0.0347054632346753,0.899568601800222,12.1151156488104,12.4604647353374
2022130,"Têxteis, vestuário, couro e calçados",MNDL,2007,4,1.27383353851272,0.980512995373272,0.0339996967704774,0.90144622066875,12.396235829989,12.6834767796137
2022130,"Têxteis, vestuário, couro e calçados",MNDL,2008,1,1.20683288447663,0.92883733162054,0.0918584014919622,0.87162227285902,10.9077254959701,12.6788859651465
2022130,"Têxteis, vestuário, couro e calçados",MNDL,2008,2,1.26097670602336,0.956131203952472,0.0612739329796459,0.884900199356497,11.6819451283864,12.670615990771
2022130,"Têxteis, vestuário, couro e calçados",MNDL,2008,3,1.34911975220794,0.972671410646951,0.0427470379049161,0.87020568784234,12.1547039814603,12.6687997121914
2022130,"Têxteis, vestuário, couro e calçados",MNDL,2008,4,1.37735318267231,0.982456391409009,0.031778370209139,0.868318099858885,12.4303416796509,12.6641171176504
2022130,"Têxteis, vestuário, couro e calçados",MNDL,2009,1,1.10955621723032,0.929497324985375,0.0910409088472714,0.910147304982018,10.8889022432782,12.6451596991834
2022130,"Têxteis, vestuário, couro e calçados",MNDL,2009,2,1.18125537567849,0.9552924116168,0.0622016216866313,0.913412577449493,11.6522598063719,12.6656086801649
2022130,"Têxteis, vestuário, couro e calçados",MNDL,2009,3,1.2168405210386,0.9707271631194,0.044903127522757,0.914696233918484,12.0886845487502,12.6596833021512
2022130,"Têxteis, vestuário, couro e calçados",MNDL,2009,4,1.26193832711804,0.978452502892477,0.0363164116398424,0.904161983409761,12.3415484751986,12.6874592985125
2022130,"Têxteis, vestuário, couro e calçados",MNDL,2010,1,0.948229022714478,0.931231685563958,0.0890409459454108,0.987307343582191,10.9108764216411,12.6203250275448
2022130,"Têxteis, vestuário, couro e calçados",MNDL,2010,2,1.15583151478253,0.959776028054057,0.0570649217303815,0.928379959895812,11.7252273459943,12.6158377470679
2022130,"Têxteis, vestuário, couro e calçados",MNDL,2010,3,1.21950997904798,0.975906095946385,0.0390022386723082,0.91818882260015,12.1885809677021,12.616135984552
2022130,"Têxteis, vestuário, couro e calçados",MNDL,2010,4,1.22369459963836,0.994374906388355,0.0178041940765202,0.930114590872288,12.4703253492349,12.3943133383732
2022130,"Têxteis, vestuário, couro e calçados",MNDL,2011,1,1.26333439527867,0.942217142756773,0.0763264430801894,0.869930944336319,11.0275534132972,12.4429232745564
2022130,"Têxteis, vestuário, couro e calçados",MNDL,2011,2,1.29596433784789,0.966929953399254,0.0486633973639126,0.884207551945158,11.742618648539,12.4479906632152
2022130,"Têxteis, vestuário, couro e calçados",MNDL,2011,3,1.27185133393635,0.981425266087151,0.0324358510212679,0.904047484694206,12.1611870144657,12.4502007551887
2022130,"Têxteis, vestuário, couro e calçados",MNDL,2011,4,1.14577348884484,0.99516602748464,0.0168545852004239,0.961812270858031,12.4623618611225,12.3669233200391
2022130,"Têxteis, vestuário, couro e calçados",MNDL,2012,1,0.766749264136738,0.944562654912766,0.0733667597425384,1.12109155219555,10.9344287932235,12.2996430487095
2022130,"Têxteis, vestuário, couro e calçados",MNDL,2012,2,0.902256992926718,0.970532865638995,0.0444074222667791,1.06398015434374,11.7394591975204,12.3528156940493
2022130,"Têxteis, vestuário, couro e calçados",MNDL,2012,3,0.995505726268477,0.985402010885397,0.0277434656113402,1.0254958116394,12.1601968148874,12.3473803912312
2022130,"Têxteis, vestuário, couro e calçados",MNDL,2012,4,1.02705765783431,0.994734680261841,0.0173185729665054,1.01567537228145,12.4407973650799,12.3587236043378
2022130,"Têxteis, vestuário, couro e calçados",MNDL,2013,1,1.0009110336257,0.946427611378364,0.0712571956839044,0.983680701936675,10.9778078006159,12.2905746923242
2022130,"Têxteis, vestuário, couro e calçados",MNDL,2013,2,1.08072157372548,0.972891830592512,0.0416752327002403,0.974497881781816,11.7635803919391,12.3138877226358
2022130,"Têxteis, vestuário, couro e calçados",MNDL,2013,3,1.11218654213889,0.988266537385307,0.024481831117415,0.972275783160254,12.2165173497053,12.3242464008457
2022130,"Têxteis, vestuário, couro e calçados",MNDL,2013,4,1.10394251272159,0.999408336287328,0.0119685883620592,0.982438985704972,12.5189948769829,12.3087515873806
2022130,"Têxteis, vestuário, couro e calçados",MNDL,2014,1,0.999263943549116,0.946702353980822,0.0709740958563987,0.984782752802286,10.9975329901631,12.3011462168904
2022130,"Têxteis, vestuário, couro e calçados",MNDL,2014,2,0.974105834532965,0.972266578786011,0.0423445428056985,1.02593743589739,11.7307536563548,12.3006015238343
2022130,"Têxteis, vestuário, couro e calçados",MNDL,2014,3,1.00258088559868,0.987756142165131,0.0250087890281357,1.02380073234443,12.1803731883168,12.305053711652
2022130,"Têxteis, vestuário, couro e calçados",MNDL,2014,4,0.98064121730227,0.996634607074026,0.0151793041796395,1.04057914000431,12.4897364220587,12.3537238129271
2022130,"Têxteis, vestuário, couro e calçados",MNDL,2015,1,0.893317502887139,0.946156161502215,0.0717243029052886,1.04045406945438,11.0486043939241,12.3607520755444
2022130,"Têxteis, vestuário, couro e calçados",MNDL,2015,2,0.866845287603399,0.971117450209805,0.0438402208639548,1.08585382622506,11.798371410653,12.3904378888235
2022130,"Têxteis, vestuário, couro e calçados",MNDL,2015,3,0.887686406547638,0.985427826645083,0.027846777643187,1.08565651785725,12.2246395522852,12.4042641381708
2022130,"Têxteis, vestuário, couro e calçados",MNDL,2015,4,0.906770252887999,0.995441909531185,0.0166161288852512,1.08114452751094,12.5042427888805,12.3972500648283
2022130,"Têxteis, vestuário, couro e calçados",MNDL,2016,1,0.723150242878657,0.944965325374384,0.0731154840821303,1.15444258960444,11.0421784095317,12.3855386349029
2022130,"Têxteis, vestuário, couro e calçados",MNDL,2016,2,0.825572523140554,0.972178620411135,0.0426333305614361,1.11380489650012,11.819904878259,12.3824656057909
2022130,"Têxteis, vestuário, couro e calçados",MNDL,2016,3,0.865419061193091,0.986933294497845,0.026096031260357,1.10087954222211,12.2366174988422,12.3763703445992
2022130,"Têxteis, vestuário, couro e calçados",MNDL,2016,4,0.861059544797266,0.996677746892052,0.0151957946335738,1.11033651079436,12.5221944314131,12.3816020624608
2022130,"Têxteis, vestuário, couro e calçados",MNDL,2017,1,0.810695890157823,0.946944145219386,0.0709346543599043,1.09305170451213,11.1159235682436,12.400667698462
2022130,"Têxteis, vestuário, couro e calçados",MNDL,2017,2,0.887817032507735,0.972559548722194,0.0422093340867447,1.07441707427815,11.8320868547302,12.3835793963934
2022130,"Têxteis, vestuário, couro e calçados",MNDL,2017,3,0.948890227263911,0.987807022119721,0.0251129887348262,1.05198827253339,12.259485773981,12.374394732938
2022130,"Têxteis, vestuário, couro e calçados",MNDL,2017,4,0.982930809025599,0.997313900385163,0.0144579108740201,1.0396508066152,12.528178518362,12.37063911576
2022130,"Têxteis, vestuário, couro e calçados",MNDL,2018,1,1.02307475390143,0.946025028340614,0.0719190365500895,0.971956359704741,11.0679092523876,12.3813520952067
2022130,"Têxteis, vestuário, couro e calçados",MNDL,2018,2,1.03261474170563,0.972159062955323,0.0426626733518313,0.995868132124018,11.822928496205,12.3856669258509
2022130,"Têxteis, vestuário, couro e calçados",MNDL,2018,3,1.05442860503571,0.987251374773835,0.0257567564328989,0.997520574362223,12.253904488752,12.3836537507838
2022130,"Têxteis, vestuário, couro e calçados",MNDL,2018,4,1.01622606916457,0.996652627696996,0.0152980958593537,1.0218573715724,12.5572074997225,12.4135115925699
2022130,"Têxteis, vestuário, couro e calçados",MNDL,2019,1,0.921306283593591,0.945428625718869,0.0726574357059896,1.02325508169248,11.0847610437796,12.4116878783223
2022130,"Têxteis, vestuário, couro e calçados",MNDL,2019,2,0.995063276834702,0.971670883532782,0.0432649952363804,1.01389103602996,11.8357167049361,12.4095999562971
2022130,"Têxteis, vestuário, couro e calçados",MNDL,2019,3,1.02961676082045,0.98715963035256,0.0258870357990073,1.00933558012066,12.2645384753015,12.3955012808546
2022130,"Têxteis, vestuário, couro e calçados",MNDL,2019,4,1.04844626767893,0.995839901930714,0.0162230298332061,1.00554201394982,12.5410067705783,12.4198774639031
2022130,"Têxteis, vestuário, couro e calçados",MNDL,2020,1,0.906895449069914,0.941125894295759,0.0775147330930118,1.02530603665979,10.9799674109235,12.4284024022033
2022130,"Têxteis, vestuário, couro e calçados",MNDL,2020,2,0.825672915980921,0.964336666937639,0.0515508470952185,1.1049080045709,11.6601503053014,12.4408227111119
2022130,"Têxteis, vestuário, couro e calçados",MNDL,2020,3,0.920911013919953,0.98031132151149,0.0337283808323957,1.06138281238416,12.1509249054597,12.4695908013166
2022130,"Têxteis, vestuário, couro e calçados",MNDL,2020,4,1.00233130851201,0.990068204982324,0.0228921380010558,1.02430157946629,12.4743963476066,12.5083425638214
2022130,"Têxteis, vestuário, couro e calçados",MNDL,2021,1,1.15476278056899,0.944187888131099,0.0743060536462413,0.911895063146538,11.1740070722271,12.5231858804031
2022130,"Têxteis, vestuário, couro e calçados",MNDL,2021,2,1.16949623690272,0.968535324392634,0.0471495954931301,0.931584273247602,11.9255191059397,12.5701648605263
2022130,"Têxteis, vestuário, couro e calçados",MNDL,2021,3,1.14115307432886,0.979466586822116,0.0351534797045326,0.951661149282064,12.3575043746444,12.6757133751858
2022130,"Têxteis, vestuário, couro e calçados",MNDL,2021,4,1.14564539497381,0.986518204730273,0.0274283581393702,0.954416850851547,12.6426378584012,12.7495746986258
2022130,"Têxteis, vestuário, couro e calçados",MNDL,2022,1,0.974324838915089,0.937940334270444,0.0818181237320528,0.982927551577413,11.2431219946399,12.7450474225269
2022130,"Têxteis, vestuário, couro e calçados",MNDL,2022,2,0.998831935178119,0.962345081005375,0.0545670326671724,1.00045707852596,11.9816073836412,12.7789249461739
2022130,"Têxteis, vestuário, couro e calçados",MNDL,2022,3,1.04477391843901,0.976881179870474,0.0383442016210907,0.991694240068312,12.4256233386523,12.8028135179816
2022130,"Têxteis, vestuário, couro e calçados",MNDL,2022,4,1.06916497173315,0.985310852300502,0.0290091530973536,0.98651341264859,12.7181786411702,12.8479785524547
2022130,"Têxteis, vestuário, couro e calçados",MNDL,2023,1,0.972347955475295,0.933989872411714,0.0865437593334666,0.977502170466657,11.2750661247393,12.8748350309191
2022130,"Têxteis, vestuário, couro e calçados",MNDL,2023,2,0.993234317161363,0.95914606351132,0.0584154751391492,0.99908309435367,12.0179309149361,12.8933614122961
2022130,"Têxteis, vestuário, couro e calçados",MNDL,2023,3,1.00860271782257,0.97398663862641,0.0418052114687739,1.00619834700464,12.448302287097,12.8972611113102
2022130,"Têxteis, vestuário, couro e calçados",MNDL,2023,4,1.04998716920594,0.99600888295638,0.0164497765296766,1.0038410906082,12.7462682073933,12.5988384358973
2022130,"Têxteis, vestuário, couro e calçados",MNDL,2024,1,1.01648950168352,0.943705707621422,0.0751470938099937,0.970563981205977,11.3052133109583,12.6527089854082
2022130,"Têxteis, vestuário, couro e calçados",MNDL,2024,2,1.07203716078944,0.972154762873284,0.0430855669810924,0.976354754682748,12.0242260255359,12.5655299694572
2022130,"Têxteis, vestuário, couro e calçados",MNDL,2024,3,1.10072304316683,0.986826202174081,0.0267101882369111,0.97485720290352,12.4716520865429,12.5889944766704
2022130,"Têxteis, vestuário, couro e calçados",PTNT,1989,3,0.650637501272624,1.05917013945807,-0.0929262998887423,1.20662145461738,-4.05873198518554,-4.02655270766734
2022130,"Têxteis, vestuário, couro e calçados",PTNT,1989,4,0.718963272890199,1.01841844466255,-0.0427930407211692,1.17890690958181,-3.06188532400954,-2.09180702410507
2022130,"Têxteis, vestuário, couro e calçados",PTNT,1990,1,0.507152676191571,1.03969093510592,-0.0635365025183661,1.42505840091459,-0.968002403242835,-0.767309739741973
2022130,"Têxteis, vestuário, couro e calçados",PTNT,1990,2,3.27351109788512,1.03800505584458,-0.0613226058538964,0.561729512138626,-0.859359486890653,-0.627080538843586
2022130,"Têxteis, vestuário, couro e calçados",PTNT,1990,3,0.916048995151975,1.01690028533341,-0.0369017630575436,1.06310310741694,-1.08625696203809,-0.28871347883519
2022130,"Têxteis, vestuário, couro e calçados",PTNT,1990,4,0.744084170748321,1.03319304865085,-0.0539322904071234,1.18741640801965,-0.0331850056974581,0.234015640188194
2022130,"Têxteis, vestuário, couro e calçados",PTNT,1991,1,1.02928678565516,1.04669039295852,-0.0686162990520178,1.00988092397124,0.561952355462746,0.419477677217824
2022130,"Têxteis, vestuário, couro e calçados",PTNT,1991,2,1.0445087772539,1.0615710146082,-0.0841013075302008,1.00198382719539,1.55720279445939,0.926771383072727
2022130,"Têxteis, vestuário, couro e calçados",PTNT,1991,3,1.23109725283272,0.985803767353819,0.00166711190328564,0.915252295110052,-0.174534148719262,1.32252735002523
2022130,"Têxteis, vestuário, couro e calçados",PTNT,1991,4,1.10079221849303,0.975741560518011,0.0158041803865707,0.967898922243871,0.918767067223294,2.55673859894391
2022130,"Têxteis, vestuário, couro e calçados",PTNT,1992,1,1.05226276084765,0.982534762699755,0.0101549485158728,0.999792468695481,2.0571799416793,3.39917750374822
2022130,"Têxteis, vestuário, couro e calçados",PTNT,1992,2,1.47116493635181,0.990591937708601,0.00255632874916314,0.852601280342979,2.9746452825157,4.01191721540255
2022130,"Têxteis, vestuário, couro e calçados",PTNT,1992,3,1.37670492689001,0.933886535799036,0.067457682587551,0.831688307112543,2.02109044608356,4.61395363729215
2022130,"Têxteis, vestuário, couro e calçados",PTNT,1992,4,3.18472618480886,0.947281420282225,0.0539590164279122,0.558105218910581,3.12907947409119,5.26000360554928
2022130,"Têxteis, vestuário, couro e calçados",PTNT,1993,1,4.31980100722769,0.967329135302347,0.0331596172351288,0.49097474083428,4.50006086999921,5.97036566819557
2022130,"Têxteis, vestuário, couro e calçados",PTNT,1993,2,3.64129111182007,0.985327416944655,0.0148381620885885,0.543565935959125,5.90031571947993,6.75940132275859
2022130,"Têxteis, vestuário, couro e calçados",PTNT,1993,3,1.30553881905784,0.933609662824763,0.0747504432196353,0.857673877246824,5.37725691997061,7.61800945934785
2022130,"Têxteis, vestuário, couro e calçados",PTNT,1993,4,4.82787434785369,0.9274241056052,0.0840389293600648,0.441435500854384,6.33743873048059,8.63397856530691
2022130,"Têxteis, vestuário, couro e calçados",PTNT,1994,1,4.00343615411645,0.953001364429961,0.0578975373036242,0.501221861398724,8.27680757585444,9.71015489607865
2022130,"Têxteis, vestuário, couro e calçados",PTNT,1994,2,6.15866778430108,0.965954580307487,0.0459001967488051,0.408487335925323,9.85713402685054,10.7893097177065
2022130,"Têxteis, vestuário, couro e calçados",PTNT,1994,3,1.64300214662742,0.941982501699858,0.0730756012616675,0.768285983780703,9.32803879338621,10.9313208836505
2022130,"Têxteis, vestuário, couro e calçados",PTNT,1994,4,1.41093846436069,0.969462657271201,0.0425353357496343,0.855533510999107,10.2294058860589,11.0318148710474
2022130,"Têxteis, vestuário, couro e calçados",PTNT,1995,1,1.48431852247824,0.986893044518367,0.0231422530507059,0.845996768743588,10.7906801871019,11.0862222514089
2022130,"Têxteis, vestuário, couro e calçados",PTNT,1995,2,1.40888568455828,0.998870205278208,0.0100121945168992,0.874214622135258,11.2706655609396,11.2078238827965
2022130,"Têxteis, vestuário, couro e calçados",PTNT,1995,3,0.785452877574384,0.934883072946987,0.0817998102885305,1.09850175076667,9.49707645386996,11.2642466765229
2022130,"Têxteis, vestuário, couro e calçados",PTNT,1995,4,0.634596782310646,0.955794270535848,0.0585006154302194,1.2558607584364,10.1543659034158,11.3151689564154
2022130,"Têxteis, vestuário, couro e calçados",PTNT,1996,1,1.18681745315802,0.966338107239481,0.0466942704026368,0.92883504501927,10.4576323231406,11.3157062027872
2022130,"Têxteis, vestuário, couro e calçados",PTNT,1996,2,1.1841620812391,0.987181653474853,0.0233078678667534,0.946489522899562,11.0344655931541,11.296517573581
2022130,"Têxteis, vestuário, couro e calçados",PTNT,1996,3,1.18471445071974,0.944315354332571,0.0713023600797694,0.906213777997601,9.79932271343877,11.2923655156553
2022130,"Têxteis, vestuário, couro e calçados",PTNT,1996,4,1.14428243071506,0.961248995707488,0.0524186883100326,0.940908668779856,10.3237550451184,11.3266072100881
2022130,"Têxteis, vestuário, couro e calçados",PTNT,1997,1,1.20280437859031,0.980025561800337,0.0314219579959547,0.933960096810423,10.8773637535713,11.3396627546069
2022130,"Têxteis, vestuário, couro e calçados",PTNT,1997,2,1.24965104552897,0.996984371754159,0.0123948818383123,0.926834349435852,11.3470084682229,11.3243355581355
2022130,"Têxteis, vestuário, couro e calçados",PTNT,1997,3,1.07680893930956,0.949205587799972,0.0658526650767275,0.95651181917386,9.95254736272876,11.3038389999858
2022130,"Têxteis, vestuário, couro e calçados",PTNT,1997,4,1.06639823740547,0.96526064604795,0.0479549670855082,0.978708343988062,10.4527645976648,11.3389780951512
2022130,"Têxteis, vestuário, couro e calçados",PTNT,1998,1,1.18820408884811,0.985711515384444,0.025000149914837,0.943820749620717,11.0143961731591,11.3162803075245
2022130,"Têxteis, vestuário, couro e calçados",PTNT,1998,2,1.33840557573287,0.99813296751136,0.0110389449993504,0.896248833116119,11.3464122328563,11.2943611114827
2022130,"Têxteis, vestuário, couro e calçados",PTNT,1998,3,1.05056400061227,0.946309558538033,0.0690074941082678,0.964973638828815,9.82686951572729,11.265846446849
2022130,"Têxteis, vestuário, couro e calçados",PTNT,1998,4,1.0700711792025,0.969494228167536,0.0430328016417055,0.981453029081103,10.4870136170123,11.2610417984325
2022130,"Têxteis, vestuário, couro e calçados",PTNT,1999,1,1.25986765583669,0.991736026088456,0.0180792918049801,0.920585742748116,11.1033748868329,11.2413090478546
2022130,"Têxteis, vestuário, couro e calçados",PTNT,1999,2,1.43514728401505,1.00630864061784,0.00169877313326272,0.869130856287745,11.4921696068359,11.2149506600165
2022130,"Têxteis, vestuário, couro e calçados",PTNT,1999,3,1.39367644444139,0.95826465720936,0.0554470789707212,0.85029389811917,10.0869821289901,11.1916736383436
2022130,"Têxteis, vestuário, couro e calçados",PTNT,1999,4,1.36158725918988,0.981267464968444,0.0296793701316812,0.879264798494737,10.743507374207,11.1882991336039
2022130,"Têxteis, vestuário, couro e calçados",PTNT,2000,1,1.51680062334841,1.00098251851664,0.00768815944383033,0.843368599370659,11.3512722237151,11.2256582248636
2022130,"Têxteis, vestuário, couro e calçados",PTNT,2000,2,1.64985661447371,1.01360248849359,-0.00646862811907417,0.812690837780456,11.7018642834816,11.2152382344996
2022130,"Têxteis, vestuário, couro e calçados",PTNT,2000,3,1.12073225884721,0.959589394162419,0.0540798101012633,0.949386463068701,10.1810147867045,11.2416849935749
2022130,"Têxteis, vestuário, couro e calçados",PTNT,2000,4,1.27172158132265,0.983991315620509,0.0268002867444225,0.911386716315142,10.9041967131299,11.2619693922294
2022130,"Têxteis, vestuário, couro e calçados",PTNT,2001,1,1.45892822555075,1.00354802290435,0.0049055104120812,0.860814871582454,11.4684447041744,11.2645280983677
2022130,"Têxteis, vestuário, couro e calçados",PTNT,2001,2,1.48725612927624,1.01561589330702,-0.0085595076978075,0.856185246717835,11.8385976251567,11.2857273886672
2022130,"Têxteis, vestuário, couro e calçados",PTNT,2001,3,1.03244139422368,0.962576470499219,0.0509181237486155,0.991991573421842,10.3551244535203,11.3205919331627
2022130,"Têxteis, vestuário, couro e calçados",PTNT,2001,4,1.11600645752258,0.984911958381196,0.0259220891127724,0.97326234575614,11.0042354904145,11.3277022083143
2022130,"Têxteis, vestuário, couro e calçados",PTNT,2002,1,1.1641719800377,1.00415243248071,0.00430197036626417,0.963769836668921,11.5211148789923,11.2960681594954
2022130,"Têxteis, vestuário, couro e calçados",PTNT,2002,2,1.17069450245069,1.01598901816836,-0.00899223016416784,0.965148723355378,11.8421414672562,11.2793276036654
2022130,"Têxteis, vestuário, couro e calçados",PTNT,2002,3,0.781013680354002,0.970433818302174,0.041998636375532,1.14978814563078,10.5226770131924,11.2688035986173
2022130,"Têxteis, vestuário, couro e calçados",PTNT,2002,4,0.881597138081773,0.990825861710434,0.0191346543189803,1.09979805946024,11.0946444126611,11.2568432888209
2022130,"Têxteis, vestuário, couro e calçados",PTNT,2003,1,1.03554100673885,1.00876388935163,-0.0010355405701285,1.02412062704464,11.5699786107697,11.2214962876816
2022130,"Têxteis, vestuário, couro e calçados",PTNT,2003,2,1.07540027707297,1.01954538412592,-0.0131727843893871,1.00822822863225,11.8488692362639,11.194174757171
2022130,"Têxteis, vestuário, couro e calçados",PTNT,2003,3,1.03493257417496,0.974306046982535,0.0374434957675626,1.00277201468499,10.5284193558,11.1746742664542
2022130,"Têxteis, vestuário, couro e calçados",PTNT,2003,4,1.05745965472634,0.998764644184882,0.00997697584725904,1.00931003109898,11.193715166827,11.1418152804692
2022130,"Têxteis, vestuário, couro e calçados",PTNT,2004,1,1.1270017383848,1.01592453423964,-0.00924955372552966,0.984273268143771,11.6815269733709,11.1375564682709
2022130,"Têxteis, vestuário, couro e calçados",PTNT,2004,2,1.19966826158782,1.02853071001891,-0.0234231763770869,0.956145232781893,12.0161699993586,11.1132480436938
2022130,"Têxteis, vestuário, couro e calçados",PTNT,2004,3,1.13049313803481,0.976569380002413,0.0347343509363383,0.961644575035663,10.5093022280049,11.0995870743558
2022130,"Têxteis, vestuário, couro e calçados",PTNT,2004,4,1.14949002758325,1.00155761162606,0.00669223197788521,0.969688791661355,11.1982402218602,11.0742637159198
2022130,"Têxteis, vestuário, couro e calçados",PTNT,2005,1,1.18145136875325,1.01991033225771,-0.0139324709641151,0.962606645899992,11.6902426289862,11.0431710880186
2022130,"Têxteis, vestuário, couro e calçados",PTNT,2005,2,1.17615640187652,1.03260052793365,-0.0282267124344679,0.966266952537372,12.0145166163392,11.0074497273425
2022130,"Têxteis, vestuário, couro e calçados",PTNT,2005,3,1.0506449045468,0.987873689072758,0.0217792387883929,1.00670726081163,10.6912395701137,10.972287760027
2022130,"Têxteis, vestuário, couro e calçados",PTNT,2005,4,1.10612196615007,1.01249093823122,-0.00585401061757201,0.993336711644509,11.3663592766832,10.944134490702
2022130,"Têxteis, vestuário, couro e calçados",PTNT,2006,1,1.178805594146,1.0295719913385,-0.0249905886268111,0.965331984917846,11.8527104035304,10.9405921664968
2022130,"Têxteis, vestuário, couro e calçados",PTNT,2006,2,1.21707591846128,1.04313998567944,-0.0402803009324235,0.949684196831693,12.1961782586271,10.8995097022843
2022130,"Têxteis, vestuário, couro e calçados",PTNT,2006,3,1.37096285958082,0.998520006225224,0.00973790615611969,0.887131403427272,10.9395263651669,10.9211029183427
2022130,"Têxteis, vestuário, couro e calçados",PTNT,2006,4,1.4365036172809,1.02424593807295,-0.0191187005861217,0.874140783352735,11.6552440225049,10.9007835025681
2022130,"Têxteis, vestuário, couro e calçados",PTNT,2007,1,1.45731505445263,1.03866023105208,-0.0351759378035788,0.868165895341011,12.1098259283116,10.9372294178821
2022130,"Têxteis, vestuário, couro e calçados",PTNT,2007,2,1.40855235349664,1.05195862080162,-0.0501794522379251,0.881218221133457,12.4379807274886,10.8893836327217
2022130,"Têxteis, vestuário, couro e calçados",PTNT,2007,3,1.32915081425946,1.00393603062447,0.00373205358441686,0.903237372684636,11.1235756950437,10.9466243115201
2022130,"Têxteis, vestuário, couro e calçados",PTNT,2007,4,1.31195463491149,1.02147832536094,-0.0156389947355109,0.91367128051009,11.7590546876108,11.0644257843642
2022130,"Têxteis, vestuário, couro e calçados",PTNT,2008,1,1.28172765274297,1.0369081234342,-0.0329591218645646,0.925404098002581,12.1822424586938,11.0468071488308
2022130,"Têxteis, vestuário, couro e calçados",PTNT,2008,2,1.24903596765545,1.04934702293292,-0.0470097027851804,0.936011399354917,12.4811131930473,10.9948429149615
2022130,"Têxteis, vestuário, couro e calçados",PTNT,2008,3,1.26354326431228,0.998084808417796,0.010580693381335,0.923277527994993,11.0982712029637,11.0740128781658
2022130,"Têxteis, vestuário, couro e calçados",PTNT,2008,4,1.22575861265701,1.02161124081027,-0.0158415973534285,0.945364799762244,11.7369714753457,11.0412990903451
2022130,"Têxteis, vestuário, couro e calçados",PTNT,2009,1,1.23368496855387,1.03696739081261,-0.0330921862847429,0.943360923060768,12.1518123175327,11.0181147164345
2022130,"Têxteis, vestuário, couro e calçados",PTNT,2009,2,1.22060812618668,1.04851679315012,-0.0461096433273976,0.947075657296956,12.4429821845538,10.9820743683498
2022130,"Têxteis, vestuário, couro e calçados",PTNT,2009,3,1.26138619448384,1.00020906571897,0.00794868550715616,0.925492188841783,11.0372902197412,10.9651074213338
2022130,"Têxteis, vestuário, couro e calçados",PTNT,2009,4,1.22362808810112,1.01887949368515,-0.0128716092314181,0.945822789831953,11.6155910617941,11.0029329657263
2022130,"Têxteis, vestuário, couro e calçados",PTNT,2010,1,1.21827241675261,1.03038638221049,-0.0254493692269706,0.94883665775711,12.09443985522,11.1355741811596
2022130,"Têxteis, vestuário, couro e calçados",PTNT,2010,2,1.19665030619778,1.03935537288749,-0.0353772969238103,0.957015250547142,12.4078147713512,11.1855061451417
2022130,"Têxteis, vestuário, couro e calçados",PTNT,2010,3,1.09252782028477,0.972093106288187,0.0410458067129495,0.971871891153268,11.0064788493377,11.6582918885122
2022130,"Têxteis, vestuário, couro e calçados",PTNT,2010,4,1.07246156696984,0.993329811038321,0.0173552860144476,0.996624606956105,11.6601984090171,11.6976826157955
2022130,"Têxteis, vestuário, couro e calçados",PTNT,2011,1,1.11426766853239,1.01113476535001,-0.00266242755297713,0.986075443846863,12.1333787563973,11.6638233656714
2022130,"Têxteis, vestuário, couro e calçados",PTNT,2011,2,1.07002509881978,1.02249565916597,-0.0154339213015325,1.00922513606735,12.4359325078486,11.6427805447301
2022130,"Têxteis, vestuário, couro e calçados",PTNT,2011,3,0.963532029267707,0.969925441413541,0.0434451986096222,1.03285982425312,10.9307250978112,11.6462098864749
2022130,"Têxteis, vestuário, couro e calçados",PTNT,2011,4,0.998554970085551,0.993512286151929,0.0170024461093548,1.03328461061069,11.5938953433036,11.6337985171599
2022130,"Têxteis, vestuário, couro e calçados",PTNT,2012,1,1.03251497640367,1.01144999153682,-0.00315627123727263,1.02477926047279,12.0745760567161,11.6032340585785
2022130,"Têxteis, vestuário, couro e calçados",PTNT,2012,2,1.01630939076675,1.02157379130109,-0.0144725456477062,1.03554099854791,12.3752709546233,11.6122418437777
2022130,"Têxteis, vestuário, couro e calçados",PTNT,2012,3,0.971780128664944,0.967533215131193,0.0460279636573189,1.02630218511173,10.815714388761,11.6048287633936
2022130,"Têxteis, vestuário, couro e calçados",PTNT,2012,4,0.976902795119818,0.992145312081632,0.0184501451136283,1.0439879239783,11.5146118492246,11.5980404012691
2022130,"Têxteis, vestuário, couro e calçados",PTNT,2013,1,1.05041687910757,1.01057913699132,-0.00224248043221448,1.01584094661887,12.0199763714465,11.5768008012493
2022130,"Têxteis, vestuário, couro e calçados",PTNT,2013,2,1.04626686733477,1.02136210376804,-0.0142843203992993,1.02067255883829,12.3456669325476,11.5912325155698
2022130,"Têxteis, vestuário, couro e calçados",PTNT,2013,3,0.930783212499305,0.973175784714433,0.0396844737655371,1.05429607425275,10.9658267907815,11.594238423687
2022130,"Têxteis, vestuário, couro e calçados",PTNT,2013,4,0.989119295736209,0.996195329679236,0.0139330265070286,1.03994902257055,11.6396970666019,11.6059234992796
2022130,"Têxteis, vestuário, couro e calçados",PTNT,2014,1,1.05798882978762,1.01348799012124,-0.00544766292950061,1.01303604383551,12.1286818984237,11.5993088528993
2022130,"Têxteis, vestuário, couro e calçados",PTNT,2014,2,1.04508851418877,1.02364264229571,-0.0167921692056744,1.02153683576352,12.4333065108926,11.6110349167906
2022130,"Têxteis, vestuário, couro e calçados",PTNT,2014,3,0.866652327139012,0.971311754410305,0.0418972342698015,1.09046551167251,10.9726918588238,11.6481495328364
2022130,"Têxteis, vestuário, couro e calçados",PTNT,2014,4,0.923221092750071,0.992510734586273,0.0182661266208864,1.07364389137889,11.6335991621914,11.6949257018131
2022130,"Têxteis, vestuário, couro e calçados",PTNT,2015,1,0.995194930450451,1.00565687091568,0.00374995465716998,1.04063797807236,12.1100302620301,11.7833890473852
2022130,"Têxteis, vestuário, couro e calçados",PTNT,2015,2,0.98880451794146,1.01447635283059,-0.00604674484388096,1.04704569324573,12.4016729548279,11.8177471374477
2022130,"Têxteis, vestuário, couro e calçados",PTNT,2015,3,0.852336369745333,0.956834232316224,0.0588331822667605,1.08153664003751,10.9055251304175,11.9592748210209
2022130,"Têxteis, vestuário, couro e calçados",PTNT,2015,4,0.880815874551308,0.978538756430741,0.0345537575653825,1.0867271095865,11.5413517630642,11.9706960440091
2022130,"Têxteis, vestuário, couro e calçados",PTNT,2016,1,0.883938549501981,0.998822338454256,0.0116139450717935,1.10016329152009,12.015154873924,11.8738580865222
2022130,"Têxteis, vestuário, couro e calçados",PTNT,2016,2,0.915370870843053,1.01040556994628,-0.0013582884345365,1.08652791997826,12.3473351419456,11.8735716849434
2022130,"Têxteis, vestuário, couro e calçados",PTNT,2016,3,0.94527168759983,0.956032399142473,0.0596013750030353,1.02634892556319,10.8199993599713,11.9034562430496
2022130,"Têxteis, vestuário, couro e calçados",PTNT,2016,4,0.955923256604515,0.978823237563498,0.0341796547966576,1.0435347195568,11.5227674226245,11.9468086479151
2022130,"Têxteis, vestuário, couro e calçados",PTNT,2017,1,1.0324674346628,1.00022306447472,0.0100115259913727,1.01875778925158,12.0390764131481,11.8593144265051
2022130,"Têxteis, vestuário, couro e calçados",PTNT,2017,2,1.04748199854476,1.00723985062539,0.00240310868861454,1.01402505450633,12.3606430819616,11.9666023655787
2022130,"Têxteis, vestuário, couro e calçados",PTNT,2017,3,0.971477189444358,0.951815578225405,0.0644997762346234,1.00696424326452,10.7838254500162,11.979244027691
2022130,"Têxteis, vestuário, couro e calçados",PTNT,2017,4,0.962604766864211,0.974417094357169,0.0392968195847875,1.03560043111951,11.4844107489319,12.0255001981521
2022130,"Têxteis, vestuário, couro e calçados",PTNT,2018,1,0.99912864441456,0.994198960598737,0.0169639737357924,1.03176823339271,11.9655480699335,11.9480719878674
2022130,"Têxteis, vestuário, couro e calçados",PTNT,2018,2,0.966098352858111,0.998917916035448,0.0120074777537509,1.05120116791877,12.2590602557037,12.0892085286636
2022130,"Têxteis, vestuário, couro e calçados",PTNT,2018,3,0.831109698688382,0.942457727937684,0.0754459360621385,1.074490226925,10.740051589866,12.1800256014615
2022130,"Têxteis, vestuário, couro e calçados",PTNT,2018,4,0.794365472319772,0.969935234198264,0.0445073818911718,1.13484211577848,11.4480264511296,12.1078938798146
2022130,"Têxteis, vestuário, couro e calçados",PTNT,2019,1,0.830956518663952,0.991683181774648,0.0199481529162586,1.12921947236271,11.973723908698,12.019859887021
2022130,"Têxteis, vestuário, couro e calçados",PTNT,2019,2,0.859360106067373,0.997988148766915,0.0130861551598594,1.11393507926499,12.2504234718332,12.105328914436
2022130,"Têxteis, vestuário, couro e calçados",PTNT,2019,3,0.713739910387203,0.940870398970113,0.0773361402737516,1.15665017460801,10.7487455884667,12.2284771898046
2022130,"Têxteis, vestuário, couro e calçados",PTNT,2019,4,0.750715733723835,0.965009860763424,0.0503542610567903,1.16081572619709,11.4661889721535,12.2503648820296
2022130,"Têxteis, vestuário, couro e calçados",PTNT,2020,1,0.772857348884142,0.979579715823233,0.0341868472907681,1.15895152204825,11.9560849944767,12.314357740434
2022130,"Têxteis, vestuário, couro e calçados",PTNT,2020,2,0.713091535731146,0.990237769753149,0.0221973336065365,1.21605078947276,12.2360062018145,12.2911206562103
2022130,"Têxteis, vestuário, couro e calçados",PTNT,2020,3,0.946827489351077,0.941368015870468,0.0770998956029757,1.00414346568709,10.9176880659565,12.3665824473569
2022130,"Têxteis, vestuário, couro e calçados",PTNT,2020,4,1.04227077394644,0.966341247465924,0.0491033202301906,0.985920371949692,11.6200445282764,12.3536258863237
2022130,"Têxteis, vestuário, couro e calçados",PTNT,2021,1,1.23113761512906,0.978330104348491,0.0358002200256892,0.916836977012557,12.0233082550999,12.4064175184179
2022130,"Têxteis, vestuário, couro e calçados",PTNT,2021,2,1.08057487838171,0.994137625149472,0.0180432991531064,0.989723315365012,12.4506910534208,12.3828627298157
2022130,"Têxteis, vestuário, couro e calçados",PTNT,2021,3,1.09798445079472,0.949951825762978,0.0676807115948841,0.942547291809735,11.2572939952178,12.4498113033793
2022130,"Têxteis, vestuário, couro e calçados",PTNT,2021,4,1.06392884789541,0.972732899512442,0.0422851342230387,0.980965456998814,11.9671085441658,12.4997063133005
2022130,"Têxteis, vestuário, couro e calçados",PTNT,2022,1,1.40236105894783,0.985360472720627,0.0280444955741941,0.863453457651359,12.2816233449166,12.456875489363
2022130,"Têxteis, vestuário, couro e calçados",PTNT,2022,2,1.11302495037886,0.995626435898811,0.0168642998107255,0.974824741034827,12.7286592573455,12.5929174463863
2022130,"Têxteis, vestuário, couro e calçados",PTNT,2022,3,1.01467676291117,0.946665218532335,0.0716012699964004,0.975803282531042,11.2785904432439,12.5530742157886
2022130,"Têxteis, vestuário, couro e calçados",PTNT,2022,4,1.06553393847392,0.969623303420972,0.045987771115192,0.976850960430841,11.9839978915985,12.5944964760444
2022130,"Têxteis, vestuário, couro e calçados",PTNT,2023,1,1.17443476690082,0.981828334121611,0.0324365161360691,0.940003373085361,12.3905421317878,12.6446763140324
2022130,"Têxteis, vestuário, couro e calçados",PTNT,2023,2,1.0611685489622,0.992974084848109,0.0199529183528373,0.996506986945694,12.7095475008748,12.6438390836197
2022130,"Têxteis, vestuário, couro e calçados",PTNT,2023,3,0.932940369238758,0.933975073107139,0.0861580200679462,0.998984907439045,11.080815947485,12.7017546428131
2022130,"Têxteis, vestuário, couro e calçados",PTNT,2023,4,0.926235813092602,0.960060335601669,0.0569758495897456,1.03678245030773,11.8438659302321,12.714490867729
2022130,"Têxteis, vestuário, couro e calçados",PTNT,2024,1,0.995919140748379,0.97312793355112,0.0424409255920352,1.01269689804371,12.2666349745829,12.7570487428767
2022130,"Têxteis, vestuário, couro e calçados",PTNT,2024,2,0.885721568414635,0.983900160900545,0.0304365947526733,1.08319814164688,12.6042941711245,12.7824433837736
2022130,"Têxteis, vestuário, couro e calçados",PTNT,2024,3,0.863951108779029,0.935899107666688,0.0842166726085612,1.04045392220997,11.2388079028973,12.7935179518983
2022130,"Têxteis, vestuário, couro e calçados",TEKA,1989,3,1.50545480198947,1.06489369991175,-0.0949509229517593,0.80982002943584,-1.78186211997641,-2.14008674070798
2022130,"Têxteis, vestuário, couro e calçados",TEKA,1989,4,1.17238515322828,1.05943616654693,-0.0859008691706955,0.93196302060859,-0.522868051946096,-0.875948489216424
2022130,"Têxteis, vestuário, couro e calçados",TEKA,1990,1,2.36699607728342,1.00397137018001,-0.0207389198039394,0.662513004654426,-0.645926401517093,0.435896541147167
2022130,"Têxteis, vestuário, couro e calçados",TEKA,1990,2,1.71903331593793,1.03960757380752,-0.0602014591250647,0.783525040874413,0.591380755081951,0.627310719329109
2022130,"Têxteis, vestuário, couro e calçados",TEKA,1990,3,1.72299677443237,1.05523048249109,-0.0769999151997157,0.781957368155556,1.37562922141424,0.927158731837228
2022130,"Têxteis, vestuário, couro e calçados",TEKA,1990,4,1.5315144522984,1.06102992396057,-0.0823465600959682,0.830647146470031,2.09513892432146,1.42100245868331
2022130,"Têxteis, vestuário, couro e calçados",TEKA,1991,1,0.981179819557586,1.01616571992275,-0.0311890694715062,1.04393671287634,1.24859374362906,1.8150692251371
2022130,"Têxteis, vestuário, couro e calçados",TEKA,1991,2,1.40186046655696,1.03923377199858,-0.0566075924691785,0.876165340541227,2.11042280637771,1.99335262659137
2022130,"Têxteis, vestuário, couro e calçados",TEKA,1991,3,1.34700208812956,1.0512463436902,-0.0691132860917431,0.894213542115353,2.91133511705582,2.40062495654675
2022130,"Têxteis, vestuário, couro e calçados",TEKA,1991,4,1.26201255936051,1.03500802993003,-0.0480785829275011,0.931795795667269,3.81832780771793,3.62678065895648
2022130,"Têxteis, vestuário, couro e calçados",TEKA,1992,1,1.08699691853824,0.987292309625124,0.00685207932682867,0.990698345717609,3.16930234758914,4.27031986407183
2022130,"Têxteis, vestuário, couro e calçados",TEKA,1992,2,1.09522839248056,1.01061044469146,-0.0179314507881831,1.0008259072013,4.47916142000903,4.84227059683427
2022130,"Têxteis, vestuário, couro e calçados",TEKA,1992,3,1.13020798984152,1.02547844885894,-0.0332326351359113,0.990166121318327,5.55580471818491,5.42256917539264
2022130,"Têxteis, vestuário, couro e calçados",TEKA,1992,4,1.25144402948135,1.03275129689424,-0.0398748302278105,0.942650116680414,6.48837786386738,6.06890441756853
2022130,"Têxteis, vestuário, couro e calçados",TEKA,1993,1,1.19276988962455,0.987444445843282,0.0125082812578265,0.951159414435139,5.98078559502983,6.77699264101644
2022130,"Têxteis, vestuário, couro e calçados",TEKA,1993,2,1.19478760231702,1.00962381053914,-0.0105961253896319,0.961664099469231,7.4525282582748,7.52269086735284
2022130,"Têxteis, vestuário, couro e calçados",TEKA,1993,3,1.21200115194202,1.01992482000789,-0.0201459936056799,0.957095067199314,8.70493483877863,8.37700698455363
2022130,"Têxteis, vestuário, couro e calçados",TEKA,1993,4,1.20487693039184,1.02642647378776,-0.0253320434480314,0.95950400484343,9.90083268198397,9.27825156706209
2022130,"Têxteis, vestuário, couro e calçados",TEKA,1994,1,0.934800757268541,0.973587374276927,0.0363500474406914,1.05776923228922,9.59324952373408,10.3580166787409
2022130,"Têxteis, vestuário, couro e calçados",TEKA,1994,2,1.05733473022284,0.997738889636138,0.0117191120715518,1.0076810011148,11.4501757266862,11.3971203058758
2022130,"Têxteis, vestuário, couro e calçados",TEKA,1994,3,0.996433937745296,1.0113025733847,-0.00309956860601135,1.04335085755442,12.0181269802454,11.5566054591958
2022130,"Têxteis, vestuário, couro e calçados",TEKA,1994,4,1.04881037188794,1.01864926050646,-0.0110537455983848,1.0184619825928,12.3605732272775,11.6740818803671
2022130,"Têxteis, vestuário, couro e calçados",TEKA,1995,1,1.4416055742203,0.965051854282047,0.049102146343118,0.840013228583095,10.8868092286293,11.7319192563284
2022130,"Têxteis, vestuário, couro e calçados",TEKA,1995,2,1.19992353556848,0.990468215237337,0.0208578880189435,0.939929652275068,11.7216360888705,11.8258961326234
2022130,"Têxteis, vestuário, couro e calçados",TEKA,1995,3,1.10666155791026,1.00283749213437,0.00717462577799799,0.985045092608266,12.1579114431228,11.8984148549629
2022130,"Têxteis, vestuário, couro e calçados",TEKA,1995,4,1.02023630787963,1.01126419410897,-0.0020677279584983,1.02889272308741,12.4934371821978,11.9820273771663
2022130,"Têxteis, vestuário, couro e calçados",TEKA,1996,1,1.06319189416225,0.958851653891659,0.0565624283229993,0.97059870193444,10.9578813510899,11.9543147065558
2022130,"Têxteis, vestuário, couro e calçados",TEKA,1996,2,1.16580778819506,0.985659390894642,0.0264424353742198,0.950063267242928,11.6796393431543,11.9116591551684
2022130,"Têxteis, vestuário, couro e calçados",TEKA,1996,3,1.1789698412354,1.00170922553359,0.00837357903938907,0.953994665414821,12.0944280060616,11.8706469256193
2022130,"Têxteis, vestuário, couro e calçados",TEKA,1996,4,1.21906352812397,1.01253759254244,-0.00380836865704398,0.942304940904248,12.3784154072617,11.8466751881985
2022130,"Têxteis, vestuário, couro e calçados",TEKA,1997,1,1.07500011786335,0.96820161808651,0.0458013396612841,0.975336927186686,11.0863373744356,11.829353977991
2022130,"Têxteis, vestuário, couro e calçados",TEKA,1997,2,1.21877047772821,0.996982429068867,0.0132125069190379,0.936951364555674,11.7398185699141,11.6751533127578
2022130,"Têxteis, vestuário, couro e calçados",TEKA,1997,3,1.15208097496496,1.01160396185271,-0.00314724466410704,0.969825515884969,12.1664151602058,11.6812969673037
2022130,"Têxteis, vestuário, couro e calçados",TEKA,1997,4,1.06306047810392,0.992626821809871,0.0198347514180663,0.996695379573921,12.4552925411972,12.4256982392817
2022130,"Têxteis, vestuário, couro e calçados",TEKA,1998,1,1.25208185791439,0.942397060882211,0.0760525065552746,0.87420267746222,10.9978113278286,12.4117526077762
2022130,"Têxteis, vestuário, couro e calçados",TEKA,1998,2,1.29902034101737,0.96743903464187,0.0479878939999365,0.883843138747437,11.7064502003141,12.4026439835508
2022130,"Têxteis, vestuário, couro e calçados",TEKA,1998,3,1.37484126575906,0.98229087021369,0.0313296325444641,0.87040293499474,12.1200957935986,12.3913194101456
2022130,"Têxteis, vestuário, couro e calçados",TEKA,1998,4,1.35949781622085,0.992365586791448,0.0200352697431415,0.881418052930287,12.403456770951,12.3861066624821
2022130,"Têxteis, vestuário, couro e calçados",TEKA,1999,1,1.50605557058847,0.945840700437339,0.0721179163149419,0.800909780145416,11.0589848616941,12.3781077632638
2022130,"Têxteis, vestuário, couro e calçados",TEKA,1999,2,1.49808182933756,0.970259628757947,0.0447626317638923,0.825404345500248,11.7553304728604,12.3739921775857
2022130,"Têxteis, vestuário, couro e calçados",TEKA,1999,3,1.5078266679025,0.986290662590454,0.0267860464068314,0.833707968830529,12.2038901360882,12.363618388033
2022130,"Têxteis, vestuário, couro e calçados",TEKA,1999,4,1.33542377224878,0.998910425378399,0.0126118156274277,0.892827692090172,12.5459607026597,12.3455942638124
2022130,"Têxteis, vestuário, couro e calçados",TEKA,2000,1,1.3006913772453,0.954685969458402,0.0621030802030479,0.871559633081058,11.2601870416752,12.3310441121743
2022130,"Têxteis, vestuário, couro e calçados",TEKA,2000,2,1.38189420194651,0.979512560641831,0.0342483039323654,0.866699652537454,11.9475339913253,12.3084433370649
2022130,"Têxteis, vestuário, couro e calçados",TEKA,2000,3,1.42268111899706,0.993831565326221,0.0181839806077452,0.862827296224155,12.3445564553549,12.2959328813319
2022130,"Têxteis, vestuário, couro e calçados",TEKA,2000,4,1.45399847055108,1.00404080342869,0.00672109397212534,0.858053223527755,12.623165255142,12.2830283792448
2022130,"Têxteis, vestuário, couro e calçados",TEKA,2001,1,1.35489249343096,0.958413740912316,0.0577889765666925,0.857896359945051,11.2999710678451,12.2710158910058
2022130,"Têxteis, vestuário, couro e calçados",TEKA,2001,2,1.44144717781136,0.981935102296361,0.0314355012573796,0.850431157654054,11.9689436256212,12.2654643560944
2022130,"Têxteis, vestuário, couro e calçados",TEKA,2001,3,1.49337591008369,0.997569585339975,0.013929026945262,0.844074609395902,12.4186611752746,12.266289336154
2022130,"Têxteis, vestuário, couro e calçados",TEKA,2001,4,1.48021752415537,1.00818051028669,0.00205608237904042,0.85192190359112,12.7279628259019,12.270496190527
2022130,"Têxteis, vestuário, couro e calçados",TEKA,2002,1,1.2388300058847,0.960321706874034,0.0556184374496029,0.899149570540351,11.3384128320513,12.25643625547
2022130,"Têxteis, vestuário, couro e calçados",TEKA,2002,2,1.38710509882784,0.984990136777921,0.0279800644122144,0.868978626943334,12.0401464343058,12.2507364991299
2022130,"Têxteis, vestuário, couro e calçados",TEKA,2002,3,1.4049675265526,0.99976772144616,0.0114098975299881,0.871341783079756,12.4540426104342,12.2415389668816
2022130,"Têxteis, vestuário, couro e calçados",TEKA,2002,4,1.31522275648835,1.01220181396246,-0.00256422156116676,0.905302742157887,12.7870195284742,12.2201537774194
2022130,"Têxteis, vestuário, couro e calçados",TEKA,2003,1,0.970607417714774,0.96406442799689,0.0512921244417139,1.02019424715854,11.3808094739635,12.1983578181311
2022130,"Têxteis, vestuário, couro e calçados",TEKA,2003,3,0.773532101615781,0.967991910819858,0.0484025267465334,1.14292161697915,12.220371156362,12.8473884906687
2022130,"Têxteis, vestuário, couro e calçados",TEKA,2003,4,0.761522803516865,0.976955848527139,0.0382800502100374,1.16158813834263,12.4371454300213,12.8111884230508
2022130,"Têxteis, vestuário, couro e calçados",TEKA,2004,1,0.706301988386,0.927390644484097,0.0937230490729989,1.13602841818776,10.9840235395102,12.7841009120395
2022130,"Têxteis, vestuário, couro e calçados",TEKA,2004,2,0.767161011266129,0.951221135112289,0.066959093782569,1.12734131292305,11.6308917620554,12.7508869218485
2022130,"Têxteis, vestuário, couro e calçados",TEKA,2004,3,0.821507815091373,0.967560647309377,0.0485654464282886,1.10952488776069,12.0538061695587,12.7097054223842
2022130,"Têxteis, vestuário, couro e calçados",TEKA,2004,4,0.804107911105223,0.98032786927121,0.0341982530437351,1.13444999667995,12.3867020289059,12.6797087222556
2022130,"Têxteis, vestuário, couro e calçados",TEKA,2005,1,0.909017766850565,0.933489342823924,0.0865998097666701,1.01158461591556,11.0176549090714,12.6578044330045
2022130,"Têxteis, vestuário, couro e calçados",TEKA,2005,2,0.957673342033446,0.958378162052783,0.0586792103007731,1.01820742379427,11.7086494129724,12.636865722071
2022130,"Têxteis, vestuário, couro e calçados",TEKA,2005,3,0.908496647369418,0.976207139495587,0.0386607435495277,1.0640935872474,12.1951175166365,12.614256264138
2022130,"Têxteis, vestuário, couro e calçados",TEKA,2005,4,0.929434109261727,0.988880669629806,0.0244142201274633,1.06236215125958,12.5329111892881,12.5910347767546
2022130,"Têxteis, vestuário, couro e calçados",TEKA,2006,1,0.82521002811803,0.945714759426391,0.0727299699029345,1.08052648788798,11.2822957243097,12.5807461005217
2022130,"Têxteis, vestuário, couro e calçados",TEKA,2006,2,0.79295336977643,0.970199331486554,0.0452898685969387,1.13314131790297,11.9750790997238,12.5717668922479
2022130,"Têxteis, vestuário, couro e calçados",TEKA,2006,3,0.838535658898885,0.984527918453582,0.029236841158795,1.11521927258734,12.3829886008507,12.5687326196908
2022130,"Têxteis, vestuário, couro e calçados",TEKA,2006,4,0.87158305009096,0.99541515355385,0.0170111404241279,1.10172345057776,12.6793472570881,12.5542990825779
2022130,"Têxteis, vestuário, couro e calçados",TEKA,2007,1,0.865773170877982,0.943402731475647,0.0752192766386924,1.05195210830035,11.1678297968518,12.5377957227251
2022130,"Têxteis, vestuário, couro e calçados",TEKA,2007,2,0.893304630344159,0.970756460790476,0.0445488950309626,1.06847652192238,11.9346708013904,12.5214025312476
2022130,"Têxteis, vestuário, couro e calçados",TEKA,2007,3,0.935824698150203,0.985872317656519,0.027585540986332,1.05707382268414,12.3513537985679,12.5060225967649
2022130,"Têxteis, vestuário, couro e calçados",TEKA,2007,4,0.962101150928637,0.997121350783339,0.0149644452288881,1.04997320241065,12.6628036192997,12.4957910380243
2022130,"Têxteis, vestuário, couro e calçados",TEKA,2008,1,0.867968720537307,0.949678251117902,0.0680889525397222,1.05947295789753,11.2985227421927,12.4936399270187
2022130,"Têxteis, vestuário, couro e calçados",TEKA,2008,2,0.874822071755226,0.975290923691559,0.0393862165192344,1.08435727619829,12.024014839351,12.4849519827178
2022130,"Têxteis, vestuário, couro e calçados",TEKA,2008,3,0.874430509707057,0.989987560176272,0.0228988640359408,1.09683100154642,12.4318121408642,12.4723832831981
2022130,"Têxteis, vestuário, couro e calçados",TEKA,2008,4,0.883333483113299,1.00167901550114,0.00971780639397046,1.09872530165776,12.7248813284178,12.4343977199378
2022130,"Têxteis, vestuário, couro e calçados",TEKA,2009,1,0.826631902751137,0.950218287011947,0.0672858311759679,1.08690952644682,11.2184600259544,12.4083034844717
2022130,"Têxteis, vestuário, couro e calçados",TEKA,2009,2,0.837630530911738,0.975860749818931,0.0385318112264089,1.10931306547055,11.9361722956693,12.3919047664103
2022130,"Têxteis, vestuário, couro e calçados",TEKA,2009,3,0.85204623518791,0.990138104189385,0.0225076228887829,1.11186969610533,12.3288640353058,12.3765947252409
2022130,"Têxteis, vestuário, couro e calçados",TEKA,2009,4,0.897246762784041,1.00074646542555,0.0106183549705269,1.09007186018109,12.6288446767704,12.3725439061921
2022130,"Têxteis, vestuário, couro e calçados",TEKA,2010,1,1.12817513059893,0.940969689135204,0.0781780421803453,0.917932526226642,11.210775111497,12.6385109597947
2022130,"Têxteis, vestuário, couro e calçados",TEKA,2010,2,1.11007494279755,0.967815201730015,0.0481235609337033,0.955109752447789,11.9855603793469,12.6422389141434
2022130,"Têxteis, vestuário, couro e calçados",TEKA,2010,3,1.06452545340814,0.98219456005698,0.0320112147944824,0.987654422420183,12.3937411452461,12.6381454477118
2022130,"Têxteis, vestuário, couro e calçados",TEKA,2010,4,1.04125154527612,0.994186553339332,0.0185160336838869,1.0069251949809,12.7062466581675,12.609812247809
2022130,"Têxteis, vestuário, couro e calçados",TEKA,2011,1,0.671662888864252,0.939473586210553,0.0797522432432692,1.18750110139742,11.1190628850555,12.594964316491
2022130,"Têxteis, vestuário, couro e calçados",TEKA,2011,2,0.73206154866999,0.965152470677721,0.0509676145071387,1.17342612521876,11.8427243262143,12.5829444362563
2022130,"Têxteis, vestuário, couro e calçados",TEKA,2011,3,0.793294743309352,0.981194714867258,0.0329748930457404,1.14368203251201,12.2898800076835,12.5710295761918
2022130,"Têxteis, vestuário, couro e calçados",TEKA,2011,4,0.854717412701632,0.992127497398398,0.0207080419980475,1.11033188327954,12.5922946785836,12.5608363633392
2022130,"Têxteis, vestuário, couro e calçados",TEKA,2012,1,1.01974557065401,0.939175067112103,0.0799808958410769,0.963606009930072,11.0595957249929,12.5495138364104
2022130,"Têxteis, vestuário, couro e calçados",TEKA,2012,2,1.01843279266806,0.961914360609752,0.0544360534364088,0.991910396680649,11.6737569027544,12.5150641330325
2022130,"Têxteis, vestuário, couro e calçados",TEKA,2012,3,1.02654709107875,0.973365895275139,0.0415709126993389,0.99924974252135,11.9826982700781,12.4974018641764
2022130,"Têxteis, vestuário, couro e calçados",TEKA,2012,4,1.01615783442781,0.980202346799247,0.0338455315232967,1.01034123361154,12.1454430420763,12.4674890128081
2022130,"Têxteis, vestuário, couro e calçados",TEKA,2013,1,0.780837230830311,0.910708138193601,0.111643886210413,1.05220432122137,10.1384204836061,12.4566257723168
2022130,"Têxteis, vestuário, couro e calçados",TEKA,2013,2,0.789832665402453,0.93239169186606,0.087339404807118,1.08479981366146,10.7502593425011,12.4471641500012
2022130,"Têxteis, vestuário, couro e calçados",TEKA,2013,3,0.947191589560621,0.950064410835434,0.0675205640182381,1.01503289700234,11.2441124026919,12.4351546258201
2022130,"Têxteis, vestuário, couro e calçados",TEKA,2013,4,1.06717760825201,0.965379785205579,0.0502419251268145,0.973255448451733,11.6222695141126,12.3802579551507
2022130,"Têxteis, vestuário, couro e calçados",TEKA,2014,1,0.884190515635184,0.921740780804409,0.0990843740625561,1.00856537922444,10.3565807253932,12.368636093437
2022130,"Têxteis, vestuário, couro e calçados",TEKA,2014,2,0.857638886347226,0.942149916015902,0.0762020706912483,1.05625023686858,10.9294333606278,12.3570281581
2022130,"Têxteis, vestuário, couro e calçados",TEKA,2014,3,0.90442921522219,0.958396945131788,0.0579979936721125,1.04952010340515,11.3911271272046,12.352846119135
2022130,"Têxteis, vestuário, couro e calçados",TEKA,2014,4,0.962566468924289,0.970447478242697,0.0444785510298517,1.03008853956868,11.7252079510706,12.3422784872503
2022130,"Têxteis, vestuário, couro e calçados",TEKA,2015,1,1.07846527688189,0.922852207601183,0.0977574699386737,0.915085208189699,10.3488513644228,12.3332447280367
2022130,"Têxteis, vestuário, couro e calçados",TEKA,2015,2,1.10908281786488,0.94902937956872,0.0684149456820938,0.937429076269993,11.0868719496107,12.3212745101623
2022130,"Têxteis, vestuário, couro e calçados",TEKA,2015,3,1.10191482392252,0.962612604192382,0.0532290762802967,0.955313608099192,11.4890233366948,12.3322043287094
2022130,"Têxteis, vestuário, couro e calçados",TEKA,2015,4,1.09336914005512,0.975126462869288,0.0391835191958835,0.970740722437506,11.8329083753888,12.318515121752
2022130,"Têxteis, vestuário, couro e calçados",TEKA,2016,1,1.0268824569159,0.9318128917388,0.08765313575231,0.951338436921548,10.5725174575176,12.3032822530064
2022130,"Têxteis, vestuário, couro e calçados",TEKA,2016,2,0.987307630713559,0.957669095376025,0.0586665369390995,1.00404138373402,11.299631883285,12.2898005540406
2022130,"Têxteis, vestuário, couro e calçados",TEKA,2016,3,1.00838874323869,0.972259732894425,0.042298444362997,1.00847189420205,11.7046543991392,12.2774711299421
2022130,"Têxteis, vestuário, couro e calçados",TEKA,2016,4,1.00978152972536,0.982800686576599,0.0304661806482052,1.01674319182182,11.9937955442889,12.2654688189952
2022130,"Têxteis, vestuário, couro e calçados",TEKA,2017,1,0.871740172354107,0.932251745767587,0.0870407635543764,1.03351537157999,10.5268591397373,12.2512615352691
2022130,"Têxteis, vestuário, couro e calçados",TEKA,2017,2,0.934959599063025,0.955897456029347,0.0605375993201389,1.02995989288001,11.194373383553,12.241220326098
2022130,"Têxteis, vestuário, couro e calçados",TEKA,2017,3,0.912410128856686,0.967096659520138,0.0479789686341026,1.05525301744317,11.5076029065538,12.2338552756805
2022130,"Têxteis, vestuário, couro e calçados",TEKA,2017,4,0.948272228031316,0.978823728673619,0.0348326724440113,1.04614814329544,11.8376561926433,12.2279825416613
2022130,"Têxteis, vestuário, couro e calçados",TEKA,2018,1,0.905469945733706,0.930658480238655,0.0887590596402941,1.01178885635078,10.4493582178839,12.2228957472688
2022130,"Têxteis, vestuário, couro e calçados",TEKA,2018,2,0.931080485895415,0.954892896933327,0.0616148833724183,1.0310151639572,11.1425664762397,12.2207081949717
2022130,"Têxteis, vestuário, couro e calçados",TEKA,2018,3,0.934209657117329,0.970829229755668,0.0437567000604208,1.04672355843222,11.5943578733315,12.2156477262829
2022130,"Têxteis, vestuário, couro e calçados",TEKA,2018,4,0.956138676219501,0.986857123083659,0.025617609282948,1.04871733055312,11.9628414338517,12.1338488145748
2022130,"Têxteis, vestuário, couro e calçados",TEKA,2019,1,0.832734358477361,0.936091171074426,0.0824501634641243,1.06420399410079,10.4968780681626,12.126073087634
2022130,"Têxteis, vestuário, couro e calçados",TEKA,2019,2,0.839389930836228,0.96097402656723,0.0545670768384534,1.09394079621705,11.2025566792096,12.1183997246777
2022130,"Têxteis, vestuário, couro e calçados",TEKA,2019,3,0.87059755714664,0.975772818041619,0.0379856765866609,1.08971241612003,11.6230911702901,12.1145864185898
2022130,"Têxteis, vestuário, couro e calçados",TEKA,2019,4,0.930715279917795,0.99015812740176,0.0217428399682631,1.06574168311593,11.9717860055912,12.0572212088787
2022130,"Têxteis, vestuário, couro e calçados",TEKA,2020,1,0.874056218203826,0.933740207912901,0.0849385193877709,1.0355103380827,10.3598299699721,12.0639555190349
2022130,"Têxteis, vestuário, couro e calçados",TEKA,2020,2,0.95024452225398,0.949190112017208,0.0676427363960858,1.0143812365561,10.8061710338656,12.066496719178
2022130,"Têxteis, vestuário, couro e calçados",TEKA,2020,3,0.985062296064669,0.968105244760803,0.0464446661926891,1.0175673879845,11.3415160580362,12.0596914391087
2022130,"Têxteis, vestuário, couro e calçados",TEKA,2020,4,1.0079045678131,0.986654244308993,0.0255446185575968,1.02199609039212,11.8123946200174,12.0047046043679
2022130,"Têxteis, vestuário, couro e calçados",TEKA,2021,1,1.04462208903953,0.948088122826581,0.0687378824676372,0.96643526033599,10.7076071183913,12.0067293758707
2022130,"Têxteis, vestuário, couro e calçados",TEKA,2021,2,1.08087746741484,0.977047283842524,0.0362673316762568,0.979703090661123,11.5194175298396,11.9893404226562
2022130,"Têxteis, vestuário, couro e calçados",TEKA,2021,3,1.10950723578184,0.993465584733737,0.0178770254732284,0.978473831585505,11.9887116001317,11.9875550131355
2022130,"Têxteis, vestuário, couro e calçados",TEKA,2021,4,1.15467714506244,1.00203540706721,0.00841174202801864,0.963248989952249,12.2981596952633,12.0442123473225
2022130,"Têxteis, vestuário, couro e calçados",TEKA,2022,1,1.09848667147477,0.959301501442114,0.0562463333880403,0.954947115637058,11.0612098087461,12.0350530338659
2022130,"Têxteis, vestuário, couro e calçados",TEKA,2022,2,1.10644402156651,0.983495490630801,0.0291120651263731,0.97313748784091,11.736219474565,12.0176509502667
2022130,"Têxteis, vestuário, couro e calçados",TEKA,2022,3,1.08634264345604,0.998859421166002,0.0118964518900642,0.991691412708429,12.1723319655691,12.0132620991125
2022130,"Têxteis, vestuário, couro e calçados",TEKA,2022,4,1.08041276889606,1.01033259626527,-0.000978776844929086,0.999408602695864,12.488709862571,12.0016857236667
2022130,"Têxteis, vestuário, couro e calçados",TEKA,2023,1,1.05002015231516,0.963930384115161,0.0509689229839343,0.98180148354908,11.1489305051093,11.9947326208258
2022130,"Têxteis, vestuário, couro e calçados",TEKA,2023,2,1.08085720720329,0.987681610417781,0.0243531913455323,0.987696211583574,11.8221694251352,11.9870986812686
2022130,"Têxteis, vestuário, couro e calçados",TEKA,2023,3,1.09326486215332,1.00300481254399,0.00720029327340904,0.99066280124022,12.265353682788,11.9900687051794
2022130,"Têxteis, vestuário, couro e calçados",TEKA,2023,4,1.12336108994116,1.01411966647618,-0.00525186590660587,0.981372278342761,12.5819490534065,11.9878713958977
2022130,"Têxteis, vestuário, couro e calçados",TEKA,2024,1,1.0995821138619,0.96349816012115,0.0514287860988138,0.959041425089598,11.1248806355297,11.9843360134158
2022130,"Têxteis, vestuário, couro e calçados",TEKA,2024,2,1.16949529999455,0.989342195967947,0.0224881464066026,0.95059900223553,11.8672230834087,11.9847643915271
2022130,"Têxteis, vestuário, couro e calçados",TEKA,2024,3,1.22233343484281,1.00566567208261,0.00419408341730199,0.938043884008548,12.3290029167452,11.9786996370333
2022130,"Têxteis, vestuário, couro e calçados",TFCO,2020,4,1.19879149139436,1.02622836521304,-0.0201421505569475,0.955005921614033,12.2886393538479,11.4155713723084
2022130,"Têxteis, vestuário, couro e calçados",TFCO,2021,1,1.013423757441,0.965943478279224,0.0480553479137463,1.00288459726841,10.8891305228105,11.7111370513916
2022130,"Têxteis, vestuário, couro e calçados",TFCO,2021,2,1.10195075446038,0.993419617154165,0.0174857937034887,0.982763060021039,11.7741045566286,11.7970954758474
2022130,"Têxteis, vestuário, couro e calçados",TFCO,2021,3,1.14997092476371,1.01440804240739,-0.00607659256195386,0.971112197300487,12.3484770548167,11.7719957564143
2022130,"Têxteis, vestuário, couro e calçados",TFCO,2021,4,1.24858008069068,1.0268196257529,-0.0199067658722365,0.934083067390984,12.7380135723035,11.8016936176733
2022130,"Têxteis, vestuário, couro e calçados",TFCO,2022,1,1.16906217376753,0.973614114645254,0.0399232800835568,0.939628517925254,11.3299499719266,11.9081540602991
2022130,"Têxteis, vestuário, couro e calçados",TFCO,2022,2,1.20643105037438,0.999631383282334,0.0108711727094514,0.941756018906575,12.1170254943031,11.9440872817208
2022130,"Têxteis, vestuário, couro e calçados",TFCO,2022,3,1.1968652617231,1.01339162551791,-0.00443981836469975,0.950562180113487,12.5594824029948,11.9864712514882
2022130,"Têxteis, vestuário, couro e calçados",TFCO,2022,4,1.24315145004914,1.02378858634826,-0.0158938458741121,0.934468577032062,12.9490287109493,12.0678187985073
2022130,"Têxteis, vestuário, couro e calçados",TFCO,2023,1,1.2171549389121,0.97345152423897,0.0405097826733021,0.91989732601958,11.5201256939951,12.0821431202236
2022130,"Têxteis, vestuário, couro e calçados",TFCO,2023,2,1.28342575171227,1.00100366337593,0.00954186397931678,0.913260695948875,12.25636188172,12.0333348692497
2022130,"Têxteis, vestuário, couro e calçados",TFCO,2023,3,1.2975775324465,1.01294369750843,-0.00363956087242673,0.912175856137234,12.6905036784046,12.1149511931953
2022130,"Têxteis, vestuário, couro e calçados",TFCO,2023,4,1.318005556312,1.02285183765661,-0.0145015651695283,0.906682845708389,13.0875121367789,12.2154921934638
2022130,"Têxteis, vestuário, couro e calçados",TFCO,2024,1,1.17363992004855,0.967795705087818,0.0474644637893331,0.930466111527851,11.6569431579094,12.3492930838858
2022130,"Têxteis, vestuário, couro e calçados",TFCO,2024,2,1.23935711726992,0.993808462753436,0.0183829637504232,0.924037784731337,12.4272946714964,12.3704078835156
2022130,"Têxteis, vestuário, couro e calçados",TFCO,2024,3,1.27497318691387,1.01160200790357,-0.00166145669625406,0.918790822206238,12.8811252160916,12.3195622759205
2022130,"Têxteis, vestuário, couro e calçados",TXRX,1989,3,1.63500175455296,1.08402592861724,-0.121066042235425,0.749310692605238,-3.49208437917615,-4.1576829078585
2022130,"Têxteis, vestuário, couro e calçados",TXRX,1989,4,1.22551421581693,1.08248673333713,-0.116465226148771,0.880266562446072,-2.1501255766637,-2.91989857132936
2022130,"Têxteis, vestuário, couro e calçados",TXRX,1990,1,0.890769430085477,1.0291612677416,-0.0535265658772971,1.06719276602869,-2.12868791349615,-1.53386041591755
2022130,"Têxteis, vestuário, couro e calçados",TXRX,1990,2,1.29710223529977,1.05491553665382,-0.08191864027671,0.883330072742987,-1.17306674822628,-1.34067936580146
2022130,"Têxteis, vestuário, couro e calçados",TXRX,1990,3,1.3070435532234,1.07133597663134,-0.0995698879385218,0.876474206362161,-0.346494848818614,-1.02348093149438
2022130,"Têxteis, vestuário, couro e calçados",TXRX,1990,4,1.11680603235023,1.07843323702411,-0.106482863667002,0.948133118705901,0.355848197978453,-0.578233600077364
2022130,"Têxteis, vestuário, couro e calçados",TXRX,1991,1,0.626567311664364,1.02861249313111,-0.0496359651875846,1.28976500608594,-0.566110359332019,-0.124457486454794
2022130,"Têxteis, vestuário, couro e calçados",TXRX,1991,2,1.39151677245637,1.04312610248265,-0.0650689446570909,0.867689632998714,0.245659736716419,0.228401276421876
2022130,"Têxteis, vestuário, couro e calçados",TXRX,1991,3,1.2197466831582,1.05552371011647,-0.0778506800733019,0.927678572934325,1.13236944540823,0.702418528976502
2022130,"Têxteis, vestuário, couro e calçados",TXRX,1991,4,0.851228669139787,1.04788925410325,-0.0668470503977111,1.12125717572557,2.09556477373681,1.75821833052685
2022130,"Têxteis, vestuário, couro e calçados",TXRX,1992,1,0.881847268260306,0.989880150122207,-0.000441908896107367,1.09188920767241,1.12570168261688,2.37910983248297
2022130,"Têxteis, vestuário, couro e calçados",TXRX,1992,2,1.02502861598775,1.01328554317188,-0.0252269296589953,1.02760036492794,2.48442505217182,2.99245826733994
2022130,"Têxteis, vestuário, couro e calçados",TXRX,1992,3,1.1905226327104,1.02394093812713,-0.0357289806450047,0.95861913373771,3.47946254859966,3.60786731809238
2022130,"Têxteis, vestuário, couro e calçados",TXRX,1992,4,1.2178671114794,1.03164606026649,-0.0428679413587086,0.950923326043507,4.41833521215393,4.24874733712787
2022130,"Têxteis, vestuário, couro e calçados",TXRX,1993,1,1.12679646727495,0.986048450396704,0.00987297200290169,0.974437840231062,3.91790670884821,4.97068563287154
2022130,"Têxteis, vestuário, couro e calçados",TXRX,1993,2,1.13876619827871,1.01035986666407,-0.0156344047251928,0.983571051228204,5.44344274430248,5.70976876136794
2022130,"Têxteis, vestuário, couro e calçados",TXRX,1993,3,1.1049998321404,1.02325143234231,-0.0281412586796346,1.00299254761693,6.74326532476131,6.54002209575485
2022130,"Têxteis, vestuário, couro e calçados",TXRX,1993,4,0.929095564948771,1.03147709102719,-0.0351548874111795,1.0951921888332,8.03830382919666,7.48560487153764
2022130,"Têxteis, vestuário, couro e calçados",TXRX,1994,1,1.21685037745575,0.980052609133269,0.024833687090595,0.936169039849407,7.71864710690609,8.51832766226077
2022130,"Têxteis, vestuário, couro e calçados",TXRX,1994,2,1.2051265620664,1.0011489017797,0.0036962428914657,0.951586560147746,9.52259728935229,9.588439961244
2022130,"Têxteis, vestuário, couro e calçados",TXRX,1994,3,1.25955656612108,1.015136483666,-0.0116061298189669,0.935371702792206,10.0983871703179,9.74405897298421
2022130,"Têxteis, vestuário, couro e calçados",TXRX,1994,4,1.14972872953403,1.02529354366611,-0.0226883027353897,0.98068038635026,10.5307664877336,9.86980454025483
2022130,"Têxteis, vestuário, couro e calçados",TXRX,1995,1,1.63263780936908,0.977871432989973,0.030566929210029,0.804424294433361,9.24139243641647,9.9340050266583
2022130,"Têxteis, vestuário, couro e calçados",TXRX,1995,2,1.37749990574692,1.00039337143414,0.00566198006787144,0.888543689307448,10.0403329773098,10.070129377732
2022130,"Têxteis, vestuário, couro e calçados",TXRX,1995,3,1.22784950522787,1.00642580695129,-0.000567853001183005,0.9430108973856,10.4667356376856,10.2962647183869
2022130,"Têxteis, vestuário, couro e calçados",TXRX,1995,4,1.10845737687374,1.01761819169563,-0.0130108629295854,0.995946390593321,10.8317941234043,10.335356204529
2022130,"Têxteis, vestuário, couro e calçados",TXRX,1996,1,1.1134373125128,0.969674016568047,0.0406474405184989,0.96583827080564,9.43995934442404,10.3214443614597
2022130,"Têxteis, vestuário, couro e calçados",TXRX,1996,2,1.23091882930566,0.998902487280066,0.00793571969789086,0.938471875320875,10.2886086794025,10.3300482598618
2022130,"Têxteis, vestuário, couro e calçados",TXRX,1996,3,1.29851915948193,1.01144390961439,-0.00598925673342388,0.918419532994892,10.7062493068541,10.3815141003663
2022130,"Têxteis, vestuário, couro e calçados",TXRX,1996,4,1.32938211606428,1.02023100958116,-0.0157623262630727,0.909720941729624,10.9908760656244,10.4104372145578
2022130,"Têxteis, vestuário, couro e calçados",TXRX,1997,1,1.35448412068162,0.97460580539224,0.0353408457216485,0.879368905699151,9.68573949371362,10.4145020152709
2022130,"Têxteis, vestuário, couro e calçados",TXRX,1997,2,1.41594821452368,0.999527817230278,0.00754435912764634,0.874889556426777,10.4553898625137,10.4629498681238
2022130,"Têxteis, vestuário, couro e calçados",TXRX,1997,3,1.39900866591297,1.01530375614703,-0.0102300831268998,0.885743624895657,10.8563855182844,10.4166416716515
2022130,"Têxteis, vestuário, couro e calçados",TXRX,1997,4,1.3017471053941,1.02673697774945,-0.0231281130101965,0.920341527479014,11.1390756085496,10.376007198331
2022130,"Têxteis, vestuário, couro e calçados",TXRX,1998,1,1.12722506991784,0.984134719501061,0.0245332272324276,0.971578895642598,9.89346286988893,10.3557376853884
2022130,"Têxteis, vestuário, couro e calçados",TXRX,1998,2,1.20447566275921,1.00762317711269,-0.00179890797457938,0.952417708108183,10.5540197691455,10.3435146374357
2022130,"Têxteis, vestuário, couro e calçados",TXRX,1998,3,1.25118136618428,1.01875973214255,-0.0141775399394464,0.937515961563152,10.9183701323739,10.3834048773724
2022130,"Têxteis, vestuário, couro e calçados",TXRX,1998,4,1.22473286399185,1.02851977019627,-0.0251264417555745,0.948991930151345,11.1893574479956,10.3752089848879
2022130,"Têxteis, vestuário, couro e calçados",TXRX,1999,1,1.42154223904579,0.979998764709938,0.0291333900844323,0.86247504999125,9.75955461607145,10.3421787066952
2022130,"Têxteis, vestuário, couro e calçados",TXRX,1999,2,1.30844304288627,1.00873877522697,-0.00311529636775432,0.914270004147277,10.5537269194543,10.3146569359534
2022130,"Têxteis, vestuário, couro e calçados",TXRX,1999,3,1.26053119071968,1.02480315458654,-0.0211808489558363,0.93534868855395,10.97837197816,10.2820733544979
2022130,"Têxteis, vestuário, couro e calçados",TXRX,1999,4,1.27283295833403,1.03298319727997,-0.0303299264575353,0.931345414392824,11.2186773860668,10.286979532294
2022130,"Têxteis, vestuário, couro e calçados",TXRX,2000,1,1.1648038144235,0.991223373855123,0.0163732510576147,0.960722008834221,9.99013801361178,10.260361853352
2022130,"Têxteis, vestuário, couro e calçados",TXRX,2000,2,1.27942163327268,1.01280066138604,-0.00780433400090236,0.92604375579021,10.6027293399423,10.254296089056
2022130,"Têxteis, vestuário, couro e calçados",TXRX,2000,3,1.2728356578255,1.02612570879031,-0.0227438790332937,0.931074617391592,10.97685084128,10.2468139101968
2022130,"Têxteis, vestuário, couro e calçados",TXRX,2000,4,1.29424145561107,1.0347578053239,-0.0323937604077988,0.923706189282396,11.2327496320816,10.2540569999054
2022130,"Têxteis, vestuário, couro e calçados",TXRX,2001,1,1.15613674887658,0.98759731431142,0.0204597905398691,0.961985472013809,9.89851411447063,10.2714913931051
2022130,"Têxteis, vestuário, couro e calçados",TXRX,2001,2,1.20085242388605,1.01203401596502,-0.00694236791377506,0.955622450945373,10.5823762097744,10.2557728071209
2022130,"Têxteis, vestuário, couro e calçados",TXRX,2001,3,1.20071754332144,1.02489440851788,-0.0213161707127115,0.958419129802136,10.9650299670708,10.2678202102987
2022130,"Têxteis, vestuário, couro e calçados",TXRX,2001,4,1.1814801371679,1.03456567288946,-0.0321871275181321,0.966795636606536,11.2231257726099,10.2503881167844
2022130,"Têxteis, vestuário, couro e calçados",TXRX,2002,1,1.3333625567713,0.986672759338855,0.0213910523897226,0.895333560326774,9.82181749436242,10.2267027241658
2022130,"Têxteis, vestuário, couro e calçados",TXRX,2002,2,1.09998461091872,1.01208417462692,-0.00710468178901796,0.998640362521449,10.5326784861373,10.2101084701405
2022130,"Têxteis, vestuário, couro e calçados",TXRX,2002,3,1.09002543438654,1.0278619918317,-0.0248416439325775,1.00651333559558,10.9527985411271,10.1808296578014
2022130,"Têxteis, vestuário, couro e calçados",TXRX,2002,4,1.11666926964367,1.04013138208549,-0.0386349915328739,0.994451992734763,11.2792787409439,10.1578649118066
2022130,"Têxteis, vestuário, couro e calçados",TXRX,2003,1,1.19693789561459,0.999980514383355,0.0062654709801675,0.952836126213786,10.0964847043433,10.1308540215688
2022130,"Têxteis, vestuário, couro e calçados",TXRX,2003,2,1.07444873116688,1.02279228177774,-0.0193814332827152,1.01344104426151,10.7026564193325,10.0874122332234
2022130,"Têxteis, vestuário, couro e calçados",TXRX,2003,3,1.14873757504436,1.03470233853597,-0.0328063515700629,0.981093778064941,11.0024543781819,10.0498318423472
2022130,"Têxteis, vestuário, couro e calçados",TXRX,2003,4,1.29600888758265,1.03730056465194,-0.0354321638183221,0.92323902398549,11.2137808249181,10.1719397020153
2022130,"Têxteis, vestuário, couro e calçados",TXRX,2004,1,1.71634757405765,0.988576489138971,0.0190679186557719,0.790379385709246,9.78433538216741,10.1444338684398
2022130,"Têxteis, vestuário, couro e calçados",TXRX,2004,2,1.42787529305926,1.01906490348752,-0.0151338530734943,0.878409960002726,10.6310462587962,10.1190105671778
2022130,"Têxteis, vestuário, couro e calçados",TXRX,2004,3,1.51686948007186,1.03168063207139,-0.0292751926992918,0.853596435432579,10.9866707191165,10.1131930835408
2022130,"Têxteis, vestuário, couro e calçados",TXRX,2004,4,1.45303007149621,1.04337476197439,-0.0424147135968407,0.871618998308262,11.3012711783072,10.0943657598909
2022130,"Têxteis, vestuário, couro e calçados",TXRX,2005,1,1.45729107059743,0.995210096893781,0.0115388059443634,0.861412012590559,9.92637645600615,10.101232725646
2022130,"Têxteis, vestuário, couro e calçados",TXRX,2005,2,1.2896159848094,1.02200932777588,-0.0184946706323825,0.924907803904224,10.6849827365066,10.0916996584299
2022130,"Têxteis, vestuário, couro e calçados",TXRX,2005,3,1.23986171705662,1.00630531997639,0.000762734008822818,0.936643474595042,11.0393194215351,10.8106537780262
2022130,"Têxteis, vestuário, couro e calçados",TXRX,2005,4,0.968898593804073,1.01989478394843,-0.0146118074707804,1.06423611113472,11.3541180774067,10.7434202231652
2022130,"Têxteis, vestuário, couro e calçados",TXRX,2006,1,0.926797970227707,0.965293217099766,0.0464954015604506,1.0525521900753,9.76808545008171,10.7267447011923
2022130,"Têxteis, vestuário, couro e calçados",TXRX,2006,2,1.01215082264679,0.989065159566323,0.0198262923224807,1.02757128902642,10.427379714358,10.7061275722822
2022130,"Têxteis, vestuário, couro e calçados",TXRX,2006,3,0.968613895053555,1.00340989394652,0.00372658662448311,1.05888202440663,10.8219760623261,10.6907911348271
2022130,"Têxteis, vestuário, couro e calçados",TXRX,2006,4,0.986459727784802,1.01240604851967,-0.00637186848417531,1.05291883816551,11.0686298739031,10.6804468057023
2022130,"Têxteis, vestuário, couro e calçados",TXRX,2007,1,1.00640315372438,0.968670425764013,0.0425784862478127,1.01367550228874,9.80002646515507,10.6686988975971
2022130,"Têxteis, vestuário, couro e calçados",TXRX,2007,2,0.926404877533626,0.996401246208114,0.0114855898996586,1.07909371215909,10.5775829180948,10.6522082886697
2022130,"Têxteis, vestuário, couro e calçados",TXRX,2007,3,0.939629407085756,1.00976287745784,-0.00349527900921481,1.07802665145519,10.952583451747,10.6445733040486
2022130,"Têxteis, vestuário, couro e calçados",TXRX,2007,4,1.09109687474424,1.01833857430699,-0.0131292788503749,1.0029575892959,11.1840857211095,10.6314767086512
2022130,"Têxteis, vestuário, couro e calçados",TXRX,2008,1,1.23584332313938,0.97305633894639,0.0375388239687039,0.918691410117947,9.86422689006488,10.6136036204646
2022130,"Têxteis, vestuário, couro e calçados",TXRX,2008,2,1.11063219486011,0.99977548288744,0.00760118097398915,0.987465415602153,10.6234960377388,10.6067153477887
2022130,"Têxteis, vestuário, couro e calçados",TXRX,2008,3,1.13970154789106,1.01351841762632,-0.00779652879693954,0.980193541046217,11.0143391533101,10.6034533506463
2022130,"Têxteis, vestuário, couro e calçados",TXRX,2008,4,1.30047748678646,1.01971092346296,-0.0147281510702969,0.919041770541111,11.1935915220664,10.6047876009653
2022130,"Têxteis, vestuário, couro e calçados",TXRX,2009,1,1.37305700760403,0.96396118271901,0.0481041419026333,0.863404441602984,9.78624189365448,10.7771019948722
2022130,"Têxteis, vestuário, couro e calçados",TXRX,2009,2,1.15919285605838,0.990023098467375,0.0188989564168972,0.960561998092515,10.5249374632862,10.7686888881815
2022130,"Têxteis, vestuário, couro e calçados",TXRX,2009,3,1.10401137650958,1.0009279388539,0.00687632053930198,0.990066813598651,10.9291321760379,10.8500985252276
2022130,"Têxteis, vestuário, couro e calçados",TXRX,2009,4,0.989416109307086,1.01218787533836,-0.0056833526490076,1.05049428439205,11.2763696521765,10.8715448119554
2022130,"Têxteis, vestuário, couro e calçados",TXRX,2010,1,1.12452788118927,0.936191705191329,0.0813832754091104,0.917875751363846,10.0400009292484,11.7155181381584
2022130,"Têxteis, vestuário, couro e calçados",TXRX,2010,2,1.15352535271793,0.960844849489802,0.0537632820413189,0.93502236076903,10.7419037426154,11.7103612992699
2022130,"Têxteis, vestuário, couro e calçados",TXRX,2010,3,1.2166825535437,0.976360393531655,0.0363768286295497,0.924213536650524,11.1818602417301,11.7055187168159
2022130,"Têxteis, vestuário, couro e calçados",TXRX,2010,4,1.25634831994527,0.987707496238313,0.0236634725681216,0.917469254806141,11.5045869679327,11.7028432819858
2022130,"Têxteis, vestuário, couro e calçados",TXRX,2011,1,1.13241117460967,0.954707849233812,0.0607056484900402,0.937048382914342,10.5993675278586,11.7403907250338
2022130,"Têxteis, vestuário, couro e calçados",TXRX,2011,2,1.18929532972691,0.973898280698754,0.0392396851363486,0.932583822786644,11.1620799906087,11.7509670198671
2022130,"Têxteis, vestuário, couro e calçados",TXRX,2011,3,1.24948539420179,0.986213345496152,0.0255204892676717,0.918669441930517,11.5502384528415,11.7819083838946
2022130,"Têxteis, vestuário, couro e calçados",TXRX,2011,4,1.48960279610101,0.990657750537306,0.0205779444733008,0.843827703615665,11.6944647024989,11.7967745074897
2022130,"Têxteis, vestuário, couro e calçados",TXRX,2012,1,1.15478965796903,0.934707166329406,0.0832227109749027,0.903462352596901,10.0826439488236,11.7916503863999
2022130,"Têxteis, vestuário, couro e calçados",TXRX,2012,2,0.831482723917897,0.95949755301452,0.0554593311893205,1.09924543654811,10.7934513163183,11.7909271119311
2022130,"Têxteis, vestuário, couro e calçados",TXRX,2012,3,0.846649572270035,0.971926374657796,0.0415457005345249,1.10310273861278,11.152575188693,11.7930254982709
2022130,"Têxteis, vestuário, couro e calçados",TXRX,2012,4,0.817191769075921,1.01659632549455,-0.0106855297644414,1.15749155880319,11.3714357612847,10.8434339984364
2022130,"Têxteis, vestuário, couro e calçados",TXRX,2013,1,1.00092920567504,0.964546093021404,0.0475749912800552,1.01164260900442,9.86367123548606,10.8312510957017
2022130,"Têxteis, vestuário, couro e calçados",TXRX,2013,2,1.17883751442833,0.988375750438502,0.0209687703235474,0.951128000432791,10.5860589771629,10.8654951900023
2022130,"Têxteis, vestuário, couro e calçados",TXRX,2013,3,1.27757254894032,1.00400898062965,0.00349202916643965,0.921572364774842,11.0493894082948,10.8785081904094
2022130,"Têxteis, vestuário, couro e calçados",TXRX,2013,4,1.17594977594561,1.01685879992374,-0.0109934443480014,0.964993607869555,11.3722346170709,10.8374193301125
2022130,"Têxteis, vestuário, couro e calçados",TXRX,2014,1,0.925719772290148,0.969298185271794,0.042271710083132,1.05687226386368,10.0089391196486,10.8391604033052
2022130,"Têxteis, vestuário, couro e calçados",TXRX,2014,2,0.970699729155206,0.994384579800274,0.0141602152445878,1.05225564786089,10.7202322668586,10.8312833286443
2022130,"Têxteis, vestuário, couro e calçados",TXRX,2014,3,0.980476088787702,1.00992395650095,-0.00326560728792491,1.0546813650621,11.1547639715212,10.8209856590401
2022130,"Têxteis, vestuário, couro e calçados",TXRX,2014,4,0.939534039139173,1.02223342826009,-0.0171481660415075,1.08106475835083,11.4610396241143,10.7789514302949
2022130,"Têxteis, vestuário, couro e calçados",TXRX,2015,1,0.823919273325502,0.970568612661784,0.0406544798404559,1.12197731624164,9.95168558857515,10.755469727229
2022130,"Têxteis, vestuário, couro e calçados",TXRX,2015,2,0.799470561803122,0.997897005544608,0.00997581489818389,1.16223585557168,10.7001389839349,10.7233063876741
2022130,"Têxteis, vestuário, couro e calçados",TXRX,2015,3,0.771905797350601,1.01374060744099,-0.00779485587662171,1.19063660702851,11.1413996791444,10.7112192870591
2022130,"Têxteis, vestuário, couro e calçados",TXRX,2015,4,0.708698628317152,0.983728540377974,0.0282172218727192,1.21785066622159,11.4375289174675,11.7449552207599
2022130,"Têxteis, vestuário, couro e calçados",TXRX,2016,1,0.761668888361696,0.931918002541031,0.0862387350243464,1.10807952613509,9.95081686923492,11.7454274587389
2022130,"Têxteis, vestuário, couro e calçados",TXRX,2016,2,0.901157526969207,0.958401051277115,0.0565079965860895,1.05501768063538,10.6756121485473,11.7138068705951
2022130,"Têxteis, vestuário, couro e calçados",TXRX,2016,3,1.06716895681827,0.973158636535328,0.0399629407259736,0.984071886836891,11.090242037743,11.7057771688149
2022130,"Têxteis, vestuário, couro e calçados",TXRX,2016,4,1.08883891151288,0.982022235066857,0.0300334572547485,0.981458202302927,11.3429806118957,11.7042641722905
2022130,"Têxteis, vestuário, couro e calçados",TXRX,2017,1,0.940909551004004,0.929952036374514,0.0883786507165505,0.994105785515944,9.86466404460641,11.7188892324691
2022130,"Têxteis, vestuário, couro e calçados",TXRX,2017,2,1.00311221069491,0.957002247532777,0.0580653618250729,0.998407412676922,10.6310769396582,11.7098938513362
2022130,"Têxteis, vestuário, couro e calçados",TXRX,2017,3,1.10930068484931,0.971507548424608,0.0418007978677883,0.963774861252877,11.0374866040576,11.7009905494191
2022130,"Têxteis, vestuário, couro e calçados",TXRX,2017,4,1.0973426728701,0.981876573234813,0.030167206863194,0.977599603254262,11.3246490850376,11.6916284124877
2022130,"Têxteis, vestuário, couro e calçados",TXRX,2018,1,1.12766909043401,0.932362637630122,0.0855945428850254,0.911570895461245,9.8931133576803,11.6825025481941
2022130,"Têxteis, vestuário, couro e calçados",TXRX,2018,2,1.1311816936971,0.958266098783423,0.0565691442764031,0.941697282318451,10.6283879452755,11.6750962807835
2022130,"Têxteis, vestuário, couro e calçados",TXRX,2018,3,1.14621946747856,0.973238788655904,0.0397816597159045,0.949784531696776,11.0484494940328,11.6664031026411
2022130,"Têxteis, vestuário, couro e calçados",TXRX,2018,4,1.06723995031344,0.984625822147681,0.0270154102327261,0.993487474641237,11.3683831231008,11.6602099653021
2022130,"Têxteis, vestuário, couro e calçados",TXRX,2019,1,1.07055877246267,0.937760832812432,0.0794789213437406,0.943146779336444,10.0141473178354,11.6522100725697
2022130,"Têxteis, vestuário, couro e calçados",TXRX,2019,2,1.21319205516368,0.965542218958618,0.0483553508926701,0.916522515461472,10.8056585196514,11.6468844933955
2022130,"Têxteis, vestuário, couro e calçados",TXRX,2019,3,1.27085273706277,0.979833940750097,0.0323861858443863,0.907092343267038,11.2330232597838,11.6621681488369
2022130,"Têxteis, vestuário, couro e calçados",TXRX,2019,4,1.2409793023313,0.988459397660477,0.0227276320907568,0.923786713338981,11.4809710647779,11.6624814341197
2022130,"Têxteis, vestuário, couro e calçados",TXRX,2020,1,0.804029761501047,0.937202618447361,0.0801128494959968,1.0874106921916,10.0023669002759,11.6559992467114
2022130,"Têxteis, vestuário, couro e calçados",TXRX,2020,2,0.718450270160671,0.95303508162437,0.0623596760174761,1.17464384552186,10.445728076481,11.6460733338089
2022130,"Têxteis, vestuário, couro e calçados",TXRX,2020,3,0.945890026917703,0.97107803525612,0.0421299426227277,1.04362937892759,10.9519998380702,11.6356630996382
2022130,"Têxteis, vestuário, couro e calçados",TXRX,2020,4,1.10563225920877,0.983661969550566,0.0280209941463383,0.975545306026978,11.3051632338135,11.6284629421352
2022130,"Têxteis, vestuário, couro e calçados",TXRX,2021,1,1.67641955636192,0.944702531041316,0.0716353073728945,0.761028987242192,10.1797342595903,11.6221374005794
2022130,"Têxteis, vestuário, couro e calçados",TXRX,2021,2,1.66887442175278,0.972778163234099,0.0401750681496095,0.787006623237406,10.9762447075188,11.6137335752371
2022130,"Têxteis, vestuário, couro e calçados",TXRX,2021,3,1.69600079218629,0.989628786754154,0.0213044394464444,0.791008292356655,11.4597878074217,11.6135903807339
2022130,"Têxteis, vestuário, couro e calçados",TXRX,2021,4,1.61349734501469,1.00136385863016,0.00815188651903859,0.816411416547619,11.7913741072042,11.6088814489254
2022130,"Têxteis, vestuário, couro e calçados",TXRX,2022,1,1.43467058642664,0.95644378673963,0.0585053064075854,0.834640025109837,10.525699427555,11.6301098681486
2022130,"Têxteis, vestuário, couro e calçados",TXRX,2022,2,1.45555482707358,0.985138513313285,0.0263579317485249,0.851170298623936,11.3429499306712,11.6243570224033
2022130,"Têxteis, vestuário, couro e calçados",TXRX,2022,3,1.54851200176434,1.00117516057997,0.00838378534693757,0.833254842767016,11.7958743420048,11.6177369360307
2022130,"Têxteis, vestuário, couro e calçados",TXRX,2022,4,1.49267281197732,1.01227872394464,-0.00406956882732751,0.852509863326465,12.1054783699494,11.6095859735792
2022130,"Têxteis, vestuário, couro e calçados",TXRX,2023,1,1.2937299754761,0.960317218189944,0.0540975863620959,0.882875375534201,10.6031492405393,11.5999823837561
2022130,"Têxteis, vestuário, couro e calçados",TXRX,2023,2,1.08406126768415,0.984362205866874,0.0271450098465653,0.985900783285013,11.2810271586297,11.5889609306713
2022130,"Têxteis, vestuário, couro e calçados",TXRX,2023,3,0.960431448354094,0.997220025110134,0.0127215448140597,1.05610010562236,11.6382925039007,11.5784031846103
2022130,"Têxteis, vestuário, couro e calçados",TXRX,2023,4,0.923396488456997,1.00577708927168,0.00311465200985356,1.0815368001408,11.8722667333047,11.5679915902224
2022130,"Têxteis, vestuário, couro e calçados",TXRX,2024,1,0.801955952086332,0.950181445014403,0.0653533633804871,1.10840818847493,10.2665043826361,11.5591792485776
2022130,"Têxteis, vestuário, couro e calçados",TXRX,2024,2,1.01002670972995,0.976129771350651,0.0362740654389803,1.01493219566445,11.001305111657,11.5501998072875
2022130,"Têxteis, vestuário, couro e calçados",TXRX,2024,3,1.01581647852415,0.992379031495709,0.0180565825901972,1.02422182775297,11.4578079749218,11.5413252550399
2022130,"Têxteis, vestuário, couro e calçados",VULC,1989,3,1.0688724817385,1.11409682568027,-0.153924139896351,0.904396433615603,-2.23526569832198,-3.80618966157119
2022130,"Têxteis, vestuário, couro e calçados",VULC,1989,4,0.962042224671936,1.11489125625615,-0.152210752427444,0.965729619515748,-0.958374894990011,-2.68632712493137
2022130,"Têxteis, vestuário, couro e calçados",VULC,1990,1,0.51804280957057,1.05363193325974,-0.0803100090277496,1.39933712116384,-1.12744300430904,-1.26703600894497
2022130,"Têxteis, vestuário, couro e calçados",VULC,1990,2,1.02400702670999,1.08835062389579,-0.11873874133133,0.978305410136173,0.0865730180910721,-1.07290146682389
2022130,"Têxteis, vestuário, couro e calçados",VULC,1990,3,1.09564548827242,1.10147461165228,-0.132285994516963,0.939061717059739,1.01722267626996,-0.57826646812751
2022130,"Têxteis, vestuário, couro e calçados",VULC,1990,4,0.992355626983136,1.11478698116117,-0.146428026216026,0.975300582211597,1.76836482599006,-0.248755237091733
2022130,"Têxteis, vestuário, couro e calçados",VULC,1991,1,0.914189271624499,1.04811710622593,-0.0711848727611266,1.06750381614883,0.135168286806953,0.00180092935278835
2022130,"Têxteis, vestuário, couro e calçados",VULC,1991,2,0.872146738152501,1.07357392574902,-0.0985176082286774,1.08638512259013,1.43213674962646,0.507419693364442
2022130,"Têxteis, vestuário, couro e calçados",VULC,1991,3,0.99046152123318,1.08946657506134,-0.115315684553579,1.01142568625208,2.36984244039661,0.937386250868691
2022130,"Têxteis, vestuário, couro e calçados",VULC,1991,4,0.803111821650084,1.08227008271179,-0.104771039436333,1.13789246348489,3.36077235070255,2.00672587516478
2022130,"Têxteis, vestuário, couro e calçados",VULC,1992,1,0.745813323838977,1.02386424705996,-0.0378599825900772,1.20536455532904,2.40921409708014,2.65413251020727
2022130,"Têxteis, vestuário, couro e calçados",VULC,1992,2,0.773224720224108,1.05599446760171,-0.0727014889117176,1.18336384505029,3.88063555860278,3.14447301128379
2022130,"Têxteis, vestuário, couro e calçados",VULC,1992,3,0.998191128332926,1.06697418111313,-0.0835594307014774,1.03979683825385,4.88849959633525,3.76302251156288
2022130,"Têxteis, vestuário, couro e calçados",VULC,1992,4,1.15166904375226,1.07209462504341,-0.0875295383136067,0.968225965660593,5.88536939639411,4.52194549691039
2022130,"Têxteis, vestuário, couro e calçados",VULC,1993,1,1.11125986275768,1.01877003579195,-0.0260030621630818,0.997129177294262,5.22694541139163,5.30086457715085
2022130,"Têxteis, vestuário, couro e calçados",VULC,1993,2,1.1567498313782,1.04567924099,-0.0545070937409471,0.979333040436269,6.78489556840301,6.00230328642728
2022130,"Têxteis, vestuário, couro e calçados",VULC,1993,3,1.1577418818999,1.0578261950615,-0.0662069757776209,0.976698662422845,8.05039026102464,6.82098949397778
2022130,"Têxteis, vestuário, couro e calçados",VULC,1993,4,1.35269808245301,1.06176258359082,-0.0684511826845005,0.902359915636982,9.20594767057468,7.75196684881331
2022130,"Têxteis, vestuário, couro e calçados",VULC,1994,1,1.0896141499898,0.998969982237506,0.00436261114572811,1.00123184774834,8.6055151979889,8.82536479533856
2022130,"Têxteis, vestuário, couro e calçados",VULC,1994,2,1.36111858539767,1.02213916737901,-0.0191741753266875,0.900915484642683,10.431390687664,9.86192117269652
2022130,"Têxteis, vestuário, couro e calçados",VULC,1994,3,1.45584723592031,1.04099020213267,-0.0400864037453377,0.871420091854511,11.0680257758447,9.94720799162469
2022130,"Têxteis, vestuário, couro e calçados",VULC,1994,4,1.40166427259304,1.05200417848023,-0.0522277008926265,0.886033613306602,11.4770662140789,10.0301472312981
2022130,"Têxteis, vestuário, couro e calçados",VULC,1995,1,1.22023353647985,1.00286799676789,0.00307129838844411,0.944952496182297,10.1983511013465,10.1478027273689
2022130,"Têxteis, vestuário, couro e calçados",VULC,1995,2,1.09696249375576,1.02663600132666,-0.0233906321194572,1.00310030823241,10.9552219433625,10.2144195754904
2022130,"Têxteis, vestuário, couro e calçados",VULC,1995,3,1.00553340580476,1.04217038845106,-0.0407865114294044,1.04754236187621,11.4013444231164,10.2146000279121
2022130,"Têxteis, vestuário, couro e calçados",VULC,1995,4,0.954888461468059,1.05219749446574,-0.0518981433052673,1.0726363541357,11.7456875170386,10.2650629352373
2022130,"Têxteis, vestuário, couro e calçados",VULC,1996,1,0.594744219650642,0.991466061896088,0.0161187956355973,1.34466674860496,10.0054491448429,10.2678134092062
2022130,"Têxteis, vestuário, couro e calçados",VULC,1996,2,0.627964439499434,1.02041757725765,-0.0163401907259676,1.32438082982059,10.8184865697059,10.2517161246941
2022130,"Têxteis, vestuário, couro e calçados",VULC,1996,3,0.622882224271364,1.04185877619592,-0.0406532717602511,1.33140788147726,11.2884694854237,10.1217935786703
2022130,"Têxteis, vestuário, couro e calçados",VULC,1996,4,0.610188422345221,1.05766696877119,-0.0584891357493638,1.34037130160701,11.6782009274377,10.0646000080129
2022130,"Têxteis, vestuário, couro e calçados",VULC,1997,1,0.563422137351222,0.996381834046542,0.00996583549910951,1.38675775061116,9.83436774370726,9.98903641991309
2022160,"Madeira, celulose, papel, artigos de borracha e material plástico",DXCO,2007,1,0.607645767491197,2.03767516573258,-0.907297616494015,0.804844834728871,11.1998127416548,12.8387870190948
2022160,"Madeira, celulose, papel, artigos de borracha e material plástico",DXCO,2008,1,0.774231671768545,1.97726669409396,-0.873934772150296,0.758379406312697,11.3643278885511,13.1971747986511
2022160,"Madeira, celulose, papel, artigos de borracha e material plástico",DXCO,2009,1,0.750651774196452,1.84550830824986,-0.78982141070685,0.849644940639969,11.4553315032107,13.6157943794059
2022160,"Madeira, celulose, papel, artigos de borracha e material plástico",DXCO,2010,1,0.65394274411649,2.20106947029167,-1.09683163416778,0.842218914057771,13.0989038098214,15.0470924754138
2022160,"Madeira, celulose, papel, artigos de borracha e material plástico",DXCO,2011,1,0.568718063334102,2.26008448083363,-1.14146164244465,0.865037331501625,13.2223421387665,15.0821834389301
2022160,"Madeira, celulose, papel, artigos de borracha e material plástico",DXCO,2012,1,0.578366949838483,2.2865087662429,-1.16326517039216,0.845767657282633,13.3205829026381,15.1561475050872
2022160,"Madeira, celulose, papel, artigos de borracha e material plástico",DXCO,2013,1,0.665050540130619,2.28137366955414,-1.1636417809972,0.803645941040228,13.4104108242488,15.2894273173414
2022160,"Madeira, celulose, papel, artigos de borracha e material plástico",DXCO,2014,1,0.519700349020065,2.32149080098527,-1.19604113095439,0.88704766800478,13.5429727961501,15.3792341326512
2022160,"Madeira, celulose, papel, artigos de borracha e material plástico",DXCO,2021,1,0.5251402761873,2.43754009566638,-1.28817602261308,0.810958908019771,13.8889375821827,15.5881806904939
2022160,"Madeira, celulose, papel, artigos de borracha e material plástico",EUCA,1989,3,1.24717079497229,0.589335869906595,0.632701497851922,0.893572013499537,-2.32776042907666,-2.25395818977
2022160,"Madeira, celulose, papel, artigos de borracha e material plástico",EUCA,1989,4,1.3660820547758,0.975212775791494,0.314639555876308,0.99583596176237,-0.901106864942729,-1.18465355527611
2022160,"Madeira, celulose, papel, artigos de borracha e material plástico",EUCA,1990,2,0.803312773150212,0.750436619091764,0.427416799235147,0.883234060311252,-0.0206840609046733,0.512560830823079
2022160,"Madeira, celulose, papel, artigos de borracha e material plástico",EUCA,1990,3,0.673102940210119,0.743014704681866,0.404148981249046,0.862805750268506,0.645593451589377,1.43241307538052
2022160,"Madeira, celulose, papel, artigos de borracha e material plástico",EUCA,1990,4,0.622895109151208,0.878461157508461,0.290946724101693,0.953036648182613,1.18317837963127,1.85765773486892
2022160,"Madeira, celulose, papel, artigos de borracha e material plástico",EUCA,1997,1,0.660591400839023,1.53422468594494,-0.534227113546056,0.925384544800544,10.3276818849253,12.7846725505235
2022160,"Madeira, celulose, papel, artigos de borracha e material plástico",EUCA,1998,1,0.5829124317318,1.55439098653732,-0.548505538910266,0.981300089032052,10.3469087655432,12.7655469394558
2022160,"Madeira, celulose, papel, artigos de borracha e material plástico",EUCA,1999,1,0.791668702344912,1.65620337759473,-0.632161731631333,0.842433609137118,10.7171076659552,13.0392488156311
2022160,"Madeira, celulose, papel, artigos de borracha e material plástico",EUCA,2000,1,0.673058515999105,1.76046011085807,-0.709483546020726,0.887068509369603,10.8992406677282,13.0525269008255
2022160,"Madeira, celulose, papel, artigos de borracha e material plástico",EUCA,2001,1,0.648479811029684,1.8196941744162,-0.754396389170664,0.886512439994443,11.0259034270201,13.091498105631
2022160,"Madeira, celulose, papel, artigos de borracha e material plástico",EUCA,2002,1,0.596637025472461,1.86124468303667,-0.785727296790741,0.909609399643382,11.1106498305788,13.1132730575577
2022160,"Madeira, celulose, papel, artigos de borracha e material plástico",EUCA,2003,1,0.59108450451053,1.96718971742389,-0.861498186007981,0.862324101865378,11.2295590209169,13.0370602692196
2022160,"Madeira, celulose, papel, artigos de borracha e material plástico",EUCA,2007,1,0.608935975918364,1.96297878742758,-0.871239164351877,0.879007907136077,11.5258906258607,13.4482101653516
2022160,"Madeira, celulose, papel, artigos de borracha e material plástico",EUCA,2008,1,0.583712829199609,2.0043991593758,-0.905066488232786,0.884676097737334,11.6716225092601,13.5529500187862
2022160,"Madeira, celulose, papel, artigos de borracha e material plástico",EUCA,2009,1,0.682849733269973,1.89103845894048,-0.825204516842725,0.876964067659428,11.5730151625637,13.673301963766
2022160,"Madeira, celulose, papel, artigos de borracha e material plástico",EUCA,2010,1,0.855516856975417,1.7831084288554,-0.754683590626311,0.840618958418369,11.6093314477994,13.9643899954584
2022160,"Madeira, celulose, papel, artigos de borracha e material plástico",EUCA,2011,1,0.680807794358178,1.8642673735868,-0.818369268601445,0.921758468965182,11.8336052315415,14.0865541448295
2022160,"Madeira, celulose, papel, artigos de borracha e material plástico",EUCA,2012,1,0.656988361928393,1.90482931039749,-0.851161314340206,0.928500044350283,11.9684269768765,14.1784276098477
2022160,"Madeira, celulose, papel, artigos de borracha e material plástico",EUCA,2013,2,0.594766286311127,1.23846754096784,-0.352883229270697,1.0573225730428,10.7081829014106,13.9632407303751
2022160,"Madeira, celulose, papel, artigos de borracha e material plástico",EUCA,2013,3,0.771589491227257,1.56689210961766,-0.595532374851853,0.937049553612307,11.2600611262556,13.9754233773051
2022160,"Madeira, celulose, papel, artigos de borracha e material plástico",EUCA,2013,4,0.752439528114865,1.78631027568135,-0.757547420980985,0.896568899547125,11.6264734726529,13.9804531948589
2022160,"Madeira, celulose, papel, artigos de borracha e material plástico",EUCA,2014,1,0.920993753671775,1.02167400813004,-0.193646878136237,0.79146658661127,10.366000519188,13.9851761405426
2022160,"Madeira, celulose, papel, artigos de borracha e material plástico",EUCA,2014,2,1.06865368903578,1.23691980876034,-0.352457030256506,0.790140721930321,10.7225160293662,13.9861393019898
2022160,"Madeira, celulose, papel, artigos de borracha e material plástico",EUCA,2014,3,1.05414572403912,1.23931563554305,-0.354545779732268,0.796682522230525,10.7340643986965,13.9964258005284
2022160,"Madeira, celulose, papel, artigos de borracha e material plástico",EUCA,2014,4,1.04524827666522,1.23646643060811,-0.352843556423236,0.800505270488455,10.7387869137483,14.0092124375369
2022160,"Madeira, celulose, papel, artigos de borracha e material plástico",EUCA,2016,2,0.815366169318087,1.03156673632874,-0.199676304979431,0.84202015845125,10.3524159577716,13.9445923148767
2022160,"Madeira, celulose, papel, artigos de borracha e material plástico",EUCA,2016,3,0.871645807134512,1.16229802862251,-0.296358736438425,0.856036166413206,10.5743261408259,13.9524672676116
2022160,"Madeira, celulose, papel, artigos de borracha e material plástico",EUCA,2016,4,0.852032984872427,1.16573647338099,-0.299224062008758,0.867515085037758,10.5877743150196,13.9629928157763
2022160,"Madeira, celulose, papel, artigos de borracha e material plástico",EUCA,2021,1,0.747701050306884,0.907615259008803,-0.118228792897612,0.846395806075381,10.383304857568,14.2642247965537
2022160,"Madeira, celulose, papel, artigos de borracha e material plástico",EUCA,2021,2,1.11269720331419,1.83544980177145,-0.811094617295057,0.761377465243319,12.116077850754,14.53405670549
2022160,"Madeira, celulose, papel, artigos de borracha e material plástico",EUCA,2022,1,0.625739770797482,2.21562717997222,-1.09267972321878,0.811087708901501,12.7714352732749,14.5705468983577
2022160,"Madeira, celulose, papel, artigos de borracha e material plástico",EUCA,2023,1,1.00560657045941,1.19495269374749,-0.341862202600902,0.857534864444532,11.1338644717525,14.6378151950465
2022160,"Madeira, celulose, papel, artigos de borracha e material plástico",EUCA,2023,2,0.992290965768677,1.58150893519953,-0.627639897004923,0.879028809999123,11.7876579824368,14.6578911287034
2022160,"Madeira, celulose, papel, artigos de borracha e material plástico",EUCA,2023,3,0.801430467340329,1.79844604266592,-0.788644930951433,0.924543509184647,12.16933171214,14.6891693420906
2022160,"Madeira, celulose, papel, artigos de borracha e material plástico",EUCA,2023,4,0.803982754991691,1.87810037297373,-0.849213771032695,0.89784857895455,12.3437395718474,14.7471057689511
2022160,"Madeira, celulose, papel, artigos de borracha e material plástico",EUCA,2024,1,0.765661246049646,0.841600017129725,-0.0853538667245255,0.840258780849807,10.6477099314899,14.7705896260687
2022160,"Madeira, celulose, papel, artigos de borracha e material plástico",EUCA,2024,2,1.15909144278379,1.23856350993029,-0.379017896940484,0.819870975282485,11.3236463115373,14.7973616614589
2022160,"Madeira, celulose, papel, artigos de borracha e material plástico",EUCA,2024,3,1.22703097677814,1.50589756687938,-0.576577415132357,0.810211597246949,11.773948822362,14.8087417177991
2022160,"Madeira, celulose, papel, artigos de borracha e material plástico",KLBN,2001,4,2.31698237738695,1.78018918095072,-0.783663683100302,0.562834453702386,12.3394929044796,14.9607548681307
2022160,"Madeira, celulose, papel, artigos de borracha e material plástico",KLBN,2002,1,0.83343374106702,2.1195239633092,-1.03394560801942,0.784416115750862,12.8996006820553,14.9596453412722
2022160,"Madeira, celulose, papel, artigos de borracha e material plástico",KLBN,2003,1,0.896756997933041,2.3233677666973,-1.1792698020982,0.633876127597333,13.1174585747013,14.7981914919312
2022160,"Madeira, celulose, papel, artigos de borracha e material plástico",KLBN,2008,1,0.5038450992217,2.28925183791183,-1.16884385536673,0.915237446745894,13.4090470568777,15.2699246348483
2022160,"Madeira, celulose, papel, artigos de borracha e material plástico",KLBN,2010,1,0.802350122360559,2.12734129013786,-1.06480625783435,0.86881357724719,13.5049325193892,15.762729147923
2022160,"Madeira, celulose, papel, artigos de borracha e material plástico",KLBN,2011,1,0.609076985341394,2.27464748943515,-1.16797058168846,0.872974707143121,13.6186182887618,15.5867504962221
2022160,"Madeira, celulose, papel, artigos de borracha e material plástico",KLBN,2012,1,1.79463802383314,2.02462117761478,-0.986879992750441,0.615989485875242,13.2843103871172,15.6938309723083
2022160,"Madeira, celulose, papel, artigos de borracha e material plástico",KLBN,2013,1,0.870602039299166,2.23162062258874,-1.13875751002732,0.76322932287693,13.607138535812,15.6676057796822
2022160,"Madeira, celulose, papel, artigos de borracha e material plástico",KLBN,2014,1,4.02301407450314,1.90880417796973,-0.90508554321502,0.444195315005268,13.1787969965663,15.8103251698267
2022160,"Madeira, celulose, papel, artigos de borracha e material plástico",KLBN,2014,2,0.864912980742244,2.4616835371008,-1.3185819668255,0.646718038890938,14.2262101270134,15.9912926614907
2022160,"Madeira, celulose, papel, artigos de borracha e material plástico",KLBN,2015,1,0.99055355763275,2.16263881678283,-1.10306692709929,0.799030570668916,13.8518304244581,16.1538946494094
2022160,"Madeira, celulose, papel, artigos de borracha e material plástico",KLBN,2016,1,1.04306347515486,2.12275693383194,-1.08334705647489,0.832786571744352,14.0148922847904,16.4643149622754
2022160,"Madeira, celulose, papel, artigos de borracha e material plástico",KLBN,2017,1,1.38668190571891,2.15624298974293,-1.10931612524351,0.709015264991838,14.1001669336086,16.5048773826952
2022160,"Madeira, celulose, papel, artigos de borracha e material plástico",KLBN,2018,1,0.742785400238383,2.36523443368718,-1.26110490748388,0.808177781407106,14.389503281274,16.4287861492856
2022160,"Madeira, celulose, papel, artigos de borracha e material plástico",KLBN,2019,1,0.755844242120785,2.40900082801057,-1.29356546349947,0.769524090258356,14.465992156578,16.434401505404
2022160,"Madeira, celulose, papel, artigos de borracha e material plástico",KLBN,2020,1,0.950336835830895,2.34995932499306,-1.25487454358335,0.7396347064848,14.4831788416684,16.5900043269497
2022160,"Madeira, celulose, papel, artigos de borracha e material plástico",KLBN,2022,1,1.21639810422672,2.43442383601229,-1.32734397923178,0.630276607023962,14.8627149772603,16.9152382632729
2022160,"Madeira, celulose, papel, artigos de borracha e material plástico",KLBN,2023,1,0.912762731704314,2.44853579288722,-1.34505663589985,0.740783303781107,15.0584415318473,17.1489465438476
2022160,"Madeira, celulose, papel, artigos de borracha e material plástico",KLBN,2024,1,0.9065919858842,2.40152427488944,-1.3124238455756,0.785141310714213,15.0290347871553,17.2144286697298
2022160,"Madeira, celulose, papel, artigos de borracha e material plástico",RANI,1997,1,0.543803313995623,1.52039802569203,-0.475579745901776,0.933662876904951,9.16108950840608,11.2341975030845
2022160,"Madeira, celulose, papel, artigos de borracha e material plástico",RANI,1999,1,0.531622311280814,1.7784508456427,-0.668643008058865,0.892784817426815,9.65153297340238,11.3207915553965
2022160,"Madeira, celulose, papel, artigos de borracha e material plástico",RANI,2001,1,0.539729364264825,1.88667057231506,-0.762983321991786,0.867355785321241,10.1729685150504,11.7851552219626
2022160,"Madeira, celulose, papel, artigos de borracha e material plástico",RANI,2010,1,0.849659205490576,1.70013488919969,-0.685798677288142,0.848383014488225,11.2909171651391,13.7186731432702
2022160,"Madeira, celulose, papel, artigos de borracha e material plástico",RANI,2010,2,0.532890778523646,2.15076942508061,-1.01852023427034,0.854301059085714,12.0429683058898,13.7283583743346
2022160,"Madeira, celulose, papel, artigos de borracha e material plástico",RANI,2011,1,0.595080309773235,1.91630636955145,-0.839615941245592,0.917637760733944,11.5149725692218,13.5379960925615
2022160,"Madeira, celulose, papel, artigos de borracha e material plástico",RANI,2012,1,0.602562236137807,1.90783409244173,-0.834721527021008,0.919004664024495,11.5329635174929,13.5813702727244
2022160,"Madeira, celulose, papel, artigos de borracha e material plástico",RANI,2013,1,0.600504931319108,1.93547728708152,-0.856275447643776,0.910703287253252,11.6060997654073,13.6185706810357
2022160,"Madeira, celulose, papel, artigos de borracha e material plástico",RANI,2015,1,0.565002602505052,2.05841984909127,-0.954768286268999,0.8937383609819,11.9935116911122,13.8682570133018
2022160,"Madeira, celulose, papel, artigos de borracha e material plástico",RANI,2017,1,0.50512202325613,2.12114860925807,-1.00017059623552,0.90462333822444,12.0766477536779,13.8403913021251
2022160,"Madeira, celulose, papel, artigos de borracha e material plástico",RANI,2022,1,0.721401710415466,2.29583257988923,-1.13556615623707,0.673751566449942,12.5197187395503,14.0495846787487
2022160,"Madeira, celulose, papel, artigos de borracha e material plástico",RANI,2023,1,0.850288704964012,2.18231421219059,-1.06127318776551,0.698854433833601,12.5550671058213,14.3518833001509
2022160,"Madeira, celulose, papel, artigos de borracha e material plástico",RANI,2024,1,0.729835546968503,2.17007275383211,-1.0544109505265,0.766248538875119,12.5860106536685,14.4212625489789
2022160,"Madeira, celulose, papel, artigos de borracha e material plástico",SUZB,1989,3,0.531540420572005,0.41762733290071,0.688836305278648,0.770174997821907,-0.946574983015133,0.00318376344226475
2022160,"Madeira, celulose, papel, artigos de borracha e material plástico",SUZB,1989,4,0.655322170323641,0.719526115122511,0.4329384369273,0.891322174381319,0.336160797414772,1.06557404768077
2022160,"Madeira, celulose, papel, artigos de borracha e material plástico",SUZB,1990,3,0.724608704440631,0.938631397110314,0.213691646143606,0.832533331641883,2.05860717049143,2.90957509781239
2022160,"Madeira, celulose, papel, artigos de borracha e material plástico",SUZB,1990,4,0.635995167720202,1.06966172440616,0.0936143361392994,0.894131352638936,2.82810036207197,3.65909574471767
2022160,"Madeira, celulose, papel, artigos de borracha e material plástico",SUZB,1991,3,0.586010798776525,1.07950845615034,0.0497150137486184,0.868257668635734,3.70925703349545,4.83154624790586
2022160,"Madeira, celulose, papel, artigos de borracha e material plástico",SUZB,1994,1,0.577013290739082,1.50628672989894,-0.511968851395342,0.989294389538836,10.2425637395054,12.731889734727
2022160,"Madeira, celulose, papel, artigos de borracha e material plástico",SUZB,1994,2,0.505580974721734,2.11816314926582,-0.995806082889002,0.900698189935559,12.0206676572435,13.7711934487864
2022160,"Madeira, celulose, papel, artigos de borracha e material plástico",SUZB,1995,1,1.08405419817111,1.6973633599815,-0.693332194787016,0.772003543718222,11.5124488000836,14.0251970186362
2022160,"Madeira, celulose, papel, artigos de borracha e material plástico",SUZB,1995,2,0.814949390196385,2.11122087078566,-1.00116790181729,0.734194740984085,12.2566682175411,14.1066778185861
2022160,"Madeira, celulose, papel, artigos de borracha e material plástico",SUZB,1995,3,0.575791842954509,2.34097765117063,-1.17236308422851,0.732362016430449,12.6768487457184,14.1614295262352
2022160,"Madeira, celulose, papel, artigos de borracha e material plástico",SUZB,1996,1,0.95137916260835,1.65936750450713,-0.669062269532589,0.841444949288577,11.5383682136991,14.1454776217544
2022160,"Madeira, celulose, papel, artigos de borracha e material plástico",SUZB,1996,2,0.56167426959394,2.10943458807386,-1.00295618752693,0.893537083122395,12.3270398760308,14.206078037418
2022160,"Madeira, celulose, papel, artigos de borracha e material plástico",SUZB,1997,1,0.829112987625752,1.62901957289392,-0.649458198764876,0.915090812284311,11.55389401995,14.2345304363563
2022160,"Madeira, celulose, papel, artigos de borracha e material plástico",SUZB,1997,2,0.535573706542017,2.06594063723192,-0.972877033214386,0.947300278202126,12.3024759808041,14.2702428377256
2022160,"Madeira, celulose, papel, artigos de borracha e material plástico",SUZB,1998,1,0.737948067528573,1.65872210299584,-0.676054371526018,0.977084025192728,11.7136072850069,14.3844818911335
2022160,"Madeira, celulose, papel, artigos de borracha e material plástico",SUZB,1998,2,0.511944927713063,2.09596942700044,-0.998685174410584,0.960628493608747,12.438443377971,14.3872727575193
2022160,"Madeira, celulose, papel, artigos de borracha e material plástico",SUZB,1999,1,1.18743934821378,1.6369754668785,-0.661494904393364,0.777672426919469,11.7126542210376,14.4319212193811
2022160,"Madeira, celulose, papel, artigos de borracha e material plástico",SUZB,1999,2,0.74468654082786,2.10655344039245,-1.00797563601942,0.794434880479727,12.4909482041537,14.4347321077453
2022160,"Madeira, celulose, papel, artigos de borracha e material plástico",SUZB,1999,3,0.537768779460759,2.34499074215267,-1.18601821054327,0.779845961247195,12.9359605972565,14.5036945522666
2022160,"Madeira, celulose, papel, artigos de borracha e material plástico",SUZB,2000,1,1.45788927153516,1.72034141991153,-0.725296825149323,0.691523067320722,11.904886352828,14.5057033751874
2022160,"Madeira, celulose, papel, artigos de borracha e material plástico",SUZB,2000,2,0.96446052161025,2.12782715610579,-1.02681705108723,0.694676563803244,12.6004416155687,14.5354922575456
2022160,"Madeira, celulose, papel, artigos de borracha e material plástico",SUZB,2000,3,0.616272005176724,2.3964746059679,-1.22498474933591,0.696851413787443,13.0444006783123,14.5353298545068
2022160,"Madeira, celulose, papel, artigos de borracha e material plástico",SUZB,2001,1,1.29122122960939,1.6865040327103,-0.707870975559355,0.759889304061266,12.0268338836373,14.7468432698811
2022160,"Madeira, celulose, papel, artigos de borracha e material plástico",SUZB,2001,2,0.983919515542118,2.03021246029296,-0.970342895869582,0.770773878062565,12.8057824379911,15.0325984438941
2022160,"Madeira, celulose, papel, artigos de borracha e material plástico",SUZB,2001,3,0.743486818661322,2.26346702619112,-1.1440885817459,0.754802920530067,13.2310436530761,15.0863995717664
2022160,"Madeira, celulose, papel, artigos de borracha e material plástico",SUZB,2002,1,1.11305136905023,1.78046998045608,-0.778681529692735,0.798229029679139,12.2174505287276,14.7946822554896
2022160,"Madeira, celulose, papel, artigos de borracha e material plástico",SUZB,2002,2,0.76658381905815,2.18350655773534,-1.07785876561322,0.772682517870971,12.927819108188,14.8545223759857
2022160,"Madeira, celulose, papel, artigos de borracha e material plástico",SUZB,2002,3,0.674127438070195,2.34353229686952,-1.20332321289956,0.740356701361768,13.3674770251202,15.091936069756
2022160,"Madeira, celulose, papel, artigos de borracha e material plástico",SUZB,2003,1,1.36002104891558,1.85707897226833,-0.839297436577416,0.709727373171756,12.4409687624983,14.9260180045547
2022160,"Madeira, celulose, papel, artigos de borracha e material plástico",SUZB,2003,2,0.691184245006416,2.28191381490571,-1.15452290374991,0.762723559115269,13.1866227543348,14.9848448030567
2022160,"Madeira, celulose, papel, artigos de borracha e material plástico",SUZB,2004,1,1.23054678642656,1.83150785187057,-0.825368546163413,0.766899403118047,12.5151818662057,15.0839244346798
2022160,"Madeira, celulose, papel, artigos de borracha e material plástico",SUZB,2004,2,2.01145198672597,1.91951126102205,-0.890926514930798,0.577447611014455,12.6757765511133,15.1044262356255
2022160,"Madeira, celulose, papel, artigos de borracha e material plástico",SUZB,2004,3,0.744501144126968,2.47678968161546,-1.30269748691992,0.622337168459434,13.6131199522262,15.1263230242616
2022160,"Madeira, celulose, papel, artigos de borracha e material plástico",SUZB,2005,1,1.23080212024909,1.98947714265271,-0.949188529307143,0.727707440028117,12.9484307829044,15.3172581717915
2022160,"Madeira, celulose, papel, artigos de borracha e material plástico",SUZB,2005,2,0.609345514614468,2.43992745311889,-1.28148043097472,0.728699525370173,13.6932424824488,15.3175422788829
2022160,"Madeira, celulose, papel, artigos de borracha e material plástico",SUZB,2006,1,1.16477231971442,1.9790486823564,-0.94458406773173,0.760698971939241,13.0040992792309,15.4160924267505
2022160,"Madeira, celulose, papel, artigos de borracha e material plástico",SUZB,2006,2,0.712607473842973,2.35390770987076,-1.22655826865092,0.753613092605877,13.7524677157145,15.5905881510328
2022160,"Madeira, celulose, papel, artigos de borracha e material plástico",SUZB,2007,1,1.23697420244213,1.97589859356214,-0.953393269888651,0.770099934228626,13.2617134146104,15.7723788496618
2022160,"Madeira, celulose, papel, artigos de borracha e material plástico",SUZB,2007,2,0.650816343648635,2.39864385764376,-1.26645002678266,0.776082487253643,13.9891044114164,15.8111303910221
2022160,"Madeira, celulose, papel, artigos de borracha e material plástico",SUZB,2008,1,0.933331122610926,2.17068249051437,-1.09587560411265,0.778279673261579,13.5552800254109,15.7338594814512
2022160,"Madeira, celulose, papel, artigos de borracha e material plástico",SUZB,2009,1,1.05809556579314,2.12379367382655,-1.06105447895287,0.75523549127543,13.4722780478797,15.7264117518571
2022160,"Madeira, celulose, papel, artigos de borracha e material plástico",SUZB,2010,1,1.07099661738309,1.94639164706282,-0.949546855772736,0.901447698388216,13.635983998005,16.3458695838902
2022160,"Madeira, celulose, papel, artigos de borracha e material plástico",SUZB,2010,2,0.625870974996726,2.38647230375634,-1.2743308252919,0.854793531910194,14.3669934237356,16.3506800362255
2022160,"Madeira, celulose, papel, artigos de borracha e material plástico",SUZB,2011,1,1.25522897183925,1.96936048347153,-0.965656556080683,0.819726632292945,13.6542705366676,16.3191891136782
2022160,"Madeira, celulose, papel, artigos de borracha e material plástico",SUZB,2011,2,0.517622072075663,2.46598871579733,-1.33227496547196,0.867486343182317,14.48161229853,16.3278742324176
2022160,"Madeira, celulose, papel, artigos de borracha e material plástico",SUZB,2012,1,0.802722863088205,2.0235765643562,-1.00796403007402,1.00300045773133,13.7985180199842,16.3932431969328
2022160,"Madeira, celulose, papel, artigos de borracha e material plástico",SUZB,2013,1,1.17200114770235,1.96130889367904,-0.967338547662974,0.87890274460608,13.820883771363,16.5630962899671
2022160,"Madeira, celulose, papel, artigos de borracha e material plástico",SUZB,2013,2,0.619965100799064,2.39991469906706,-1.29144495958053,0.873336641482411,14.5591436436357,16.581040555924
2022160,"Madeira, celulose, papel, artigos de borracha e material plástico",SUZB,2014,1,1.2044265103736,2.02980689578858,-1.0196569151354,0.839872437251557,13.9763589851497,16.6203670476266
2022160,"Madeira, celulose, papel, artigos de borracha e material plástico",SUZB,2015,1,1.23960203022824,2.20660480247502,-1.14991960650194,0.732577364381344,14.2649365097275,16.6153885776347
2022160,"Madeira, celulose, papel, artigos de borracha e material plástico",SUZB,2015,2,0.528962018443988,2.64072856346143,-1.47024532666495,0.73636105007361,14.9845873786067,16.6181497279516
2022160,"Madeira, celulose, papel, artigos de borracha e material plástico",SUZB,2016,1,1.67576011417381,2.23289202649143,-1.16867558626755,0.615609475042179,14.2933923621104,16.5950577910137
2022160,"Madeira, celulose, papel, artigos de borracha e material plástico",SUZB,2016,2,0.5272788734219,2.68271641390877,-1.50037340701736,0.699261842444122,15.034044768647,16.5911060777542
2022160,"Madeira, celulose, papel, artigos de borracha e material plástico",SUZB,2017,1,0.851528829368101,2.2651424590432,-1.19262833993764,0.841898160449498,14.3505420423151,16.6002622418289
2022160,"Madeira, celulose, papel, artigos de borracha e material plástico",SUZB,2018,1,1.45068398515537,2.27266536691481,-1.19998979105545,0.645868210926349,14.4057553697019,16.6582528278458
2022160,"Madeira, celulose, papel, artigos de borracha e material plástico",SUZB,2018,2,0.624746259894736,2.69423570308668,-1.51162366873436,0.640825548559846,15.118074323713,16.6792052277782
2022160,"Madeira, celulose, papel, artigos de borracha e material plástico",SUZB,2019,1,2.88727115231111,1.77631154931779,-0.869838664330517,0.723666745546658,14.4349923817096,17.8101501548602
2022160,"Madeira, celulose, papel, artigos de borracha e material plástico",SUZB,2019,2,0.771556079760788,2.56711764188991,-1.45513343652383,0.789740985323152,15.7880542421873,17.8722997035102
2022160,"Madeira, celulose, papel, artigos de borracha e material plástico",SUZB,2020,1,1.1145345055295,2.31630753970522,-1.26834286071068,0.834469825900352,15.3315372416846,17.8154671578754
2022160,"Madeira, celulose, papel, artigos de borracha e material plástico",SUZB,2020,2,0.505219825736256,2.75249155680783,-1.58965397280089,0.775389328507287,16.0419780002605,17.8011261160546
2022160,"Madeira, celulose, papel, artigos de borracha e material plástico",SUZB,2021,1,1.14451755067674,2.38017479200926,-1.31589237806493,0.779017038484185,15.4474192600794,17.8294413882474
2022160,"Madeira, celulose, papel, artigos de borracha e material plástico",SUZB,2022,1,1.08158711534571,2.38079529325807,-1.32120057635292,0.819777143482569,15.5629528707662,17.984670877896
2022160,"Madeira, celulose, papel, artigos de borracha e material plástico",SUZB,2023,1,1.25368704808174,2.343681548795,-1.29911627179542,0.808346589796845,15.6265660479171,18.1540732975678
2022160,"Madeira, celulose, papel, artigos de borracha e material plástico",SUZB,2024,1,1.0765159807413,2.39230272944912,-1.33409621036137,0.83056158647319,15.6860124908379,18.1257066192613
2022200,"Indústria química e petroquímica",BIOM,2006,3,0.525666328041745,0.977121419590508,0.0324423964754385,1.39499304605545,8.31070402816407,8.29335601309843
2022200,"Indústria química e petroquímica",BOBR,1989,3,0.825215456284534,0.922557006599268,0.0517526819569051,1.05258362813947,-1.67517813666102,-2.30241620725604
2022200,"Indústria química e petroquímica",BOBR,1989,4,0.940481273731563,0.927120094727392,0.0516812995460658,1.00578969080596,-0.475475637411795,-1.23298851463527
2022200,"Indústria química e petroquímica",BOBR,1990,1,1.59180546686525,0.939863601018751,0.0374814297065586,0.75685255155585,-0.432265482243045,0.0907190484896535
2022200,"Indústria química e petroquímica",BOBR,1990,2,1.18808731979841,0.936138380381236,0.047023771982361,0.904316626680481,0.828674022325917,0.344135965091607
2022200,"Indústria química e petroquímica",BOBR,1990,3,1.07500276029904,0.936049110990454,0.0504608984046227,0.965735732158636,1.61680210230357,0.731296010316802
2022200,"Indústria química e petroquímica",BOBR,1990,4,0.987784503000276,0.935188176509329,0.054659211339462,1.02404205202688,2.37900633012887,1.02658159731805
2022200,"Indústria química e petroquímica",BOBR,1991,1,0.897166338248272,0.94494879081322,0.0400525494284421,1.03886700698224,1.53085419539925,1.59734451357424
2022200,"Indústria química e petroquímica",BOBR,1991,2,0.809807520052979,0.943579483029457,0.0453196144265876,1.11257704983449,2.4099848251359,1.89948256045503
2022200,"Indústria química e petroquímica",BOBR,1991,3,0.853535574971699,0.943822343546104,0.0484052074293237,1.09737530672515,3.20362177476426,2.32334564466747
2022200,"Indústria química e petroquímica",BOBR,1991,4,0.933146654560339,0.950088334980355,0.0452595548939865,1.0516187105518,4.13112202929695,3.42988923248174
2022200,"Indústria química e petroquímica",BOBR,1992,1,1.2477040432602,0.959673830204045,0.0319746180901974,0.890211861369439,3.54850322754237,4.11627399032553
2022200,"Indústria química e petroquímica",BOBR,1992,2,1.00405513310952,0.959427530306154,0.0379551864660366,1.00808023247339,4.89558480712581,4.76843923937258
2022200,"Indústria química e petroquímica",BOBR,1992,3,1.09777985224064,0.960361196275331,0.0414401336533666,0.973184656245642,5.9677339874962,5.40292005692881
2022200,"Indústria química e petroquímica",BOBR,1992,4,1.11200798070756,0.961096745519574,0.0446885697437887,0.973976070062187,6.93119392715106,5.96250935416019
2022200,"Indústria química e petroquímica",BOBR,1993,1,0.962700798093466,0.975546715964202,0.0250045512781165,1.02205643099414,6.13388255510278,7.03793866001537
2022200,"Indústria química e petroquímica",BOBR,1993,2,0.778353673562909,0.975932966326563,0.0309756309122076,1.1450538361784,7.64736686456255,7.8383997725596
2022200,"Indústria química e petroquímica",BOBR,1993,3,0.664356311582992,0.982672941255773,0.0286784683286714,1.23538046374116,8.90166864182631,9.15768923961744
2022200,"Indústria química e petroquímica",BOBR,1993,4,0.762603803552824,0.986976968013697,0.0285066058926224,1.14884771089805,10.0085671147802,10.1539860899575
2022200,"Indústria química e petroquímica",BOBR,1994,1,0.964624212773937,1.00053701216611,0.0105061954986994,1.01582925872272,9.37169943203539,11.2191663074523
2022200,"Indústria química e petroquímica",BOBR,1994,2,1.13674485647692,1.00046222495989,0.0199417208472136,0.927397502732935,11.5806481730744,12.3222121562279
2022200,"Indústria química e petroquímica",BOBR,1994,3,1.02095372546204,0.999331629512692,0.0236414993468442,0.976216210519859,12.153192824854,12.4945837922049
2022200,"Indústria química e petroquímica",BOBR,1994,4,1.00351560762806,0.997835591668903,0.0270720034236643,0.9835366453028,12.5646980982892,12.5486462508877
2022200,"Indústria química e petroquímica",BOBR,1995,1,1.0764278565689,1.00592360684337,0.0113357921141226,0.954502799059272,11.0037889001075,12.5901396838604
2022200,"Indústria química e petroquímica",BOBR,1995,2,1.02734721185081,1.00282118715962,0.018464633127818,0.97287784509282,11.8606489122418,12.7040108843371
2022200,"Indústria química e petroquímica",BOBR,1995,3,1.08034247388763,1.00093783114558,0.0225776910215095,0.946982472257748,12.3301261954664,12.7476507897434
2022200,"Indústria química e petroquímica",BOBR,1995,4,1.10752322808334,0.99971441684679,0.0253128727784686,0.934268004041398,12.6500645180521,12.7835257080316
2022200,"Indústria química e petroquímica",BOBR,1996,1,1.31807668291855,1.00637864722897,0.0119227012179292,0.861197638512556,11.2637485986037,12.767341284754
2022200,"Indústria química e petroquímica",BOBR,1996,2,1.2071859638121,1.00261079053769,0.019388722710498,0.896688894200908,12.0228462601022,12.7640698731604
2022200,"Indústria química e petroquímica",BOBR,1996,3,1.17514396948355,1.00063008780687,0.0234452296313738,0.90748153584562,12.4530113024055,12.7779973602755
2022200,"Indústria química e petroquímica",BOBR,1996,4,1.1784611168587,0.996762918579235,0.0294137703378362,0.907123256573819,12.8318919061946,12.5734015318383
2022200,"Indústria química e petroquímica",BOBR,1997,1,1.18344507897613,1.00398768500163,0.0149959756570996,0.908796874055406,11.3522722901046,12.5675718092357
2022200,"Indústria química e petroquímica",BOBR,1997,2,1.21405043863945,1.00054231037615,0.0217833628746403,0.895096792086276,12.0370378775173,12.5598727210419
2022200,"Indústria química e petroquímica",BOBR,1997,3,1.18961444976734,1.0072840876635,0.0159310444717198,0.898909613396855,12.4520107403628,13.457321382298
2022200,"Indústria química e petroquímica",BOBR,1997,4,1.27735690387192,1.00643644794113,0.0180123189712444,0.865986945820751,12.7176663914148,13.5042945106455
2022200,"Indústria química e petroquímica",BOBR,1998,1,0.955947649871977,1.01277885593759,0.00526313107308679,1.01067266638312,11.396964484051,13.4882216129879
2022200,"Indústria química e petroquímica",BOBR,1998,2,0.982185474060213,1.00942719767222,0.0118504568621742,0.991815910371121,12.0594566814708,13.4788980199013
2022200,"Indústria química e petroquímica",BOBR,1998,3,1.0386108923416,1.00739582799219,0.0158338197118288,0.961954891063723,12.4588351021341,13.4721690627767
2022200,"Indústria química e petroquímica",BOBR,1998,4,0.941255495038909,0.996125911388333,0.0300485777190964,1.01578243164717,12.8120155360394,12.4983255760507
2022200,"Indústria química e petroquímica",BOBR,1999,1,1.30991787435355,1.01560932104968,0.00124883653440097,0.865511373170478,11.2033260754171,13.6800413237942
2022200,"Indústria química e petroquímica",BOBR,1999,2,1.28871864547799,1.01217490175242,0.0082668783935993,0.866599261071989,11.9454983850991,13.7023263309587
2022200,"Indústria química e petroquímica",BOBR,1999,3,1.29240237580581,1.01040527078585,0.0120114782309809,0.862477385419881,12.3582576429547,13.7290667945425
2022200,"Indústria química e petroquímica",BOBR,1999,4,1.26923980055137,1.00730416238922,0.0170161012349103,0.868478728085408,12.713678185286,13.5909420053178
2022200,"Indústria química e petroquímica",BOBR,2000,1,1.36101707182279,1.01416755886139,0.00316922420114832,0.848173328512086,11.2725776056228,13.5675596167137
2022200,"Indústria química e petroquímica",BOBR,2000,2,1.29010967635627,1.0108611501277,0.0100685738073493,0.865576335341624,12.0208409686413,13.6059858882535
2022200,"Indústria química e petroquímica",BOBR,2000,3,1.28297932652305,1.00905985175335,0.013819541918928,0.865350222441842,12.4266617133278,13.6260021799668
2022200,"Indústria química e petroquímica",BOBR,2000,4,1.22287831320602,1.00796325741962,0.0163297819388282,0.884484756443692,12.7272750959198,13.6651172458317
2022200,"Indústria química e petroquímica",BOBR,2001,1,1.04208921259001,1.01600310541351,0.00114119597763453,0.969912709642098,11.2828857308036,13.7602771370419
2022200,"Indústria química e petroquímica",BOBR,2001,2,1.04124623114074,1.01270775473725,0.00782772769842575,0.963834760169087,11.9838248104424,13.7760379558336
2022200,"Indústria química e petroquímica",BOBR,2001,3,1.21089756337223,1.01267688670098,0.00964757294865511,0.890554622523043,12.4054843219877,13.9848998371678
2022200,"Indústria química e petroquímica",BOBR,2001,4,1.20269479481327,1.0099424305929,0.0140397491765042,0.891479464482365,12.7139840178876,13.8606428669978
2022200,"Indústria química e petroquímica",BOBR,2002,1,1.37225646516877,1.01659739084645,0.000843439260871104,0.84481176310751,11.3709911621177,13.8652947032089
2022200,"Indústria química e petroquímica",BOBR,2002,2,1.38087393013533,1.01566366890702,0.00522651265458668,0.836081538993795,12.157434192877,14.1653312970174
2022200,"Indústria química e petroquímica",BOBR,2002,3,1.27003998010784,1.01626628642775,0.00679999066703557,0.867501624766725,12.6897896535416,14.4945745417087
2022200,"Indústria química e petroquímica",BOBR,2002,4,1.06408431484083,1.01354664367561,0.0112343047301209,0.944696153327447,13.0121926617062,14.378821782498
2022200,"Indústria química e petroquímica",BOBR,2003,1,0.876164317420378,1.02113377615206,-0.004109545344309,1.05964762312834,11.4104278896294,14.3485982497681
2022200,"Indústria química e petroquímica",BOBR,2003,2,0.820266414120571,0.994475892488855,0.0291553095644067,1.09355405901097,12.1610936418785,12.0024545611705
2022200,"Indústria química e petroquímica",BOBR,2003,3,0.824793064824604,0.992806802277887,0.032573765927505,1.09069231593956,12.5236154870056,12.014207099819
2022200,"Indústria química e petroquímica",BOBR,2003,4,0.905501049886847,0.994246687010529,0.0323379040283307,1.03754407004394,12.8517870762544,12.3263262459378
2022200,"Indústria química e petroquímica",BOBR,2004,1,0.990183776832296,1.00076016349417,0.019313627447925,0.993873978662387,11.5117114648702,12.3179897680868
2022200,"Indústria química e petroquímica",BOBR,2004,2,1.01711342135139,0.997038940772576,0.026749570327061,0.979168396682185,12.2761369471641,12.3221617588654
2022200,"Indústria química e petroquímica",BOBR,2004,3,1.06450843685207,0.995060644567338,0.0307855108056692,0.95681134485265,12.7020853271863,12.3342149264426
2022200,"Indústria química e petroquímica",BOBR,2004,4,1.05940232042462,0.986875332789165,0.0412492048224473,0.968382064388134,12.9915646269101,11.6434902120753
2022200,"Indústria química e petroquímica",BOBR,2005,1,1.66472098689835,0.994271867047238,0.02657415733192,0.769906050340546,11.4969710027004,11.6476805819136
2022200,"Indústria química e petroquímica",BOBR,2005,2,1.51731395495744,0.994638831240683,0.0298997263723635,0.803084093738564,12.3803830771124,12.1293631561323
2022200,"Indústria química e petroquímica",BOBR,2005,3,1.30376875601779,0.99157181446901,0.0356690843613744,0.867208215305261,12.9255407495795,12.0901236200485
2022200,"Indústria química e petroquímica",BOBR,2005,4,1.26408834588885,0.992491989597701,0.0360617190685274,0.878143040990031,13.2636179216427,12.3541256264067
2022200,"Indústria química e petroquímica",BOBR,2006,1,1.21274466826926,0.999556986069913,0.0217909876534863,0.897406958196844,11.7761417686569,12.3280221334573
2022200,"Indústria química e petroquímica",BOBR,2006,2,1.1831976210407,0.996966622883044,0.0277933126329347,0.906802318280809,12.5034121787251,12.4290499658288
2022200,"Indústria química e petroquímica",BOBR,2006,3,1.34309233873262,0.995008563579707,0.0317382985244904,0.850902019237839,12.9132703559636,12.4350803482495
2022200,"Indústria química e petroquímica",BOBR,2006,4,1.43157501024478,0.994132037539429,0.0339136862547355,0.823755911360807,13.1934563336621,12.4864082415855
2022200,"Indústria química e petroquímica",BOBR,2007,1,1.48348236154609,1.00185686918926,0.0185021545798676,0.811127834986674,11.6124155821064,12.4806734776654
2022200,"Indústria química e petroquímica",BOBR,2007,2,1.4178280908599,0.993116511139727,0.0318515083429167,0.831925534933953,12.4355731223111,12.0015807045668
2022200,"Indústria química e petroquímica",BOBR,2007,3,1.34370369404584,0.991030744511982,0.0361121856320793,0.854996949825758,12.8859568144086,12.0149401905231
2022200,"Indústria química e petroquímica",BOBR,2007,4,1.26895060642312,0.988935016650751,0.0400624750549841,0.880972922948307,13.2603640012204,11.9890800296173
2022200,"Indústria química e petroquímica",BOBR,2008,1,1.16404035053116,0.996922495029565,0.0252911574986745,0.917108370593182,11.9005807549384,12.1214304140795
2022200,"Indústria química e petroquímica",BOBR,2008,2,1.18994745263856,0.991030671324872,0.0353877666390559,0.909258089994772,12.7148129011266,11.9288794387636
2022200,"Indústria química e petroquímica",BOBR,2008,3,1.11627811020204,0.991020150103973,0.0371599721659322,0.936988982021211,13.1306434793499,12.1368892576818
2022200,"Indústria química e petroquímica",BOBR,2008,4,1.13043782365395,1.00154409263214,0.0266042019803081,0.918358842096457,13.442915884188,13.3691158339199
2022200,"Indústria química e petroquímica",BOBR,2009,1,1.42373017470152,1.00834986903949,0.0128250153904484,0.824259254692754,12.0024432595679,13.3401622511812
2022200,"Indústria química e petroquímica",BOBR,2009,2,1.33175728207629,1.00407324870206,0.0207270605017832,0.849030741598465,12.7288982656738,13.2684982485917
2022200,"Indústria química e petroquímica",BOBR,2009,3,1.34169706859669,1.00163760757432,0.0252937504147219,0.844655645976786,13.1582891460697,13.2355562452743
2022200,"Indústria química e petroquímica",BOBR,2009,4,1.34718161342589,0.999818445658614,0.0286636547566196,0.842408139857451,13.4693312803147,13.2060915948357
2022200,"Indústria química e petroquímica",BOBR,2010,1,1.23419985900044,1.00834012102422,0.0127349351263122,0.885446209151283,11.9785653148905,13.3271601884771
2022200,"Indústria química e petroquímica",BOBR,2010,2,1.115232121655,1.00399053156409,0.0209867398308119,0.927576713173265,12.7681872747595,13.2798021876294
2022200,"Indústria química e petroquímica",BOBR,2010,3,1.12085379061813,1.00223179098358,0.0248135922036746,0.923398111075523,13.2032799554496,13.3188848232054
2022200,"Indústria química e petroquímica",BOBR,2010,4,1.10549955611371,1.00063022726656,0.0279359359522461,0.928930360634434,13.5138564361131,13.3114176503474
2022200,"Indústria química e petroquímica",BOBR,2011,1,1.13737868662901,1.00779176007116,0.0138995757772425,0.921579980327266,12.1074816978876,13.3359558931636
2022200,"Indústria química e petroquímica",BOBR,2011,2,1.05362382274853,1.00413308478157,0.0212851419548673,0.953471234602047,12.8766828137483,13.3489194893842
2022200,"Indústria química e petroquímica",BOBR,2011,3,1.08097911618098,1.00263794981044,0.0246785776559457,0.939448585648164,13.2796724004678,13.3987924004264
2022200,"Indústria química e petroquímica",BOBR,2011,4,1.10910634497189,1.00112914302452,0.0276248911483674,0.926583642268501,13.5733964125457,13.3923284058184
2022200,"Indústria química e petroquímica",BOBR,2012,1,1.03498457389715,1.00775444777496,0.0143816223200007,0.965353645140041,12.2114043312994,13.3843973476384
2022200,"Indústria química e petroquímica",BOBR,2012,2,1.11981109999279,1.00434621749281,0.0213597383296608,0.924232884268353,12.9511274903264,13.4081265758444
2022200,"Indústria química e petroquímica",BOBR,2012,3,1.12629111421224,1.0022179090574,0.0256684455639477,0.919815682291087,13.4015148894677,13.4171415062894
2022200,"Indústria química e petroquímica",BOBR,2012,4,1.12935983581738,1.00063286222996,0.0287908586186583,0.917676915513539,13.7165113088135,13.4135842339172
2022200,"Indústria química e petroquímica",BOBR,2013,1,1.0860167303713,1.00642679992247,0.0169363151525712,0.94102099097047,12.46091732364,13.3742121862119
2022200,"Indústria química e petroquímica",BOBR,2013,2,1.10017880080981,1.00367814884419,0.0230085809655125,0.931344418156839,13.1625082389778,13.4461560640655
2022200,"Indústria química e petroquímica",BOBR,2013,3,1.10699024676085,1.00186242483322,0.0268430450966546,0.92678631892396,13.5842066426387,13.4726819977325
2022200,"Indústria química e petroquímica",BOBR,2013,4,1.1007178123997,1.00089268232658,0.0292095499123779,0.928104398977128,13.8846864277727,13.5246901106285
2022200,"Indústria química e petroquímica",BOBR,2014,1,1.10994337537896,1.00807235674222,0.0148169959928254,0.930780070788789,12.3990072817453,13.5112066128167
2022200,"Indústria química e petroquímica",BOBR,2014,2,1.09350474956502,1.00419590425891,0.0223956052349673,0.933910735740572,13.1557480371477,13.495655084276
2022200,"Indústria química e petroquímica",BOBR,2014,3,1.09156660927384,1.00219072054028,0.0265744201113948,0.932872335166114,13.6082781523362,13.5183268281983
2022200,"Indústria química e petroquímica",BOBR,2014,4,1.06847091451513,1.00106385521623,0.0290826140373402,0.941730841846872,13.9003376535639,13.5500481645476
2022200,"Indústria química e petroquímica",BOBR,2015,1,0.860198920320636,1.00788989100626,0.0158802105840798,1.05567571997245,12.6015158032406,13.5943882059
2022200,"Indústria química e petroquímica",BOBR,2015,2,0.857863785189893,1.00479044553235,0.0221685027770032,1.0531342237215,13.2606118364325,13.6091251036962
2022200,"Indústria química e petroquímica",BOBR,2015,3,0.88328031534352,1.0029812985469,0.0259441051598714,1.03584923168324,13.6701592439136,13.6302133291264
2022200,"Indústria química e petroquímica",BOBR,2015,4,0.847054842955447,1.00153506987195,0.0287452013875383,1.05680377588894,13.9462635500311,13.6212834209299
2022200,"Indústria química e petroquímica",BOBR,2016,1,1.10948186909361,1.00876051246331,0.0142930761132766,0.930377816204749,12.4587145327919,13.6115357804074
2022200,"Indústria química e petroquímica",BOBR,2016,2,1.11123630082899,1.00528104218609,0.0211505773179871,0.925846906038733,13.1509524142356,13.6041103629828
2022200,"Indústria química e petroquímica",BOBR,2016,3,1.06525792657913,1.00321358661497,0.0252016767723389,0.943908734476448,13.5567109190035,13.5969025608312
2022200,"Indústria química e petroquímica",BOBR,2016,4,1.10089999087779,1.00175602342171,0.0280001106735247,0.927661651543573,13.8291644271954,13.5849789591135
2022200,"Indústria química e petroquímica",BOBR,2017,1,1.23136489101395,1.0095496885665,0.0127775386586278,0.884037053836469,12.311111980515,13.6179480867533
2022200,"Indústria química e petroquímica",BOBR,2017,2,1.19598581273891,1.00573416106354,0.0202616176968056,0.892847678269044,13.0617657365739,13.6055605346542
2022200,"Indústria química e petroquímica",BOBR,2017,3,1.2096298349993,1.00363142384434,0.0244225703004407,0.886017598083459,13.4840676395735,13.6030662954543
2022200,"Indústria química e petroquímica",BOBR,2017,4,1.21304491385847,0.991985793578771,0.0388860082512135,0.894427157919199,13.7958229887567,12.5700077797404
2022200,"Indústria química e petroquímica",BOBR,2018,1,1.0194738466089,0.999524581079007,0.0238057922769483,0.97628990631612,12.2434453935934,12.559677411141
2022200,"Indústria química e petroquímica",BOBR,2018,2,1.05021566385202,0.995492844374134,0.0317491172415081,0.961030753652505,13.0449400601471,12.5507635943917
2022200,"Indústria química e petroquímica",BOBR,2018,3,1.09938363870865,0.993205849549127,0.0362131653034211,0.939554860889364,13.4897151606211,12.540743890625
2022200,"Indústria química e petroquímica",BOBR,2018,4,1.08144705898588,0.991255899816127,0.0397799478723954,0.948236914360892,13.8123951205248,12.5037685282559
2022200,"Indústria química e petroquímica",BOBR,2019,1,1.11732786565679,0.997941361125977,0.0263579317148,0.932755836185836,12.4242171524172,12.4888169693412
2022200,"Indústria química e petroquímica",BOBR,2019,2,1.13035342651533,0.994342533707589,0.033430107179677,0.927103294929765,13.1353442230903,12.4786947666749
2022200,"Indústria química e petroquímica",BOBR,2019,3,1.14211387824822,0.992195418571352,0.0376476235237201,0.922739116800428,13.5591761865259,12.4724358493401
2022200,"Indústria química e petroquímica",BOBR,2019,4,1.19259146236809,0.991215747158703,0.0396626124409242,0.903220411512332,13.7739726995663,12.4803469359205
2022200,"Indústria química e petroquímica",BOBR,2020,1,1.23716245853736,0.998084419001255,0.0260090396866353,0.886544255675453,12.3799414957259,12.4811705861405
2022200,"Indústria química e petroquímica",BOBR,2020,2,1.18405658896368,0.994540860945791,0.0331219182725271,0.905720627891097,13.1154189399177,12.4889388229026
2022200,"Indústria química e petroquímica",BOBR,2020,3,1.20479286364974,0.992332082929626,0.0374643167066575,0.898276627633817,13.5523109838028,12.4829466906073
2022200,"Indústria química e petroquímica",BOBR,2020,4,1.19117969219228,0.990909766309145,0.0403663351777822,0.903753454215165,13.8586306327541,12.4916524814554
2022200,"Indústria química e petroquímica",BOBR,2021,1,0.932293199772755,0.998301494671443,0.0256601097874369,1.02122150284484,12.3553907730778,12.4910044075933
2022200,"Indústria química e petroquímica",BOBR,2021,2,0.954985222972028,0.994338639876001,0.0335395422706325,1.00850660148642,13.1601571702986,12.4907731974136
2022200,"Indústria química e petroquímica",BOBR,2021,3,0.993411061611954,0.992126603985156,0.0378596222416504,0.989315762634048,13.5909084989196,12.4813605864476
2022200,"Indústria química e petroquímica",BOBR,2021,4,1.01774335220289,0.990598942978239,0.0409941674825839,0.977850792843803,13.9240704495564,12.4928001730489
2022200,"Indústria química e petroquímica",BOBR,2022,1,1.01286157583121,0.996880160386103,0.0284024631021303,0.979515438647336,12.62425574603,12.4809778879371
2022200,"Indústria química e petroquímica",BOBR,2022,2,1.1186383327591,0.993224940958518,0.035649154504039,0.93208349112077,13.3615728180779,12.478262872112
2022200,"Indústria química e petroquímica",BOBR,2022,3,1.18055828124103,0.991146325474637,0.0397890212188614,0.907850528909434,13.7853248444169,12.4789622468665
2022200,"Indústria química e petroquímica",BOBR,2022,4,1.21281234118427,0.989852844646647,0.0425472703478879,0.89601068575849,14.0920317766506,12.5010256881708
2022200,"Indústria química e petroquímica",BOBR,2023,1,1.33437915443079,0.996980783338832,0.0283279201694147,0.853262972049252,12.6334740732546,12.4958934416561
2022200,"Indústria química e petroquímica",BOBR,2023,2,1.32547301090335,0.993918828924735,0.0346124971847593,0.855797806951638,13.3016879854971,12.5190453154023
2022200,"Indústria química e petroquímica",BOBR,2023,3,1.35180792918371,0.991781562872733,0.03879737944182,0.847898847013559,13.7204368919983,12.5112368373339
2022200,"Indústria química e petroquímica",BOBR,2023,4,1.33538071433112,0.990389316424117,0.0415884203234257,0.853549577287916,14.0085580927392,12.5138644385613
2022200,"Indústria química e petroquímica",BOBR,2024,1,1.38309111505276,0.997072785400449,0.028228166587076,0.838025225632309,12.6344386508454,12.5057781272353
2022200,"Indústria química e petroquímica",BOBR,2024,2,1.35717779152707,0.993406448943727,0.0356274181829969,0.845808272354751,13.4048300334348,12.5185574767011
2022200,"Indústria química e petroquímica",BOBR,2024,3,1.29453544921573,0.991263362504874,0.0399218291803128,0.866503764328253,13.8479003704712,12.5223834560518
2022200,"Indústria química e petroquímica",BOBR,2024,4,1.26637183995444,0.990351179091248,0.0422340926760619,0.875838495352148,14.1509129367774,12.5815457909297
2022200,"Indústria química e petroquímica",BRKM,1989,3,1.50048636870132,0.979771114452906,0.0193340994090396,0.815542831732422,5.92065825245198,7.36232599039247
2022200,"Indústria química e petroquímica",BRKM,1989,4,1.31085654760666,0.982570507265086,0.0199370067955831,0.874810046485918,6.80942477853803,8.09521767666335
2022200,"Indústria química e petroquímica",BRKM,1990,1,1.47016014306291,0.991278850810408,0.00764014350357875,0.823158475688213,6.22635427063803,8.69175831235183
2022200,"Indústria química e petroquímica",BRKM,1990,2,1.38862826972976,0.988180941826987,0.0144162467597019,0.848683858130315,7.00109212212867,8.76479832578677
2022200,"Indústria química e petroquímica",BRKM,1990,3,1.45008210337907,0.987446114024496,0.0179941458891299,0.831791822908266,7.65036165700168,9.01618304469151
2022200,"Indústria química e petroquímica",BRKM,1990,4,1.39950369480258,0.987530580125592,0.0206221878152807,0.847418449880715,8.29368500963242,9.34828372432717
2022200,"Indústria química e petroquímica",BRKM,1991,1,1.05119617965904,0.995723880855365,0.00760530145039678,0.975494829161585,7.40321298266184,9.73763808589289
2022200,"Indústria química e petroquímica",BRKM,1991,2,0.956189422208577,0.993309110053594,0.0137644950937779,1.02296226325957,8.21435404900989,9.89877707664387
2022200,"Indústria química e petroquímica",BRKM,1991,3,0.935409346767603,0.993244278298681,0.016545840308804,1.03398385794958,8.85408686593431,10.213818898944
2022200,"Indústria química e petroquímica",BRKM,1991,4,0.787746492406249,0.99848817784304,0.013898151359433,1.12357823883723,9.62671769405418,11.1380669477968
2022200,"Indústria química e petroquímica",BRKM,1992,1,1.05588560245986,1.00688125949978,0.000602091781584838,0.974310176702861,8.72356212503846,11.5414551232617
2022200,"Indústria química e petroquímica",BRKM,1992,2,1.06234254672196,1.00505624084007,0.00746562186122131,0.96643405980397,9.85831741592826,11.925565253395
2022200,"Indústria química e petroquímica",BRKM,1992,3,1.07466450468872,1.00478168287445,0.0111029040982967,0.957257868627256,10.6443271192133,12.2927295544534
2022200,"Indústria química e petroquímica",BRKM,1992,4,0.932934855405686,1.00473539681484,0.0144620004140126,1.02292896336967,11.4254824796875,12.6807751592688
2022200,"Indústria química e petroquímica",BRKM,1993,1,0.956178588152238,1.01315507091456,0.00127870254110472,1.01690297791806,10.5560536244042,13.1038384448964
2022200,"Indústria química e petroquímica",BRKM,1993,2,1.03575452537855,1.01204439078543,0.00730936459337887,0.968660736410279,11.684516116834,13.5577671524248
2022200,"Indústria química e petroquímica",BRKM,1993,3,1.05985830061972,1.01236008581193,0.0107049660036578,0.950519139472596,12.5708025754883,14.0356569246045
2022200,"Indústria química e petroquímica",BRKM,1993,4,0.956705670369446,1.01298840036873,0.0136341287602215,0.992323679634535,13.4302529884,14.5319929727323
2022200,"Indústria química e petroquímica",BRKM,1994,1,1.20683256249578,1.02357730849424,-0.00233818912991847,0.894349606876411,12.4803329202842,15.1362109945376
2022200,"Indústria química e petroquímica",BRKM,1994,2,1.27074260420289,1.02306108095228,0.00393946188051661,0.857574575016393,13.8256268463329,15.7598993706598
2022200,"Indústria química e petroquímica",BRKM,1994,3,1.32772003602271,1.02103011338033,0.00812122968279844,0.833982625495166,14.2719802787621,15.7768311125605
2022200,"Indústria química e petroquímica",BRKM,1994,4,1.27683959528569,1.01943746514733,0.0115364559738094,0.846372010873199,14.6541192980478,15.8062573472546
2022200,"Indústria química e petroquímica",BRKM,1995,1,1.55246625508635,1.0267170745426,-0.00276902974058274,0.783163424538054,13.2156513205931,15.8267223842901
2022200,"Indústria química e petroquímica",BRKM,1995,2,1.49499818661824,1.023721372794,0.00353596665852027,0.789992071272498,13.9063523795086,15.8679499881192
2022200,"Indústria química e petroquímica",BRKM,1995,3,1.57048556959693,1.02202018994347,0.0072062107302763,0.76642895002243,14.319796046393,15.9020278010975
2022200,"Indústria química e petroquímica",BRKM,1995,4,1.47082975006885,1.02030601449923,0.010530401397228,0.788595319621838,14.6480299980263,15.8919336865653
2022200,"Indústria química e petroquímica",BRKM,1996,1,1.31990037350634,1.0270596868088,-0.00305389303447046,0.849287425525344,13.2397039059244,15.873820396275
2022200,"Indústria química e petroquímica",BRKM,1996,2,1.13949548983118,1.02307567755967,0.004658471368086,0.90363750644692,13.9993649984581,15.8487483693191
2022200,"Indústria química e petroquímica",BRKM,1996,3,1.11431251339838,1.02092806827253,0.00888362312422733,0.908585655256159,14.4248688760165,15.8432796245609
2022200,"Indústria química e petroquímica",BRKM,1996,4,1.08718394917522,1.01930846256955,0.0120064878035777,0.916353943251017,14.7307582396507,15.8316123943063
2022200,"Indústria química e petroquímica",BRKM,1997,1,1.10475420540665,1.02595048698353,-0.00132835345291618,0.926374669961525,13.3515922766534,15.8167543139196
2022200,"Indústria química e petroquímica",BRKM,1997,2,1.1357557922639,1.02234270836016,0.00581312185613891,0.904090700949927,14.0767030815961,15.812748777231
2022200,"Indústria química e petroquímica",BRKM,1997,3,1.17897919380831,1.02012242484535,0.0101450928235093,0.882384179417146,14.5080644380563,15.8028002509945
2022200,"Indústria química e petroquímica",BRKM,1997,4,1.16310893708621,1.01842895079526,0.0133412288641377,0.885159426715097,14.8115681439602,15.7823864872829
2022200,"Indústria química e petroquímica",BRKM,1998,1,1.28878893617654,1.02265596829491,0.00228563268484297,0.856636379482217,13.3269473513763,15.4677675319162
2022200,"Indústria química e petroquímica",BRKM,1998,2,1.21575987507177,1.01905394858903,0.00922345682249615,0.874295053785361,14.0054864578873,15.4409335479585
2022200,"Indústria química e petroquímica",BRKM,1998,3,1.30440132613991,1.01722401768544,0.0128258150074251,0.840555579716012,14.3685684084135,15.4365349121908
2022200,"Indústria química e petroquímica",BRKM,1998,4,1.20186620481136,1.01554456026756,0.0160622861994372,0.872763939264215,14.6853371767933,15.4242230397372
2022200,"Indústria química e petroquímica",BRKM,1999,1,1.5878268220995,1.02239672118838,0.00214679053983219,0.772621382298434,13.2250317923286,15.3900363220349
2022200,"Indústria química e petroquímica",BRKM,1999,2,1.51770607124973,1.01828170606817,0.0102111001017316,0.782257486580752,14.0329029453941,15.3758202765934
2022200,"Indústria química e petroquímica",BRKM,1999,3,1.50998600539962,1.01572698505025,0.0151612884599332,0.78010238528969,14.5211370820935,15.3602992128898
2022200,"Indústria química e petroquímica",BRKM,1999,4,1.54049840286512,1.01354305909873,0.0192670330658292,0.769509082387343,14.9087518650326,15.3320689553336
2022200,"Indústria química e petroquímica",BRKM,2000,1,1.57330137715621,1.0185763091281,0.00914959253520284,0.76985388579267,13.8606945878402,15.3193308476914
2022200,"Indústria química e petroquímica",BRKM,2000,2,1.4983770056541,1.0146988039616,0.0167822428644014,0.782389226122344,14.6299204331393,15.3099494258899
2022200,"Indústria química e petroquímica",BRKM,2000,3,1.35824593210378,1.01233091579975,0.0213256623015816,0.818505072724779,15.0718779071538,15.2902482589712
2022200,"Indústria química e petroquímica",BRKM,2000,4,1.25582364214475,1.01072985509543,0.0245898308282881,0.848776544743735,15.4160907653002,15.2997452642418
2022200,"Indústria química e petroquímica",BRKM,2001,1,1.16546881758347,1.01688625829318,0.0123171377377606,0.891478474654215,14.1583571444667,15.2963298256421
2022200,"Indústria química e petroquímica",BRKM,2001,2,1.17842461770681,1.01361134693336,0.0189858923405101,0.880282193951278,14.8605461855918,15.3148073884653
2022200,"Indústria química e petroquímica",BRKM,2001,3,1.12234941213275,1.01718268839419,0.0165920106774929,0.896435972182764,15.2472115082716,15.8741049810393
2022200,"Indústria química e petroquímica",BRKM,2001,4,1.13098453880669,1.01562156884238,0.0195455366003718,0.890408719445772,15.5286921585347,15.8561401722565
2022200,"Indústria química e petroquímica",BRKM,2002,1,1.09581048146302,1.02356497207497,0.00361715289561942,0.922951724236354,13.883832446259,15.8406475091415
2022200,"Indústria química e petroquímica",BRKM,2002,2,1.08711088570355,1.019854323462,0.011007995665778,0.917386516527729,14.6404234096797,15.8419605445541
2022200,"Indústria química e petroquímica",BRKM,2002,3,1.11691351305489,1.02341188060928,0.00926647599942576,0.898499961398732,15.1775165810138,16.475486799861
2022200,"Indústria química e petroquímica",BRKM,2002,4,1.06902304160122,1.02171051483464,0.0129611138111179,0.913125315942943,15.5966738400322,16.5124187885394
2022200,"Indústria química e petroquímica",BRKM,2003,1,1.22894008495873,1.02495211578103,0.00622205569823989,0.860409778298227,14.8689966080325,16.4777221837698
2022200,"Indústria química e petroquímica",BRKM,2003,2,1.1996702788236,1.02148565294932,0.0130240024565537,0.862552324017606,15.5515791678497,16.4667708984789
2022200,"Indústria química e petroquímica",BRKM,2003,3,1.19830738431667,1.01953608553553,0.016946781191799,0.858593707926308,15.9584555270147,16.4721695869066
2022200,"Indústria química e petroquímica",BRKM,2003,4,1.18956230495076,1.01787066351787,0.0201106820176567,0.85874061373509,16.2618234857323,16.4545535931917
2022200,"Indústria química e petroquímica",BRKM,2004,1,1.45396899893586,1.0249135059892,0.0062524683873672,0.791059653815985,14.8658870291844,16.4722139565807
2022200,"Indústria química e petroquímica",BRKM,2004,2,1.39530724393599,1.02084981166302,0.0141716832358814,0.798767368262209,15.6531661131099,16.4528873169257
2022200,"Indústria química e petroquímica",BRKM,2004,3,1.38826424483745,1.01840947531569,0.0190333796072749,0.795928212077167,16.1509925009569,16.453875830306
2022200,"Indústria química e petroquímica",BRKM,2004,4,1.34836170865065,1.01668433106466,0.0224232285837906,0.8045665919126,16.4918120600637,16.4489892515994
2022200,"Indústria química e petroquímica",BRKM,2005,1,1.38701218717178,1.02126366779196,0.0119039487346963,0.805812120678365,15.2278133090743,16.2812976024435
2022200,"Indústria química e petroquímica",BRKM,2005,2,1.28493486100056,1.01797981164264,0.0185798127232409,0.830019272095256,15.9292969805599,16.2985066237485
2022200,"Indústria química e petroquímica",BRKM,2005,3,1.19092185389257,1.01613243026391,0.0224363947915634,0.858116431907104,16.3477799798727,16.3201814364354
2022200,"Indústria química e petroquímica",BRKM,2005,4,1.1694439802669,1.01477979586378,0.0251218527505257,0.863560989170421,16.6215210357752,16.3196256144167
2022200,"Indústria química e petroquímica",BRKM,2006,1,1.04065952036397,1.02223842108748,0.0105904334594834,0.930858134838538,15.1774097591754,16.3555428539564
2022200,"Indústria química e petroquímica",BRKM,2006,2,0.980511979301583,1.01849422735368,0.0179055246336957,0.950244856338429,15.9071629934243,16.339934303262
2022200,"Indústria química e petroquímica",BRKM,2006,3,1.00511579307588,1.01655785422919,0.0219801814803029,0.93374289409938,16.3534341787554,16.36648923372
2022200,"Indústria química e petroquímica",BRKM,2006,4,1.02871593653841,1.01528887818112,0.0245419964155079,0.92038791246246,16.6202720616881,16.3710096333812
2022200,"Indústria química e petroquímica",BRKM,2007,1,1.11731220765265,1.02214479131066,0.0109819381251638,0.897528376989352,15.2449295218462,16.3799266401829
2022200,"Indústria química e petroquímica",BRKM,2007,2,1.08132769336729,1.01863657340399,0.0180818038970328,0.90381511632049,15.9867550755973,16.3944974238855
2022200,"Indústria química e petroquímica",BRKM,2007,3,1.06108255437131,1.01653036372239,0.0222219602917407,0.90817468642644,16.4032186435065,16.3887128224639
2022200,"Indústria química e petroquímica",BRKM,2007,4,1.03812961904261,1.01596548583554,0.0240658017383631,0.914875681282631,16.6881742720585,16.4742794827212
2022200,"Indústria química e petroquímica",BRKM,2008,1,1.01756312462429,1.02310151946239,0.00985615700193343,0.940594646991047,15.2340674070034,16.4722122175388
2022200,"Indústria química e petroquímica",BRKM,2008,2,0.973096669620533,1.02046429865731,0.015853467816494,0.95262048957765,15.9476606492853,16.5615756429357
2022200,"Indústria química e petroquímica",BRKM,2008,3,0.979688342895747,1.01882548140657,0.0195786748027121,0.944065332581608,16.3907151076487,16.6169139081651
2022200,"Indústria química e petroquímica",BRKM,2008,4,0.96667793286674,1.01721859727036,0.0226215152754377,0.947347315831086,16.6810926122791,16.5987468629701
2022200,"Indústria química e petroquímica",BRKM,2009,1,1.08526629936707,1.02424678093933,0.00874120943556081,0.910255644907192,15.2760292860709,16.6103204602217
2022200,"Indústria química e petroquímica",BRKM,2009,2,1.04925356478615,1.01977165814077,0.0175564578491851,0.914785628575632,16.165281152154,16.6002320934268
2022200,"Indústria química e petroquímica",BRKM,2009,3,1.07511707245443,1.01742505332753,0.0222199716131915,0.898691894413074,16.641282016222,16.5998228448791
2022200,"Indústria química e petroquímica",BRKM,2009,4,1.01709306308666,1.01656520333567,0.0238761493381413,0.922378176093555,16.8032646684432,16.5934204072384
2022200,"Indústria química e petroquímica",BRKM,2010,1,1.13232384127455,1.0238175969761,0.0103476652757556,0.887741781929255,15.5410863325208,16.6997454699938
2022200,"Indústria química e petroquímica",BRKM,2010,2,1.42150700208798,1.02402654777119,0.0125946195944796,0.785429970427968,16.1275768985418,17.0159882980405
2022200,"Indústria química e petroquímica",BRKM,2010,3,1.28316416182359,1.02179663762869,0.0170623085555139,0.821413996336734,16.5884314069189,17.0198857579038
2022200,"Indústria química e petroquímica",BRKM,2010,4,1.06857092223621,1.02073738847753,0.0197502120409158,0.895720107047073,16.9409695767044,17.0889247380701
2022200,"Indústria química e petroquímica",BRKM,2011,1,1.04945169083064,1.02764862465236,0.00595058776332744,0.922616533940217,15.5237857234876,17.0824556708522
2022200,"Indústria química e petroquímica",BRKM,2011,2,1.06326747997073,1.02404403214984,0.0131537357615049,0.906261544818023,16.2643144852767,17.0865279935779
2022200,"Indústria química e petroquímica",BRKM,2011,3,1.04520671275789,1.0224398802396,0.0168815124758661,0.908111900342116,16.7172180968752,17.1503602298269
2022200,"Indústria química e petroquímica",BRKM,2011,4,1.00883467658755,1.02123097850574,0.0194786473062341,0.920666661672355,17.0084157595542,17.1732667116571
2022200,"Indústria química e petroquímica",BRKM,2012,1,0.936232126379747,1.02791298488179,0.00631502189589145,0.974498622122408,15.6803544996298,17.1881895921274
2022200,"Indústria química e petroquímica",BRKM,2012,2,0.924205102507396,1.02498430038714,0.0127350491677631,0.969610759517425,16.4160959583604,17.258911097022
2022200,"Indústria química e petroquímica",BRKM,2012,3,0.935756200873232,1.0227006575685,0.0171063612888491,0.957828025060836,16.8398583783547,17.2386684262843
2022200,"Indústria química e petroquímica",BRKM,2012,4,0.945783914738841,1.02109282885099,0.020161154744209,0.949089191015003,17.1328076171933,17.2216979746667
2022200,"Indústria química e petroquímica",BRKM,2013,1,0.959507754758928,1.0275457843462,0.00732418668839849,0.960453152815757,15.8208430832014,17.2213127740836
2022200,"Indústria química e petroquímica",BRKM,2013,2,0.980305889581061,1.02410873514377,0.0141401688353597,0.940170886900626,16.5145830901243,17.2189767283112
2022200,"Indústria química e petroquímica",BRKM,2013,3,1.01803626656476,1.02206213686304,0.0181961950829023,0.917296624428714,16.92706617757,17.2172810810162
2022200,"Indústria química e petroquímica",BRKM,2013,4,0.989162987987552,1.02078419288305,0.0208764213435366,0.926948551173862,17.2194845948157,17.2337474520539
2022200,"Indústria química e petroquímica",BRKM,2014,1,1.0370601351405,1.02708289702157,0.00831283990056422,0.9222181704484,15.9309753111611,17.2293962593588
2022200,"Indústria química e petroquímica",BRKM,2014,2,0.973982853278094,1.02388490325495,0.0147847344163539,0.941906198115853,16.6071684743882,17.2426613047765
2022200,"Indústria química e petroquímica",BRKM,2014,3,0.972708594353316,1.02190612950047,0.0188467289542665,0.936848387636712,17.0391441021155,17.2576962566343
2022200,"Indústria química e petroquímica",BRKM,2014,4,0.97258286680771,1.01992754155917,0.0223785454446918,0.933463806030643,17.3459290402747,17.2098027670356
2022200,"Indústria química e petroquímica",BRKM,2015,1,1.09796365861705,1.02675535245903,0.00890517671309798,0.895525734319829,15.9835722310088,17.2223780057102
2022200,"Indústria química e petroquímica",BRKM,2015,2,1.21068325655588,1.02342200688048,0.0155486077073718,0.844186166325846,16.6642001106085,17.224044231773
2022200,"Indústria química e petroquímica",BRKM,2015,3,1.26749238998845,1.02048439355584,0.0207914590399645,0.820289597012296,17.1194850663229,17.1528364990522
2022200,"Indústria química e petroquímica",BRKM,2015,4,1.25362400573574,1.01892867830509,0.0237082018791622,0.822154010423651,17.3937175479701,17.1317793691795
2022200,"Indústria química e petroquímica",BRKM,2016,1,1.21850195817181,1.02528455720161,0.0110458092951136,0.848609701979071,16.0971101627559,17.1291977924534
2022200,"Indústria química e petroquímica",BRKM,2016,2,1.24514955527148,1.02171543485073,0.0178227001963288,0.831877661088586,16.7464039052636,17.0910199412933
2022200,"Indústria química e petroquímica",BRKM,2016,3,1.23812976440386,1.01979322212682,0.0217154014355904,0.82986626076534,17.1534683015083,17.0993079562212
2022200,"Indústria química e petroquímica",BRKM,2016,4,1.24783771191825,1.01803207826889,0.024832017009866,0.824277215570255,17.4201460036622,17.0534639210406
2022200,"Indústria química e petroquímica",BRKM,2017,1,1.27795957304111,1.02516980072116,0.011122951235797,0.828798994212468,16.0847376418814,17.1112522742568
2022200,"Indústria química e petroquímica",BRKM,2017,2,1.24249078799887,1.02209599001012,0.0175681548398693,0.832105986498256,16.7877342361777,17.1506819739471
2022200,"Indústria química e petroquímica",BRKM,2017,3,1.20740553803611,1.02011602973418,0.021510576789469,0.839704275713541,17.1911477344031,17.1512343094106
2022200,"Indústria química e petroquímica",BRKM,2017,4,1.1847328249108,1.01828214339136,0.0248158620674188,0.844966666364009,17.4829996832357,17.1106162285622
2022200,"Indústria química e petroquímica",BRKM,2018,1,1.06170597857166,1.02508277143868,0.0116147928435969,0.908001201876874,16.1777190517202,17.1491128518559
2022200,"Indústria química e petroquímica",BRKM,2018,2,1.08813792156814,1.02215459217046,0.0177514554844505,0.888333502270793,16.846657976134,17.1862968351085
2022200,"Indústria química e petroquímica",BRKM,2018,3,1.08264384812614,1.02030706531258,0.021862065035973,0.884817600714347,17.3251093139835,17.2381096060784
2022200,"Indústria química e petroquímica",BRKM,2018,4,1.02385951261825,1.01860850036894,0.0252090668704499,0.906162868836242,17.6628937018668,17.2344124654855
2022200,"Indústria química e petroquímica",BRKM,2019,1,0.937150569505959,1.02615018905494,0.0106181239323002,0.96563627617309,16.226867117902,17.2828812319222
2022200,"Indústria química e petroquímica",BRKM,2019,2,0.879131560679593,1.02262002728681,0.0176548122703982,0.986550099078259,16.9479182594175,17.2847644198581
2022200,"Indústria química e petroquímica",BRKM,2019,3,0.846512240588898,1.0209253087945,0.0213561490122244,0.999551706664782,17.3704301911199,17.3240623202138
2022200,"Indústria química e petroquímica",BRKM,2019,4,0.833719379304062,1.01992367984703,0.0235927659848908,1.00368664873327,17.6317262429742,17.3531105879151
2022200,"Indústria química e petroquímica",BRKM,2020,1,0.845391196540112,1.02759732835427,0.00885103927043804,1.01718723774133,16.1952628689867,17.4148418269281
2022200,"Indústria química e petroquímica",BRKM,2020,2,0.848190705088679,1.02498086093267,0.0142376126194729,1.0064525784422,16.7701189560199,17.4365668319498
2022200,"Indústria química e petroquímica",BRKM,2020,3,0.941007713373253,1.02301949976735,0.0182263756862744,0.949741492649148,17.1894379980669,17.4470169088412
2022200,"Indústria química e petroquímica",BRKM,2020,4,1.02156441250049,1.02139594258213,0.0213897814248001,0.907698285459428,17.5038505863643,17.4392315454808
2022200,"Indústria química e petroquímica",BRKM,2021,1,1.5451855957668,1.02801576271677,0.00878429092762359,0.751234221473478,16.2910541390436,17.5057575423323
2022200,"Indústria química e petroquímica",BRKM,2021,2,1.58987991297422,1.02454158513865,0.0156562435531237,0.732626442890315,16.9881168641254,17.5012988613909
2022200,"Indústria química e petroquímica",BRKM,2021,3,1.44516054306738,1.02327494541239,0.0191582037576165,0.762702704853035,17.4776615346958,17.6180376835573
2022200,"Indústria química e petroquímica",BRKM,2021,4,1.32696326104226,1.02073259083825,0.0235713567262471,0.792420435332493,17.8423325973854,17.5416510365839
2022200,"Indústria química e petroquímica",BRKM,2022,1,1.0351029214355,1.02595548459656,0.0125139128403611,0.913051844486095,16.622785846217,17.4620614587888
2022200,"Indústria química e petroquímica",BRKM,2022,2,0.975789136975967,1.02297593627901,0.0189124231836315,0.930414302568199,17.3398837114189,17.5182120697977
2022200,"Indústria química e petroquímica",BRKM,2022,3,0.933224025132806,1.0211334794837,0.0227949330054594,0.945829406412193,17.7658043843871,17.5441297724743
2022200,"Indústria química e petroquímica",BRKM,2022,4,0.870115833657089,1.02003945771628,0.0251287481981805,0.976171698892171,18.0254280433424,17.5628975332413
2022200,"Indústria química e petroquímica",BRKM,2023,1,0.76871542261629,1.02768745248415,0.010046752428202,1.06142979288632,16.5017457629136,17.5781530322607
2022200,"Indústria química e petroquímica",BRKM,2023,2,0.732246078247785,1.02451576697327,0.0164953397920225,1.07618031053238,17.1794472841977,17.5948643655997
2022200,"Indústria química e petroquímica",BRKM,2023,3,0.722044488816356,1.02220007887542,0.0206218506926434,1.07859090825357,17.5368384445374,17.5379753972285
2022200,"Indústria química e petroquímica",BRKM,2023,4,0.735407791834237,1.01336131456266,0.0316976142057687,1.07244023261528,17.7966856714272,16.765589248232
2022200,"Indústria química e petroquímica",BRKM,2024,1,0.799534793090228,1.02820998602647,0.00893097219689254,1.04289032669644,16.3774854885084,17.5690597367176
2022200,"Indústria química e petroquímica",BRKM,2024,2,0.797626845184029,1.02521801455015,0.0152446136448134,1.03273082561575,17.0712232341513,17.6121953393222
2022200,"Indústria química e petroquímica",BRKM,2024,3,0.811414528538385,1.02295193011892,0.0196876927853962,1.01738288222933,17.5166199127861,17.6046245498055
2022200,"Indústria química e petroquímica",CRPG,1989,3,1.12343226707748,0.927365197230949,0.0450248743034502,0.886848804886606,-1.98252936575679,-1.96571207241174
2022200,"Indústria química e petroquímica",CRPG,1989,4,1.03978587088891,0.931808560345184,0.045302791954564,0.942298388469525,-0.732234050030692,-0.883077774391714
2022200,"Indústria química e petroquímica",CRPG,1990,1,1.92912649168209,0.946750361697643,0.0267855884735877,0.672780672972706,-1.1227899192095,0.447122697741565
2022200,"Indústria química e petroquímica",CRPG,1990,2,1.37529125887612,0.942811843314145,0.0359537805010459,0.817991545616859,-0.00710059466121568,0.605713784532807
2022200,"Indústria química e petroquímica",CRPG,1990,3,1.07497971367941,0.941216339779425,0.0417630467630884,0.944406974137255,0.939804387914627,0.918819603181969
2022200,"Indústria química e petroquímica",CRPG,1990,4,1.09425423685072,0.942601568809342,0.0428366975484001,0.944714290457968,1.56274118960646,1.37356626624746
2022200,"Indústria química e petroquímica",CRPG,1991,2,0.772631383840995,0.948709704027564,0.0362784406108954,1.11560030196752,1.64201988456086,2.03748568896026
2022200,"Indústria química e petroquímica",CRPG,1991,3,0.757339831951348,0.948664303253701,0.0399840028436992,1.14262060189456,2.50525447647519,2.46689219361046
2022200,"Indústria química e petroquímica",CRPG,1991,4,0.778206686616313,0.958267053895694,0.0327573198693975,1.12634391461366,3.35833481005212,3.87692717198526
2022200,"Indústria química e petroquímica",CRPG,1992,1,1.56067746399264,0.968592823832729,0.017573865649692,0.781257818333266,2.52460719812248,4.51268384425747
2022200,"Indústria química e petroquímica",CRPG,1992,2,1.44705949055999,0.967925157425848,0.0238153026694426,0.822944518450739,3.82097144091577,5.09629753641284
2022200,"Indústria química e petroquímica",CRPG,1992,3,1.50311907241042,0.969230214956548,0.0264101039069938,0.813962295158501,4.78186439056078,5.71278174976883
2022200,"Indústria química e petroquímica",CRPG,1992,4,1.33217460559025,0.970628970711155,0.0290488842223184,0.870486506722859,5.7781270863562,6.35662328641865
2022200,"Indústria química e petroquímica",CRPG,1993,1,1.07645608118909,0.980465713212505,0.0156380449558651,0.958942521885354,5.23275225411256,7.08740425176958
2022200,"Indústria química e petroquímica",CRPG,1993,2,1.1198586130889,0.980958249855992,0.0210446419740722,0.946665081751255,6.64122978688364,7.84592573635242
2022200,"Indústria química e petroquímica",CRPG,1993,3,0.991390267946308,0.982939862939918,0.0243011171477921,1.0091855204735,7.93880175136406,8.70081877443163
2022200,"Indústria química e petroquímica",CRPG,1993,4,1.03438877285038,0.986084447921136,0.0257228687404177,0.987284798413994,9.11302974628354,9.61251167345423
2022200,"Indústria química e petroquímica",CRPG,1994,1,1.1924769179567,0.999023871658724,0.00874958873635653,0.915357262115087,8.55333027429561,10.6530853568311
2022200,"Indústria química e petroquímica",CRPG,1994,2,1.33031533772535,1.00070634361198,0.0145744971325825,0.861982891560243,10.3778711447868,11.7423821647604
2022200,"Indústria química e petroquímica",CRPG,1994,3,0.92445669220092,0.998539002373531,0.0202141444425305,1.03163800962974,11.132250618587,11.9002601558593
2022200,"Indústria química e petroquímica",CRPG,1994,4,0.882559101008396,0.997415750346928,0.023114038431502,1.05475488584277,11.5178020102717,11.9793595340347
2022200,"Indústria química e petroquímica",CRPG,1995,1,0.952302441067923,1.00435896958004,0.00955010779180114,1.01929509667572,10.1648214078529,12.0084403058091
2022200,"Indústria química e petroquímica",CRPG,1995,2,1.06454237903611,1.00190149195434,0.0151251527067455,0.961402673715231,10.8265870669521,12.0901082171422
2022200,"Indústria química e petroquímica",CRPG,1995,3,1.0475520635945,1.00065836058911,0.0181429969577896,0.967808321806785,11.2080399954228,12.1548989824076
2022200,"Indústria química e petroquímica",CRPG,1995,4,1.03423766972433,0.999699953021267,0.0206267051041925,0.972875421254648,11.5392279059693,12.2235055903846
2022200,"Indústria química e petroquímica",CRPG,1996,1,0.918810513250432,1.0077883860522,0.00484076017931677,1.03916409468187,9.96668189050791,12.259190579475
2022200,"Indústria química e petroquímica",CRPG,1996,2,0.918945530301516,1.0044605577672,0.0118316010964621,1.03475528246277,10.7308469367287,12.3034240170482
2022200,"Indústria química e petroquímica",CRPG,1996,3,0.825735446278221,1.00205907522864,0.0168954930424629,1.0890357643836,11.2867953740079,12.3376066383667
2022200,"Indústria química e petroquímica",CRPG,1996,4,0.841281609488683,1.00105680203232,0.0193341489407866,1.07761111168138,11.5956458963396,12.3905000596992
2022200,"Indústria química e petroquímica",CRPG,1997,1,0.907807209341538,1.00791551293981,0.00585627048779983,1.04396495135275,10.2404620365814,12.4098389438477
2022200,"Indústria química e petroquímica",CRPG,1997,2,0.979495009102047,1.0045097498062,0.0127336381294604,1.00104823693042,10.9570438839476,12.4221844987001
2022200,"Indústria química e petroquímica",CRPG,1997,3,1.02498108797169,1.00231051933592,0.0170658574993025,0.976820211388461,11.3940768697694,12.4172386892281
2022200,"Indústria química e petroquímica",CRPG,1997,4,0.959455653868302,1.00048081866989,0.020711320991874,1.00843294543451,11.7674026674038,12.4180143093208
2022200,"Indústria química e petroquímica",CRPG,1998,1,1.13639221842751,1.00713456934613,0.00747048389771846,0.932088039543463,10.4135689842599,12.4170916632485
2022200,"Indústria química e petroquímica",CRPG,1998,2,1.23856467646656,1.00364235014436,0.0143611958400845,0.889626396032801,11.1102530145112,12.410599289848
2022200,"Indústria química e petroquímica",CRPG,1998,3,1.33849536670151,1.00129318964254,0.0189005437719536,0.85441258618226,11.5562416858402,12.3948384298652
2022200,"Indústria química e petroquímica",CRPG,1998,4,1.29996828442251,0.999597381836629,0.0221714311696226,0.866292435618824,11.8767811762772,12.3827520335164
2022200,"Indústria química e petroquímica",CRPG,1999,1,1.58300856569902,1.00453242550069,0.0116724435221211,0.788459444660951,10.7124109152573,12.3014967538444
2022200,"Indústria química e petroquímica",CRPG,1999,2,1.45975604920243,1.00101989741624,0.018690396427662,0.818790471115807,11.4337376327782,12.3053201063336
2022200,"Indústria química e petroquímica",CRPG,1999,3,1.44267714141286,0.998649020749445,0.0234828443704914,0.822601333611849,11.9337245930958,12.3144915520391
2022200,"Indústria química e petroquímica",CRPG,1999,4,1.54402463375908,0.997199737909521,0.0264624959033744,0.794715948985877,12.2511934916929,12.3260482335637
2022200,"Indústria química e petroquímica",CRPG,2000,1,1.24426593091762,1.00428564648638,0.0124676557580413,0.888790517968195,10.83446456688,12.3376538730057
2022200,"Indústria química e petroquímica",CRPG,2000,2,1.32543315432616,1.00072583912982,0.0195370706607954,0.858851491784187,11.555342665832,12.3364212169112
2022200,"Indústria química e petroquímica",CRPG,2000,3,1.37208344355628,0.998597985308466,0.0237782013511652,0.843278954010438,11.9898881381776,12.3375170779048
2022200,"Indústria química e petroquímica",CRPG,2000,4,1.40433491788394,0.997023273758134,0.0269699025933892,0.833111501831931,12.324007506105,12.3446309969237
2022200,"Indústria química e petroquímica",CRPG,2001,1,1.54036219446125,1.00507339507217,0.0111475428247671,0.799177457318047,10.7326451837217,12.3669406756432
2022200,"Indústria química e petroquímica",CRPG,2001,2,1.50593023550108,1.00172887944572,0.0182396407645925,0.805531911829866,11.5162804526997,12.4192590663441
2022200,"Indústria química e petroquímica",CRPG,2001,3,1.56818334458427,1.00002678837758,0.0218956207470843,0.788313883159697,11.9261124743108,12.4514281085024
2022200,"Indústria química e petroquímica",CRPG,2001,4,1.65569813315311,0.998745957850395,0.0245620243074682,0.76664764142622,12.214496070166,12.4655708081875
2022200,"Indústria química e petroquímica",CRPG,2002,1,1.52547441276586,1.00726006465545,0.0078797650175349,0.803918150273607,10.5437088802309,12.4953492395565
2022200,"Indústria química e petroquímica",CRPG,2002,2,1.4726248442121,1.00342685641605,0.0158796739416613,0.814550576072177,11.4114996401427,12.5400532115883
2022200,"Indústria química e petroquímica",CRPG,2002,3,1.74974617901497,1.00156166457356,0.0201895381645547,0.745609178924846,11.9323098462923,12.6113597454625
2022200,"Indústria química e petroquímica",CRPG,2002,4,2.03775797477513,1.00031827892839,0.0229540064526042,0.690120386019268,12.253841760511,12.6459955050174
2022200,"Indústria química e petroquímica",CRPG,2003,1,2.71044822843962,1.00756531892391,0.00868551421304285,0.602171705984439,10.8154291654882,12.6631608324244
2022200,"Indústria química e petroquímica",CRPG,2003,2,2.14940757535853,1.00432558797038,0.0153075250934616,0.67363159428582,11.5159557121303,12.6843967908879
2022200,"Indústria química e petroquímica",CRPG,2003,3,1.88225607674487,1.00221607129862,0.0196028390290792,0.71848835545971,11.9681893776054,12.6962599673251
2022200,"Indústria química e petroquímica",CRPG,2003,4,1.68844888114656,1.00007312275857,0.0238380099151825,0.757632610396426,12.3973026052453,12.6930822284795
2022200,"Indústria química e petroquímica",CRPG,2004,1,1.72888911760345,1.00741447213191,0.00926193673839927,0.753537370953307,10.911376147723,12.6959924170751
2022200,"Indústria química e petroquímica",CRPG,2004,2,1.8702752534815,1.00355933000995,0.0169500779739579,0.721533858361871,11.699672429354,12.6984846380761
2022200,"Indústria química e petroquímica",CRPG,2004,3,1.78236793694515,1.00138499084651,0.0213332003575483,0.737846753917893,12.1553661457871,12.7054647742886
2022200,"Indústria química e petroquímica",CRPG,2004,4,1.69925664575081,0.999789401103819,0.0245423336074929,0.754962688965297,12.4880370205595,12.7097172859409
2022200,"Indústria química e petroquímica",CRPG,2005,1,1.65722259351968,1.00746693055305,0.00921860670495236,0.769641811070541,10.9151265354899,12.7032377402881
2022200,"Indústria química e petroquímica",CRPG,2005,2,1.59324222014752,1.0038764786003,0.0163631264089758,0.781919505241229,11.6455759590926,12.7036867615936
2022200,"Indústria química e petroquímica",CRPG,2005,3,1.46804972700231,1.00129614973069,0.0214073749375616,0.813080415256609,12.1492019600572,12.6932886095956
2022200,"Indústria química e petroquímica",CRPG,2005,4,1.37000501075731,0.999525217770398,0.0249980243671299,0.840782811468304,12.5252477385864,12.7014361619452
2022200,"Indústria química e petroquímica",CRPG,2006,1,1.49752975557768,1.00853092343346,0.00721916406757707,0.81063153099696,10.7264833524094,12.7170918428596
2022200,"Indústria química e petroquímica",CRPG,2006,2,1.25630193572439,1.00394256269379,0.0163696331312169,0.880431844809844,11.6647316726692,12.7200701832541
2022200,"Indústria química e petroquímica",CRPG,2006,3,1.20437688348126,1.00153450648856,0.0211423173550649,0.897551546626297,12.1501375541261,12.7181115162144
2022200,"Indústria química e petroquímica",CRPG,2006,4,1.15075577342607,0.999716703416295,0.0248306980564731,0.917188650232886,12.5367733987793,12.7267951480277
2022200,"Indústria química e petroquímica",CRPG,2007,1,1.16609503480306,1.00760368235108,0.00945796532982067,0.916993474270422,11.008127928059,12.7639716732471
2022200,"Indústria química e petroquímica",CRPG,2007,2,1.06636180911093,1.00430651109397,0.016157954776165,0.955239381170787,11.7117606465433,12.7809008814852
2022200,"Indústria química e petroquímica",CRPG,2007,3,0.928735463723621,1.0020790143032,0.0206723397620578,1.02157132082696,12.1842892518308,12.790914789304
2022200,"Indústria química e petroquímica",CRPG,2007,4,0.906310832529848,1.00013133367741,0.0243286867987205,1.03323011692972,12.528731362201,12.7651135356721
2022200,"Indústria química e petroquímica",CRPG,2008,1,0.609677659029116,1.00723379083312,0.0102061378812551,1.26757692682305,11.0862467085117,12.7654596147172
2022200,"Indústria química e petroquímica",CRPG,2008,2,0.625122546297655,1.00400001575631,0.0167450127900156,1.24730833876646,11.7687225255591,12.7782279444335
2022200,"Indústria química e petroquímica",CRPG,2008,3,0.671492643014681,1.00205702914344,0.0206885342363409,1.20144781435408,12.1822532963468,12.7876449017649
2022200,"Indústria química e petroquímica",CRPG,2008,4,0.755966137977941,1.0005945091249,0.0234436617419774,1.13153889841409,12.4431553005692,12.76940663125
2022200,"Indústria química e petroquímica",CRPG,2009,1,0.9752741427441,1.00864164020985,0.00750551551024906,1.00390903344219,10.8236443320084,12.7772573165567
2022200,"Indústria química e petroquímica",CRPG,2009,2,0.731310623242737,1.00375894256953,0.0172244564463061,1.15295420723451,11.8177056180797,12.7782272376376
2022200,"Indústria química e petroquímica",CRPG,2009,3,0.780317912029211,1.00161834612809,0.0214923999528626,1.11430191424804,12.2551875840975,12.7794977135137
2022200,"Indústria química e petroquímica",CRPG,2009,4,0.746658873940894,0.999585482561043,0.0251908950924456,1.13841451122596,12.5868754251394,12.7385804687952
2022200,"Indústria química e petroquímica",CRPG,2010,1,0.753419284224999,1.00664151233273,0.0110151044409748,1.14006430639352,11.1194358491068,12.7216355027663
2022200,"Indústria química e petroquímica",CRPG,2010,2,0.741295129533837,1.00300151403416,0.0181254685635186,1.14543770669076,11.8286073916401,12.7063236821075
2022200,"Indústria química e petroquímica",CRPG,2010,3,0.774204353891179,1.0010632326125,0.0218049868348422,1.11957701563376,12.1810290009853,12.685494918826
2022200,"Indústria química e petroquímica",CRPG,2010,4,0.800390083728105,0.999136548651247,0.0252964956707818,1.10055704008318,12.4921304627183,12.6450747662777
2022200,"Indústria química e petroquímica",CRPG,2011,1,0.763272666878147,1.00588436574497,0.0118899499162222,1.13272458803189,11.1242316310111,12.6466905852589
2022200,"Indústria química e petroquímica",CRPG,2011,2,0.778058111073139,1.00237104770562,0.0189466654960445,1.11819165042119,11.8545043724669,12.6549314008634
2022200,"Indústria química e petroquímica",CRPG,2011,3,0.915293931556512,1.00059297353769,0.0227457682995843,1.02938744142765,12.2778874410416,12.6861510211565
2022200,"Indústria química e petroquímica",CRPG,2011,4,1.0798236175771,0.998516158634072,0.0263614730461654,0.947516047043176,12.5783004268337,12.6250179642906
2022200,"Indústria química e petroquímica",CRPG,2012,1,1.49862493011967,1.00682451256942,0.0100599583317205,0.809207562593667,10.9425980878288,12.6514160940971
2022200,"Indústria química e petroquímica",CRPG,2012,2,1.34941173341256,1.00250155427063,0.0187649365113489,0.849072444854324,11.8463701610694,12.6641750382995
2022200,"Indústria química e petroquímica",CRPG,2012,3,1.19565454733004,1.00020503827326,0.0235063759003953,0.900475706716667,12.3541330234904,12.6848535986183
2022200,"Indústria química e petroquímica",CRPG,2012,4,1.07086067267592,0.997274906221932,0.02857370051931,0.951471129415678,12.7699491206902,12.5945647842813
2022200,"Indústria química e petroquímica",CRPG,2013,1,0.648034099228733,1.00434812979873,0.0144949170506823,1.22816855090265,11.3300089081989,12.5932034979767
2022200,"Indústria química e petroquímica",CRPG,2013,2,0.646464339826031,1.00059688140297,0.0220741481969818,1.22600369719911,12.120277226237,12.6073019171363
2022200,"Indústria química e petroquímica",CRPG,2013,3,0.67370751337113,0.998615162043303,0.0261915301700995,1.19957185471089,12.5645513103859,12.6282197377035
2022200,"Indústria química e petroquímica",CRPG,2013,4,0.704758282490431,0.996562202804234,0.0296019267417927,1.17331369992273,12.8228259481665,12.5483362888202
2022200,"Indústria química e petroquímica",CRPG,2014,1,0.886681216745261,1.00487644735655,0.013349560027316,1.05063346376085,11.2003039923819,12.5819635118443
2022200,"Indústria química e petroquímica",CRPG,2014,2,0.624450726200119,1.00114174476503,0.0209952560531335,1.24781800327513,12.0106841171058,12.6078648507811
2022200,"Indústria química e petroquímica",CRPG,2014,3,0.580372658659446,0.998178571413316,0.0264881310458507,1.29325982742939,12.5182158452451,12.5603160191465
2022200,"Indústria química e petroquímica",CRPG,2014,4,0.63752771598079,0.996635601917913,0.0295103633601949,1.23355265372428,12.8207655083613,12.5547993287671
2022200,"Indústria química e petroquímica",CRPG,2015,1,0.84197616540491,1.00446609356379,0.0140908271159722,1.0778448132068,11.2660038991964,12.5730731328418
2022200,"Indústria química e petroquímica",CRPG,2015,2,0.752405048717427,1.0005567087087,0.0220602215223735,1.13653980519072,12.1062769861866,12.5961580520101
2022200,"Indústria química e petroquímica",CRPG,2015,3,0.798927194275267,0.998714031688033,0.0260055578285383,1.10158391848351,12.5469800031603,12.6294859998872
2022200,"Indústria química e petroquímica",CRPG,2015,4,0.736083558376946,0.996185828899377,0.0304058075601616,1.14793245028197,12.9123760316904,12.5549097369953
2022200,"Indústria química e petroquímica",CRPG,2016,1,0.750981882925432,1.00297496980806,0.0170624793306724,1.1397783986519,11.5704279709926,12.5737959036543
2022200,"Indústria química e petroquímica",CRPG,2016,2,0.873921047917147,1.00004354522882,0.0230284413138759,1.05435645867718,12.1981782481118,12.5899381585422
2022200,"Indústria química e petroquímica",CRPG,2016,3,0.907587837142451,0.989924749332371,0.0363349642977771,1.04297891015382,12.6437129395462,11.7801394520377
2022200,"Indústria química e petroquímica",CRPG,2016,4,0.899829979190846,0.98952091651558,0.0383413654853353,1.04642886699216,13.0100051286234,11.9230568231799
2022200,"Indústria química e petroquímica",CRPG,2017,1,1.11772925952913,0.99634404344001,0.0245643742999215,0.9377325574844,11.5746769293081,11.8984625919658
2022200,"Indústria química e petroquímica",CRPG,2017,2,1.15968130069232,0.992872985889059,0.0316235559334321,0.920610737757589,12.3167992756581,11.9169792129114
2022200,"Indústria química e petroquímica",CRPG,2017,3,1.260921335509,0.990609096216,0.0361180786421312,0.883556296718789,12.7749332507218,11.9160371278975
2022200,"Indústria química e petroquímica",CRPG,2017,4,1.41846018036151,0.987053333573225,0.041428494121131,0.836360276692179,13.0813736550685,11.7068333189749
2022200,"Indústria química e petroquímica",CRPG,2018,1,1.41883066093634,0.993990458223121,0.0277731800988769,0.833487242337301,11.7051813227859,11.7236202736221
2022200,"Indústria química e petroquímica",CRPG,2018,2,1.60848509811723,0.991225549222905,0.0333915130551687,0.783255985507251,12.2952083501622,11.7378074076063
2022200,"Indústria química e petroquímica",CRPG,2018,3,1.70955573359604,0.98883859754547,0.0380962992609919,0.760701552248482,12.7702018375735,11.7327694715689
2022200,"Indústria química e petroquímica",CRPG,2018,4,1.70227323377644,0.987426186303845,0.0410912598591996,0.762946017930409,13.1011174236454,11.7548544181469
2022200,"Indústria química e petroquímica",CRPG,2019,1,1.37699333147835,0.994220307713149,0.0276278387901178,0.84578555824969,11.7321285275463,11.7606529673616
2022200,"Indústria química e petroquímica",CRPG,2019,2,1.34073034150478,0.990614024098221,0.0347802179909745,0.857988007157997,12.4602136662322,11.7582957047376
2022200,"Indústria química e petroquímica",CRPG,2019,3,1.34001044964495,0.988925045262652,0.0383691304363796,0.858802881301433,12.8576986470932,11.7855961552974
2022200,"Indústria química e petroquímica",CRPG,2019,4,1.30946898869369,0.987932772266972,0.0407424282295578,0.868996411159427,13.1537762371002,11.8330888908184
2022200,"Indústria química e petroquímica",CRPG,2020,1,1.18746612571846,0.994466759683817,0.027628065274636,0.910333937675206,11.7978885741392,11.8188974829565
2022200,"Indústria química e petroquímica",CRPG,2020,2,1.2718684094659,0.992399855524752,0.0316376610554678,0.879995695530641,12.1939899701154,11.806890303946
2022200,"Indústria química e petroquímica",CRPG,2020,3,1.63905368193639,0.989733168875092,0.037077462207531,0.775914007137179,12.7680307409774,11.8230745503237
2022200,"Indústria química e petroquímica",CRPG,2020,4,1.43639667733295,0.987218256396197,0.0422552453206728,0.830086303474984,13.3206413373202,11.8439899323578
2022200,"Indústria química e petroquímica",CRPG,2021,1,2.11783286207293,0.993679297345842,0.0292486383729297,0.681672915463907,11.9707598642071,11.8253657024979
2022200,"Indústria química e petroquímica",CRPG,2021,2,2.16825525756278,0.990635376254131,0.0355285368071507,0.674148966516147,12.6426764512007,11.852221758757
2022200,"Indústria química e petroquímica",CRPG,2021,3,1.96889795321758,0.988823127807542,0.0395327121352153,0.707858896465037,13.1053911566457,11.8997262879049
2022200,"Indústria química e petroquímica",CRPG,2021,4,2.01241592573734,0.987292433561873,0.0425871487967715,0.700914497692189,13.4188209297034,11.9009343912845
2022200,"Indústria química e petroquímica",CRPG,2022,1,0.912916908362596,0.993111498749416,0.0312522404302144,1.03743676872129,12.2926759273436,11.9292181223633
2022200,"Indústria química e petroquímica",CRPG,2022,2,0.935055304406021,0.989975791903692,0.0377868694718071,1.02590158238491,13.0002947385299,11.9646481138152
2022200,"Indústria química e petroquímica",CRPG,2022,3,1.00902333857757,0.988628070965693,0.0408690254826409,0.987931931904769,13.3690549614541,12.0123711026228
2022200,"Indústria química e petroquímica",CRPG,2022,4,1.0492654526352,0.987690588034173,0.0427581176242944,0.969409159243823,13.5653596336928,12.0152945838772
2022200,"Indústria química e petroquímica",CRPG,2023,1,1.45910298109911,0.995960105179551,0.02632416245923,0.819839220643867,11.888017544698,12.0167878483508
2022200,"Indústria química e petroquímica",CRPG,2023,2,1.17956038535508,0.992852583341093,0.032727503706589,0.911788449469523,12.572137567314,12.0432819697009
2022200,"Indústria química e petroquímica",CRPG,2023,3,0.970546544986902,0.990871211765916,0.0368024559766365,1.00567877282122,13.006481504093,12.0592423219783
2022200,"Indústria química e petroquímica",CRPG,2023,4,0.935243828270119,0.989761243208464,0.0392486523008622,1.02475583050128,13.2884005941248,12.0875912463247
2022200,"Indústria química e petroquímica",CRPG,2024,1,0.868364607459146,0.996631687366207,0.025626678306874,1.06206459288344,11.9023062599161,12.0925867269027
2022200,"Indústria química e petroquímica",CRPG,2024,2,0.805958508643805,0.992694668414699,0.0333395196641653,1.10273265181538,12.6746081006605,12.0786715379671
2022200,"Indústria química e petroquímica",CRPG,2024,3,0.83069557302868,0.99098557163403,0.0372456675231977,1.08616914458553,13.1416677266591,12.1388995657888
2022200,"Indústria química e petroquímica",FHER,2006,4,1.03750827129166,0.978334718109265,0.0559264148087305,0.991019439975761,14.1816458667028,11.3692986274806
2022200,"Indústria química e petroquímica",FHER,2007,1,1.07492568907196,0.986462616517412,0.0408684247285989,0.962699404804565,12.7915813634355,11.5007696818942
2022200,"Indústria química e petroquímica",FHER,2007,2,1.05253326307255,0.984581744194382,0.0461146244993313,0.973370950449644,13.5293949548918,11.6795861530323
2022200,"Indústria química e petroquímica",FHER,2007,3,1.02054309011169,0.984072604990359,0.049473818138385,0.986766175768791,14.1871720551176,11.9583067763736
2022200,"Indústria química e petroquímica",FHER,2007,4,1.04343184112881,0.983618344152486,0.0518391044005702,0.974816417884273,14.6247965280374,12.1319387616561
2022200,"Indústria química e petroquímica",FHER,2008,1,1.06841699388135,0.991477526523201,0.0376765784322979,0.955955478582377,13.3746188430817,12.3062924058691
2022200,"Indústria química e petroquímica",FHER,2008,2,1.12550242882858,0.990248535662077,0.0422684319119549,0.929294587176461,14.1316588940643,12.5613777270356
2022200,"Indústria química e petroquímica",FHER,2008,3,1.10810863344652,0.988770188387517,0.0464535768256702,0.935709036780616,14.7261441435181,12.7092521921072
2022200,"Indústria química e petroquímica",FHER,2008,4,1.00350686965251,0.987464630014272,0.0494098727816126,0.983657529785859,15.0764142903406,12.7519858150727
2022200,"Indústria química e petroquímica",FHER,2009,1,0.950747434305921,0.995472875699924,0.0332564801588805,1.00798321230778,13.3956899474822,12.7250848085533
2022200,"Indústria química e petroquímica",FHER,2009,2,0.911741390504287,0.9924559315336,0.0394878323860406,1.02931680254995,14.0633311221374,12.7525473182786
2022200,"Indústria química e petroquímica",FHER,2009,3,0.969774081492368,0.989585505275901,0.0451261910751186,0.999314711067436,14.6299567374867,12.7441874259951
2022200,"Indústria química e petroquímica",FHER,2009,4,0.954373691803744,0.988019021147183,0.0484695536562089,1.00800829749061,15.0020955086339,12.7712585515146
2022200,"Indústria química e petroquímica",FHER,2010,1,0.943760023432123,0.998044352632665,0.0304356846215937,1.008660747767,13.4149345854807,12.9974843923936
2022200,"Indústria química e petroquímica",FHER,2010,2,0.869975775304393,0.995300901348146,0.0362238201451449,1.04953929141135,14.0507937187431,13.0369087715084
2022200,"Indústria química e petroquímica",FHER,2010,3,0.927472136969142,0.992779013902499,0.0415229902253476,1.01628727831023,14.6302191086101,13.0705943433443
2022200,"Indústria química e petroquímica",FHER,2010,4,1.04403480843178,0.990828350045462,0.0454929623374937,0.958350383308972,15.0479513044203,13.0813394589571
2022200,"Indústria química e petroquímica",FHER,2011,1,1.03181117568476,0.998247522803862,0.0307791802609294,0.963572347478114,13.5502433308049,13.0862768300183
2022200,"Indústria química e petroquímica",FHER,2011,2,0.999908876526371,0.994783391965593,0.0377969078988032,0.978118570239002,14.2844200219545,13.10150596704
2022200,"Indústria química e petroquímica",FHER,2011,3,1.08010623793947,0.99180400493043,0.043711961472515,0.941620918909015,14.8873572961317,13.1002717001672
2022200,"Indústria química e petroquímica",FHER,2011,4,1.08668130120271,0.98968702545335,0.0479199227612132,0.939637458301153,15.3169666024412,13.0999966079476
2022200,"Indústria química e petroquímica",FHER,2012,1,0.951003287495747,0.997413563382908,0.0327433493649976,1.00294116419708,13.7918833027541,13.1225722697848
2022200,"Indústria química e petroquímica",FHER,2012,2,0.991827911151033,0.994239644342233,0.0391526932937745,0.981683477450896,14.4597191422893,13.1340948207385
2022200,"Indústria química e petroquímica",FHER,2012,3,0.989390943275142,0.991162914457008,0.0452411918740036,0.983660657431773,15.0776755381307,13.1304670110921
2022200,"Indústria química e petroquímica",FHER,2012,4,1.02340746163762,0.98930475804193,0.0489826934863839,0.967977744668745,15.4661011593532,13.135927736713
2022200,"Indústria química e petroquímica",FHER,2013,1,0.962007246983906,0.996873727533438,0.0338579141736446,0.997007927453473,13.9112434993014,13.1274340002401
2022200,"Indústria química e petroquímica",FHER,2013,2,0.982810429163879,0.99401029882593,0.0395673269594091,0.986265266860683,14.4965193403467,13.1291665989236
2022200,"Indústria química e petroquímica",FHER,2013,3,1.01841669340609,0.990986199102572,0.0456136023292489,0.969577274041836,15.1185333687624,13.1329561454149
2022200,"Indústria química e petroquímica",FHER,2013,4,1.03966868805868,0.988777847542002,0.0496393560835906,0.961300015470367,15.4807403655212,13.0894550187629
2022200,"Indústria química e petroquímica",FHER,2014,1,1.05876138680412,0.996196153322095,0.0348052398308611,0.950884898431867,13.9543755512443,13.079894798633
2022200,"Indústria química e petroquímica",FHER,2014,2,1.02077017859681,0.992924511476466,0.0413582589457838,0.968503858324459,14.6300968975199,13.0853981177784
2022200,"Indústria química e petroquímica",FHER,2014,3,1.04313096301274,0.990795415298823,0.0461938587489423,0.957782083516691,15.2047384004673,13.1568090647847
2022200,"Indústria química e petroquímica",FHER,2014,4,1.04660690777941,0.989571780404902,0.0491073387713483,0.955999858108089,15.5667360547314,13.2138093969485
2022200,"Indústria química e petroquímica",FHER,2015,1,0.973457614258114,0.997063803771754,0.0344768676069753,0.989513395393144,14.1081307281675,13.2458510768806
2022200,"Indústria química e petroquímica",FHER,2015,2,0.949131579710734,0.994024008356395,0.0407334147175829,1.00160211078822,14.7756311426461,13.2709081399125
2022200,"Indústria química e petroquímica",FHER,2015,3,0.959462555010263,0.991314647812036,0.04621130416073,0.996693023307789,15.3472919578621,13.2815358006311
2022200,"Indústria química e petroquímica",FHER,2015,4,0.978432730702736,0.989679450263451,0.0493640129940709,0.987895831040359,15.6560742549137,13.2697301824124
2022200,"Indústria química e petroquímica",FHER,2016,1,0.989392766256382,0.997319553607573,0.0340716691783539,0.981393771018703,14.0805990038624,13.2581372833403
2022200,"Indústria química e petroquímica",FHER,2016,2,0.956612308265568,0.99438935362026,0.039832785679695,0.997943516544976,14.6602865627164,13.2502381239303
2022200,"Indústria química e petroquímica",FHER,2016,3,0.990835548207138,0.991954226504369,0.0446415656370971,0.981069322226124,15.1470017113617,13.2461719866858
2022200,"Indústria química e petroquímica",FHER,2016,4,1.03180632040322,0.990340637496106,0.0476796860588616,0.962285826587416,15.4344766460179,13.2258604688051
2022200,"Indústria química e petroquímica",FHER,2017,1,1.01646035262246,0.998231177448026,0.0318556599525456,0.969143231190715,13.8001747186165,13.2102754447173
2022200,"Indústria química e petroquímica",FHER,2017,2,0.932005510660603,0.994935442818871,0.0382682786268868,1.01182683593236,14.4363068812012,13.1934113170448
2022200,"Indústria química e petroquímica",FHER,2017,3,0.938663042871612,0.991970157540438,0.0441234501353863,1.00878758469923,15.0288583050651,13.1883956672512
2022200,"Indústria química e petroquímica",FHER,2017,4,0.962273646017456,0.989791312747621,0.0481096775763338,0.99782638793939,15.3895950766202,13.1471699462331
2022200,"Indústria química e petroquímica",FHER,2018,1,0.887634370566727,0.996966611897763,0.0337173107987443,1.03787931213205,13.9027936485364,13.1326751381814
2022200,"Indústria química e petroquímica",FHER,2018,2,0.853228885681748,0.993677813391158,0.040115120965175,1.05875205369129,14.537276940742,13.1156905891894
2022200,"Indústria química e petroquímica",FHER,2018,3,0.873073559875387,0.99116795937687,0.0449317604784395,1.047648192811,15.0059257628689,13.0949057678305
2022200,"Indústria química e petroquímica",FHER,2018,4,0.867281085869804,0.990071295921417,0.0469070469561449,1.05200825652032,15.1801524062042,13.0704649574389
2022200,"Indústria química e petroquímica",FHER,2019,2,0.57714151813828,1.00061087038871,0.025602293468443,1.29071348120427,12.9574357582826,13.0296648008735
2022200,"Indústria química e petroquímica",FHER,2019,3,0.744838392757819,0.997367988107528,0.0319104192333683,1.13495122363049,13.5829752576685,13.012874379948
2022200,"Indústria química e petroquímica",FHER,2019,4,0.762222774636435,0.994621439365247,0.0372186271089006,1.12191409803102,14.1046386469301,12.9945632662504
2022200,"Indústria química e petroquímica",FHER,2020,1,0.94711710230679,1.00051039453071,0.0253948007802258,1.00814839715772,12.8816333579731,12.9812849808535
2022200,"Indústria química e petroquímica",FHER,2020,2,0.971551603644648,0.997830570440914,0.0307496812681764,0.994241462008776,13.4321113457912,12.9842793402885
2022200,"Indústria química e petroquímica",FHER,2020,3,1.04875850858567,0.994536638762932,0.0373277449775068,0.95654468877113,14.1078061094371,12.9874919815478
2022200,"Indústria química e petroquímica",FHER,2020,4,1.10293808656254,0.991992980841225,0.042052748810888,0.933670612295255,14.5457960219442,12.9478377975781
2022200,"Indústria química e petroquímica",FHER,2021,1,1.27031937258085,0.997796958640619,0.0305647378726948,0.8698314970175,13.3794622288057,12.9543726569257
2022200,"Indústria química e petroquímica",FHER,2021,2,1.24690012335103,0.995350348344988,0.0357678077502407,0.877169129307569,13.956256180715,12.9944260393537
2022200,"Indústria química e petroquímica",FHER,2021,3,1.34657839806407,0.992571092262461,0.0416815373711229,0.843821529936211,14.6122376086233,13.0403100454799
2022200,"Indústria química e petroquímica",FHER,2021,4,1.43406768756295,0.990387038058863,0.0460964437506168,0.818229058830263,15.0728493084403,13.0487704364454
2022200,"Indústria química e petroquímica",FHER,2022,1,1.08697840886373,0.995954916789454,0.0351102143459258,0.938702849068292,13.9621014766682,13.0591327896688
2022200,"Indústria química e petroquímica",FHER,2022,2,1.03773106725595,0.993047376960742,0.0411536005932394,0.960470030281696,14.6145090548197,13.0901133019115
2022200,"Indústria química e petroquímica",FHER,2022,3,0.975484769259702,0.990245944916801,0.0468909479321743,0.991329071987609,15.2229126056944,13.1098088857379
2022200,"Indústria química e petroquímica",FHER,2022,4,0.956092311453149,0.987750232067339,0.0511185572803872,1.00405276779317,15.556189152172,13.0224019886386
2022200,"Indústria química e petroquímica",FHER,2023,1,0.77952677410878,0.994242043935032,0.0382190844004011,1.10898691370115,14.2398190386597,13.0237714934546
2022200,"Indústria química e petroquímica",FHER,2023,2,0.74813778542927,0.991931228093434,0.0430229083155046,1.13215675593044,14.7585060780109,13.0484818757273
2022200,"Indústria química e petroquímica",FHER,2023,3,0.820616437660358,0.989953258772884,0.047369438859635,1.08117245594875,15.2579101142479,13.0975028521324
2022200,"Indústria química e petroquímica",FHER,2023,4,0.836486702351111,0.98931807465636,0.0493593841512584,1.06995748795641,15.5586344860931,13.1838151711844
2022200,"Indústria química e petroquímica",FHER,2024,1,0.837785980037521,0.997731605250182,0.0326388383444343,1.06771570414673,13.8519885237995,13.1852876793283
2022200,"Indústria química e petroquímica",FHER,2024,2,0.816794352943145,0.995514694019783,0.0375999761199323,1.07996238312259,14.432872612349,13.2508655705791
2022200,"Indústria química e petroquímica",FHER,2024,3,0.867268803311711,0.992738337619645,0.0432734937694107,1.04806584052544,15.0328835408175,13.2689031732779
2022200,"Indústria química e petroquímica",NRTQ,2012,4,1.45430267695769,0.973617491542063,0.0488845898158832,0.848517918336197,11.2605455988548,9.41858282086264
2022200,"Indústria química e petroquímica",NRTQ,2013,1,0.995983272143419,0.981367740711065,0.0336354019169745,1.01135184617795,9.72463073838333,9.43813477449577
2022200,"Indústria química e petroquímica",NRTQ,2013,2,0.966557835341985,0.978539244978864,0.0398521726964373,1.03118623418047,10.439069666462,9.50838120819768
2022200,"Indústria química e petroquímica",NRTQ,2013,3,1.28256682329178,0.977266491732261,0.0434537700864416,0.897289654313861,10.950521002895,9.63551036534903
2022200,"Indústria química e petroquímica",NRTQ,2013,4,1.44893454009665,0.975936039621613,0.0462638250239552,0.846317132389037,11.2596087451552,9.6549936183481
2022200,"Indústria química e petroquímica",NRTQ,2014,1,0.65983694087724,0.984242889876343,0.0303985210775124,1.23852116885818,9.72654850998748,9.73284783795109
2022200,"Indústria química e petroquímica",NRTQ,2014,2,1.33003093204008,0.980868539271035,0.0380935898876496,0.876100046397267,10.6446650424585,9.84973688390778
2022200,"Indústria química e petroquímica",NRTQ,2014,3,1.36756939528809,0.979848285690205,0.0411099278272144,0.865275472470618,11.0851835788707,9.96699758636815
2022200,"Indústria química e petroquímica",NRTQ,2014,4,1.52000057393144,0.97848157953428,0.0443002131557239,0.822517389710692,11.4744247817252,10.0230789796222
2022200,"Indústria química e petroquímica",NRTQ,2015,1,2.05857377782258,0.986383029202207,0.0293421971917262,0.699630568314083,10.0476029747512,10.1129321497763
2022200,"Indústria química e petroquímica",NRTQ,2015,2,1.98509672853816,0.983611769740621,0.0364755056194404,0.714259790237284,10.9938089004781,10.3055616198924
2022200,"Indústria química e petroquímica",NRTQ,2015,3,1.83475640314166,0.984370262831405,0.0372182350557035,0.741820216863395,11.3714804478841,10.5729534063712
2022200,"Indústria química e petroquímica",NRTQ,2015,4,1.75682907227377,0.983895638259294,0.0387920318451956,0.758308490063551,11.6167077584904,10.6477651952022
2022200,"Indústria química e petroquímica",NRTQ,2016,1,1.94102355534413,0.992016653599223,0.0235257487135383,0.716968680602923,10.1756045590305,10.7528701318859
2022200,"Indústria química e petroquímica",NRTQ,2016,2,1.8436255980755,0.989004042468297,0.0301907928718058,0.736446962947882,10.9468489569312,10.8328683208294
2022200,"Indústria química e petroquímica",NRTQ,2016,3,1.60226485024088,0.988283078727275,0.032754877943031,0.789868024755673,11.3603286278372,10.9671114486136
2022200,"Indústria química e petroquímica",NRTQ,2016,4,1.40027389805968,0.988056184527972,0.0343155206379773,0.844495693125278,11.6684960197264,11.098880451668
2022200,"Indústria química e petroquímica",NRTQ,2017,1,1.31602263495628,0.995542361293484,0.0198384835317681,0.868736789922001,10.2445765789349,11.1477652868955
2022200,"Indústria química e petroquímica",NRTQ,2017,2,1.25633925934537,0.992084081592192,0.0267770186638651,0.889482927501601,10.9616061530286,11.1549704416508
2022200,"Indústria química e petroquímica",NRTQ,2017,3,1.27253887709211,0.989887032844037,0.0311077464918197,0.884624598416771,11.398868471215,11.1503628459239
2022200,"Indústria química e petroquímica",NRTQ,2017,4,1.3484373561876,0.988119206268219,0.0345087009251522,0.86036196027754,11.730931862074,11.1367127817865
2022200,"Indústria química e petroquímica",NRTQ,2018,1,1.62392348038271,0.994229008678238,0.0223439053224276,0.782126219658239,10.4862618721529,11.1351047801305
2022200,"Indústria química e petroquímica",NRTQ,2018,2,1.58321457070369,0.990636882824137,0.0295526206042022,0.792838874671171,11.2314294865894,11.1427832701845
2022200,"Indústria química e petroquímica",NRTQ,2018,3,1.66489131293282,0.988773628646872,0.0335221329047996,0.77379183152489,11.6723573540581,11.1741219448381
2022200,"Indústria química e petroquímica",NRTQ,2018,4,1.54910021163638,0.987568352320438,0.0359861125392077,0.802827361246323,11.9330672714943,11.1820692129453
2022200,"Indústria química e petroquímica",NRTQ,2019,1,1.18624255481705,0.994788076765553,0.0215999759495308,0.91485994620369,10.4595817822004,11.1788086754043
2022200,"Indústria química e petroquímica",NRTQ,2019,2,1.27441587044625,0.991292429486394,0.0285213775934657,0.883290896716989,11.1626014651671,11.1751517060162
2022200,"Indústria química e petroquímica",NRTQ,2019,3,1.30693845333398,0.989334081185728,0.0325081026913302,0.872996896539955,11.5822423518252,11.1860714292809
2022200,"Indústria química e petroquímica",NRTQ,2019,4,1.32941534279288,0.988113333347394,0.0352881224503383,0.866054040285272,11.9134833449721,11.2279018974273
2022200,"Indústria química e petroquímica",NRTQ,2020,1,1.39924485024843,0.994178926936045,0.0233129484333107,0.842095241612264,10.7018198165166,11.2383732172152
2022200,"Indústria química e petroquímica",NRTQ,2020,2,1.43267974180466,0.991401038458256,0.0295778777552687,0.832297355492699,11.4411272953829,11.3262943170943
2022200,"Indústria química e petroquímica",NRTQ,2020,3,1.51046443310467,0.989851715435177,0.0326901495644905,0.811127304765406,11.7632524411029,11.3299712928374
2022200,"Indústria química e petroquímica",NRTQ,2020,4,1.57960631082347,0.988205396092784,0.036033307364658,0.793931538883279,12.11405797656,11.3381591846206
2022200,"Indústria química e petroquímica",NRTQ,2021,1,1.57593526318946,0.995084401143102,0.022453972193553,0.792913047204759,10.7403183305028,11.350241405957
2022200,"Indústria química e petroquímica",NRTQ,2021,2,1.39377382230896,0.991348927899008,0.0301557705006983,0.843548063279044,11.5637456387039,11.3826242937869
2022200,"Indústria química e petroquímica",NRTQ,2021,3,1.44429038143092,0.989667410103235,0.0339289172572468,0.829027013033377,12.0067401817919,11.4335697955069
2022200,"Indústria química e petroquímica",NRTQ,2021,4,1.46166672069888,0.988664857641833,0.0362149328422059,0.824382969187031,12.2794591022042,11.4682672689207
2022200,"Indústria química e petroquímica",NRTQ,2022,1,1.1869155017314,0.996889338014386,0.0205258508586681,0.912598728455481,10.7660659116738,11.547594739871
2022200,"Indústria química e petroquímica",NRTQ,2022,2,1.34577486144428,0.993588039890441,0.0276561407417956,0.85657199711132,11.5702452105177,11.6146583766217
2022200,"Indústria química e petroquímica",NRTQ,2022,3,1.21561304381425,0.991748917509557,0.0315594068886239,0.901467018274407,12.0019579921137,11.6438290941716
2022200,"Indústria química e petroquímica",NRTQ,2022,4,1.15453261326613,0.990792582461832,0.0336988060048148,0.925144911935913,12.2523647578789,11.672029689995
2022200,"Indústria química e petroquímica",NRTQ,2023,1,1.5104741192373,0.99777214209631,0.0204587388129925,0.807904575354639,10.9855768509942,11.7481620471432
2022200,"Indústria química e petroquímica",NRTQ,2023,2,1.37591551982336,0.995246689526702,0.0262152672151699,0.845569181610441,11.672090281264,11.8353285666842
2022200,"Indústria química e petroquímica",NRTQ,2023,3,1.36330810267621,0.994278219162244,0.0284471235669173,0.849233343278431,11.941102173051,11.8716442064312
2022200,"Indústria química e petroquímica",NRTQ,2023,4,1.24641555237714,0.993327997260054,0.0306350175715205,0.887998932120533,12.2045943704197,11.9070488879673
2022200,"Indústria química e petroquímica",NRTQ,2024,1,0.963926216539944,1.00024500230904,0.0169824410100895,1.01088402477284,10.8236846036011,11.919408275044
2022200,"Indústria química e petroquímica",NRTQ,2024,2,1.04821828628656,0.996881019855848,0.0238187173101745,0.968084105346829,11.5416988773205,11.936742728033
2022200,"Indústria química e petroquímica",NRTQ,2024,3,1.14593961457203,0.994899600014833,0.0279359388582041,0.925560331343487,11.9860149200293,11.9577122471606
2022200,"Indústria química e petroquímica",NTCO,2003,4,1.38087835754649,0.992893243648343,0.0386625173471064,0.836244792541591,13.9849645161644,12.7578230073701
2022200,"Indústria química e petroquímica",NTCO,2004,1,1.37615372644925,1.00032823774658,0.024419313027892,0.837988524514304,12.6026359411443,12.8223910033927
2022200,"Indústria química e petroquímica",NTCO,2004,2,1.40414259148464,0.996552899965146,0.0321498985913715,0.828247886776964,13.4222351783164,12.8487762022093
2022200,"Indústria química e petroquímica",NTCO,2004,3,1.44146912430992,0.994466378849023,0.0364138590462536,0.817234764594947,13.8731932754442,12.8623474214009
2022200,"Indústria química e petroquímica",NTCO,2004,4,1.5075799075905,0.992829730033701,0.0397860731235536,0.799159318878673,14.2334408294416,12.8762708970184
2022200,"Indústria química e petroquímica",NTCO,2005,1,1.36210625859861,0.999685081728655,0.0262338980302008,0.841349118056576,12.8598107977066,12.885991613302
2022200,"Indústria química e petroquímica",NTCO,2005,2,1.42106345321639,0.998301784406414,0.0312105008093447,0.820355377077985,13.6665978314267,13.1503251203651
2022200,"Indústria química e petroquímica",NTCO,2005,3,1.47819807191087,0.996479705388583,0.0351111210966167,0.803629369426478,14.102229530284,13.1832076074816
2022200,"Indústria química e petroquímica",NTCO,2005,4,1.52711756603857,0.99483518836841,0.0385174866224655,0.790394078217751,14.4684466989996,13.1993287989012
2022200,"Indústria química e petroquímica",NTCO,2006,1,1.40156556841727,1.00235523309378,0.0238768700160567,0.826820681647773,13.0149155588447,13.2367847339215
2022200,"Indústria química e petroquímica",NTCO,2006,2,1.44018095619929,0.99858420228544,0.0317012358739485,0.813527950305008,13.8578161368688,13.2753261704877
2022200,"Indústria química e petroquímica",NTCO,2006,3,1.43792445115444,0.998303881492703,0.0339344244313037,0.811683363762999,14.3106102440156,13.4743567747647
2022200,"Indústria química e petroquímica",NTCO,2006,4,1.4279914272786,0.996878777320122,0.0371150067662757,0.813689305685944,14.6819898851203,13.5154907344409
2022200,"Indústria química e petroquímica",NTCO,2007,1,1.2877418115909,1.00458277717118,0.0221757854202565,0.860043122095651,13.2069657141519,13.5609340700904
2022200,"Indústria química e petroquímica",NTCO,2007,2,1.38888266011464,1.001009249743,0.0295339976996568,0.825436529268711,13.9924064775723,13.590762564596
2022200,"Indústria química e petroquímica",NTCO,2007,3,1.41930768416889,0.998873231534843,0.0337205278739486,0.815774147108143,14.4118773475389,13.5834445886247
2022200,"Indústria química e petroquímica",NTCO,2007,4,1.4325064791128,0.997226520932161,0.0370910251187531,0.81145731237528,14.7690367737275,13.5947873208253
2022200,"Indústria química e petroquímica",NTCO,2008,1,1.33901905670976,1.0048402314692,0.0222187357793187,0.842749599951625,13.2857514508371,13.6268521514813
2022200,"Indústria química e petroquímica",NTCO,2008,2,1.42314830277355,1.0010170660553,0.0300091145022457,0.81468771355452,14.1067238829484,13.6490413470745
2022200,"Indústria química e petroquímica",NTCO,2008,3,1.40913467320174,0.999405170541499,0.0338392650204611,0.817060396887134,14.581746016109,13.723203899321
2022200,"Indústria química e petroquímica",NTCO,2008,4,1.40635206682555,0.997523428458273,0.0375870828607772,0.817329380532341,14.9653755017775,13.7238433637129
2022200,"Indústria química e petroquímica",NTCO,2009,1,1.41301363828074,1.00501508984708,0.0230018221956266,0.818746119687277,13.5173534263455,13.7611694504461
2022200,"Indústria química e petroquímica",NTCO,2009,2,1.42778423171413,1.00146814517084,0.030389657939654,0.811579214237979,14.316879158317,13.8007959528144
2022200,"Indústria química e petroquímica",NTCO,2009,3,1.40536122017641,0.999807981859806,0.0341995175660655,0.816434532308263,14.7742394422477,13.8611464755815
2022200,"Indústria química e petroquímica",NTCO,2009,4,1.40171173447068,0.998101039355099,0.0377009303258431,0.816771441873377,15.1462656953246,13.8738106476776
2022200,"Indústria química e petroquímica",NTCO,2010,1,1.48169759144536,1.00526050311865,0.0234574868711396,0.798246725907128,13.6904215042989,13.8732636481714
2022200,"Indústria química e petroquímica",NTCO,2010,2,1.46958983606533,1.00132983578931,0.0313269364519789,0.798823883388075,14.501411209238,13.8794501291421
2022200,"Indústria química e petroquímica",NTCO,2010,3,1.4725383891957,0.999677355766425,0.0350518926802677,0.796587990283872,14.9407638019211,13.9315311498731
2022200,"Indústria química e petroquímica",NTCO,2010,4,1.43224087285719,0.99848754027836,0.0379807355793654,0.806390276950703,15.3154071102886,13.9983451406379
2022200,"Indústria química e petroquímica",NTCO,2011,1,1.34475547024324,1.00620665962363,0.0230607153803702,0.836202316672718,13.8489496986445,14.0496406800792
2022200,"Indústria química e petroquímica",NTCO,2011,2,1.47042517922122,1.00607518501443,0.0234810246142635,0.799285989353275,13.9131839531741,14.0685059342158
2022200,"Indústria química e petroquímica",NTCO,2011,3,1.38833847400992,1.00166839758,0.0332126714211184,0.817655830926335,15.0371290503587,14.183405924462
2022200,"Indústria química e petroquímica",NTCO,2011,4,1.42560693039322,1.00100405841882,0.0353811525311855,0.805058732695067,15.3722546574266,14.2840368915459
2022200,"Indústria química e petroquímica",NTCO,2012,1,1.37318500784317,1.00829234467543,0.020917155745938,0.826043811848368,13.8986560626729,14.2877243193177
2022200,"Indústria química e petroquímica",NTCO,2012,2,1.44328901024967,1.00411345523544,0.0289417628329925,0.8024550109016,14.6801190507691,14.2537039986178
2022200,"Indústria química e petroquímica",NTCO,2012,3,1.45724908884632,1.00230908776932,0.032721285424695,0.797078159445591,15.0918667689711,14.2763868823031
2022200,"Indústria química e petroquímica",NTCO,2012,4,1.42332471388289,1.00117399131331,0.0354668392210635,0.805025726883351,15.4378016204279,14.3343564506175
2022200,"Indústria química e petroquímica",NTCO,2013,1,1.35871439129715,1.01052228259456,0.0182708554355584,0.82973959747258,13.8680627833655,14.5001703599094
2022200,"Indústria química e petroquímica",NTCO,2013,2,1.4452991358768,1.00721146595192,0.0247566843921956,0.800974784635031,14.5174678809957,14.4884391259782
2022200,"Indústria química e petroquímica",NTCO,2013,3,1.38150017537908,1.00451687882433,0.0302729150709196,0.816553189300361,15.1021245162761,14.5071106188515
2022200,"Indústria química e petroquímica",NTCO,2013,4,1.40472090573226,1.00321019034643,0.0332462401256382,0.808124870964363,15.4561160301284,14.5515999303968
2022200,"Indústria química e petroquímica",NTCO,2014,1,1.28246561090103,1.01039788605216,0.0188799776502235,0.853162020875076,13.9787860826217,14.5431340334534
2022200,"Indústria química e petroquímica",NTCO,2014,2,1.32473983444685,1.00666078337191,0.0262285011985788,0.83534045271141,14.7183273567238,14.5331715102455
2022200,"Indústria química e petroquímica",NTCO,2014,3,1.37714711036158,1.00476101307371,0.0301203793491925,0.817398680298373,15.1311806943602,14.5466631784359
2022200,"Indústria química e petroquímica",NTCO,2014,4,1.35609913724445,1.00355361650998,0.0329501247753008,0.82196996680619,15.4777276144743,14.5975537313426
2022200,"Indústria química e petroquímica",NTCO,2015,1,1.17594413283656,1.01183725473761,0.0172837653032456,0.890355387357612,13.9854740752745,14.6935545311335
2022200,"Indústria química e petroquímica",NTCO,2015,2,1.22775264430778,1.00809266179608,0.0245988716950134,0.866739771076765,14.7151244715072,14.6778534858821
2022200,"Indústria química e petroquímica",NTCO,2015,3,1.21975791646373,1.00681926384138,0.0277871825795372,0.866802477975831,15.1287761595248,14.7557419026747
2022200,"Indústria química e petroquímica",NTCO,2015,4,1.23018321351002,1.00527698721914,0.0308943386679024,0.861559116088037,15.4515714950317,14.7604757761393
2022200,"Indústria química e petroquímica",NTCO,2016,1,1.06860509815725,1.01276610828759,0.0159521013802148,0.934340410322815,13.9185460694935,14.7548015881505
2022200,"Indústria química e petroquímica",NTCO,2016,2,1.17390916863872,1.00902764591713,0.0233306316416067,0.886250068534666,14.6648131113254,14.7480819469784
2022200,"Indústria química e petroquímica",NTCO,2016,3,1.17111580657257,1.00699260804658,0.0273592449443557,0.884984934569025,15.0739027520261,14.7458611389041
2022200,"Indústria química e petroquímica",NTCO,2016,4,1.14919167932678,1.00582810334074,0.0301837555824428,0.891075194251152,15.4306484907724,14.8062619672986
2022200,"Indústria química e petroquímica",NTCO,2017,1,0.983468033955189,1.01429685455377,0.0145263316118582,0.972782754903213,13.9898586846152,14.9470520265189
2022200,"Indústria química e petroquímica",NTCO,2017,2,1.03656623697591,1.01093693595427,0.0214221421240629,0.941389365680898,14.7230197701113,14.9724176802065
2022200,"Indústria química e petroquímica",NTCO,2017,3,1.06674155448765,1.01653744279206,0.0169144019634045,0.920835629348271,15.1513388400912,15.7599754439871
2022200,"Indústria química e petroquímica",NTCO,2017,4,1.07565438265691,1.01530832346658,0.0197740588061477,0.913510556145165,15.4991600194021,15.8092873349287
2022200,"Indústria química e petroquímica",NTCO,2018,1,1.09670525373181,1.0232163993912,0.0042464174016974,0.921830965444504,13.9395462290901,15.8330480476433
2022200,"Indústria química e petroquímica",NTCO,2018,2,1.0885923539763,1.01993853876594,0.0113178201187057,0.915638260965148,14.7360636972595,15.898653788059
2022200,"Indústria química e petroquímica",NTCO,2018,3,1.10274720641508,1.01776101121805,0.0156999367808252,0.904848338948784,15.1906697841903,15.9047612992516
2022200,"Indústria química e petroquímica",NTCO,2018,4,1.14124225612594,1.01611119821373,0.0190602611189668,0.886003559421905,15.5445990051035,15.9141628775673
2022200,"Indústria química e petroquímica",NTCO,2019,1,1.08782004321583,1.02379328982075,0.00369279326815636,0.92546885783947,13.9625722202629,15.9035656511434
2022200,"Indústria química e petroquímica",NTCO,2019,2,1.1207355169274,1.01938424709179,0.0121320826245071,0.901952804390907,14.7806315274906,15.8644320671137
2022200,"Indústria química e petroquímica",NTCO,2019,3,1.11571051868434,1.01757908765685,0.0160521305082251,0.899228397724558,15.2253633997656,15.9036188770206
2022200,"Indústria química e petroquímica",NTCO,2025,2,1.14433443938877,1.01590207794996,0.0195446200829149,0.884229962488296,15.6032621731308,15.9222940046362
2022200,"Indústria química e petroquímica",NTCO,2025,3,1.08959332922321,1.01882723636477,0.0180233328848884,0.899843059954143,16.023775520893,16.432591450699
2022200,"Indústria química e petroquímica",NUTR,2007,1,1.05658312639849,0.976017803887638,0.0418477149990372,0.989985693581325,10.2382213171044,9.14978110559903
2022200,"Indústria química e petroquímica",NUTR,2007,2,1.00533387934709,0.983045147861951,0.0277511865337528,1.00373366523194,8.78185737074308,9.1354743270502
2022200,"Indústria química e petroquímica",NUTR,2007,3,1.26421499187019,0.978239311370224,0.0372538374206053,0.901353655868028,9.74531792697121,9.12891058742281
2022200,"Indústria química e petroquímica",NUTR,2007,4,1.14868994701709,0.975731737399744,0.0421152233218055,0.949890537503285,10.2251447557816,9.11397915389459
2022200,"Indústria química e petroquímica",NUTR,2008,1,0.951635513352668,0.973949456619838,0.045564377082494,1.0473839270782,10.5647403000337,9.10263958969606
2022200,"Indústria química e petroquímica",NUTR,2008,2,0.8189009475863,0.981122651557064,0.0315015429097893,1.11491384433483,9.1552210361441,9.1267882251268
2022200,"Indústria química e petroquímica",NUTR,2008,3,1.01568389676677,0.976446168563239,0.040978695968348,1.00889261044339,10.1471453484751,9.14775222644564
2022200,"Indústria química e petroquímica",NUTR,2008,4,1.00643159520323,0.974238209180599,0.0452207787823447,1.0179345946783,10.5605587951896,9.13003840368085
2022200,"Indústria química e petroquímica",NUTR,2009,2,0.51205960781754,0.978631382338586,0.0362444204180972,1.41521697673724,9.61140047025877,9.10163241633188
2022200,"Indústria química e petroquímica",NUTR,2009,3,0.732198599434242,0.975125879223382,0.0432852469690204,1.19117875450563,10.3400033947093,9.1098320639624
2022200,"Indústria química e petroquímica",NUTR,2009,4,0.755283397534847,0.973129714828007,0.0471741560487847,1.17776096812941,10.7264557449195,9.10020057907881
2022200,"Indústria química e petroquímica",NUTR,2010,1,0.71439970771745,0.984753890492268,0.0264475841950692,1.18913768464646,8.92948433848686,9.38428213113378
2022200,"Indústria química e petroquímica",NUTR,2010,2,0.706958696934969,0.981035445777727,0.0339121759883233,1.20087433302983,9.70141799645786,9.3925131493697
2022200,"Indústria química e petroquímica",NUTR,2010,3,0.80309700818102,0.978246928831252,0.0396127205711959,1.13165030737063,10.3045711846484,9.4108882980843
2022200,"Indústria química e petroquímica",NUTR,2010,4,0.823275971455576,0.976215790596918,0.0435714429754626,1.12177310197419,10.6981906720215,9.40128732452854
2022200,"Indústria química e petroquímica",NUTR,2011,1,0.672850285582057,0.984059186733336,0.0278392851871285,1.22622253726179,9.07302114094098,9.38547758389005
2022200,"Indústria química e petroquímica",NUTR,2011,2,0.732607819628938,0.980464941823715,0.0349915915692964,1.18062397407637,9.80429871671118,9.38595549080266
2022200,"Indústria química e petroquímica",NUTR,2011,3,0.842887802628908,0.978342817524786,0.03907490641822,1.10434961891068,10.2030920110514,9.36966008984938
2022200,"Indústria química e petroquímica",NUTR,2011,4,0.827205144527628,0.977169035026473,0.0412408722098411,1.11701363974387,10.4018007832839,9.34965008341469
2022200,"Indústria química e petroquímica",NUTR,2012,3,0.553074004029563,0.991207379630373,0.0207594195374894,1.34543440794794,9.30637359850103,10.233128008094
2022200,"Indústria química e petroquímica",NUTR,2012,4,0.566371336219548,0.989101474581152,0.0240849105857136,1.3311277605424,9.53047572256163,10.1306528194997
2022200,"Indústria química e petroquímica",NUTR,2013,3,0.512379988512682,0.991995620619053,0.0177470657910161,1.39776324122118,8.80493935611407,10.0615338295193
2022200,"Indústria química e petroquímica",NUTR,2013,4,0.835518432993771,0.988584851367586,0.0247658801238993,1.09636007859979,9.55359947917184,10.0894972717732
2022200,"Indústria química e petroquímica",NUTR,2014,1,0.698132885620992,0.990153613438534,0.0219809064320259,1.1982608696383,9.31397230790052,10.1292873493047
2022200,"Indústria química e petroquímica",NUTR,2014,2,0.854686104441486,0.986497799888918,0.0293019351824862,1.0856600451068,10.0686911698324,10.1352614680892
2022200,"Indústria química e petroquímica",NUTR,2014,3,0.969173517392122,0.984352897339183,0.0334625872475179,1.02166753333864,10.4796803823605,10.1227711128612
2022200,"Indústria química e petroquímica",NUTR,2014,4,0.981085970857641,0.98282114873525,0.0361716265234952,1.01729488000785,10.7112382592427,10.0827052933061
2022200,"Indústria química e petroquímica",NUTR,2015,1,1.10938489869021,0.990309084580953,0.0199909293730374,0.95063525676813,8.88534418339269,9.92965203700121
2022200,"Indústria química e petroquímica",NUTR,2015,2,1.06727018880399,0.986248069460792,0.0282166455764417,0.971902718287168,9.74574022844787,9.94736323851105
2022200,"Indústria química e petroquímica",NUTR,2015,3,1.07146314388634,0.982241163032493,0.0344343114001516,0.974254534153968,10.1462145785069,9.73934831575509
2022200,"Indústria química e petroquímica",NUTR,2015,4,1.02404950240588,0.980254693070418,0.0378510717550335,0.999283496339434,10.4237191903289,9.67592702447659
2022200,"Indústria química e petroquímica",NUTR,2016,1,1.06062910707663,0.987968508656882,0.0225397172962744,0.973560354392382,8.86340560555111,9.67948864488396
2022200,"Indústria química e petroquímica",NUTR,2016,2,0.95880381435299,0.984305894404655,0.0295387665822709,1.02731186037066,9.54025238948054,9.64561290513836
2022200,"Indústria química e petroquímica",NUTR,2016,3,1.04301118219446,0.981823724614445,0.0343010628365077,0.987918799759234,10.0034449753414,9.62491306781045
2022200,"Indústria química e petroquímica",NUTR,2016,4,1.01567337319276,0.97902398965392,0.0387277623957814,1.00511482978263,10.3026958837747,9.48933627086366
2022200,"Indústria química e petroquímica",NUTR,2017,1,0.889376544339944,0.986892460969752,0.0236657704907688,1.06392835094981,8.84252021539156,9.55904936883927
2022200,"Indústria química e petroquímica",NUTR,2017,2,0.966767003393671,0.982206813607035,0.0325585842717394,1.02547811158309,9.69396686040161,9.50844315621883
2022200,"Indústria química e petroquímica",NUTR,2017,3,1.09741218060047,0.978070578455849,0.0393225583025571,0.968225529122965,10.1890114303854,9.33476602717058
2022200,"Indústria química e petroquímica",NUTR,2017,4,1.1209396645898,0.980208311739749,0.0381015486877141,0.95519869354803,10.4705218695836,9.69472129335852
2022200,"Indústria química e petroquímica",NUTR,2018,1,1.10526461140003,0.986408187568664,0.0254667840244721,0.954868624388222,9.13884886478303,9.65856973886761
2022200,"Indústria química e petroquímica",NUTR,2018,2,1.05268554719173,0.981127115949341,0.0353001053503485,0.984263354735532,10.0537189617606,9.57902020343322
2022200,"Indústria química e petroquímica",NUTR,2018,3,1.1048475942531,0.978205255084191,0.0406377416338937,0.965057293639422,10.535594061743,9.52279172407934
2022200,"Indústria química e petroquímica",NUTR,2018,4,1.12339828218519,0.976893574214761,0.0431952092093338,0.959271976748347,10.7900194685013,9.51670790307062
2022200,"Indústria química e petroquímica",NUTR,2019,1,1.05078151296213,0.984075834386337,0.0282736275384579,0.981314105811728,9.18006120787032,9.44099951276283
2022200,"Indústria química e petroquímica",NUTR,2019,2,1.0725863721112,0.978918667374213,0.0382803667949723,0.978125823712871,10.1689308024439,9.41131694847014
2022200,"Indústria química e petroquímica",NUTR,2019,3,1.1150303665232,0.975312339042369,0.0446359312076496,0.965432847559652,10.7087780690558,9.31430678913011
2022200,"Indústria química e petroquímica",NUTR,2019,4,1.03084390090902,0.984071044306104,0.036161434908994,0.990512273662804,11.0420653522472,10.3767488108793
2022200,"Indústria química e petroquímica",NUTR,2020,1,1.10105586697072,0.991201673491222,0.0219632383538129,0.953304079957207,9.58922193258625,10.3747646596271
2022200,"Indústria química e petroquímica",NUTR,2020,2,1.20191156537986,0.987903834515471,0.0284689054822411,0.914118412231958,10.246773236958,10.3684553438327
2022200,"Indústria química e petroquímica",NUTR,2020,3,1.21418309010231,0.985598047215562,0.0332097524984753,0.911211481228112,10.7519243458786,10.3868734500253
2022200,"Indústria química e petroquímica",NUTR,2020,4,1.14455149168,0.983958530089211,0.0366602681278702,0.940070456609727,11.1299038042684,10.4094196961342
2022200,"Indústria química e petroquímica",NUTR,2021,1,1.00686192699895,0.989157183694099,0.0263926770009651,0.997803837333744,10.0904757461229,10.4179194502724
2022200,"Indústria química e petroquímica",NUTR,2021,2,1.06530664055573,0.985492468982115,0.0338440088318604,0.972782462760111,10.8736020493949,10.4372677659418
2022200,"Indústria química e petroquímica",NUTR,2021,3,1.12332836569952,0.983039638973642,0.0387486140856977,0.949856421930896,11.3782335663047,10.4404015275667
2022200,"Indústria química e petroquímica",NUTR,2021,4,1.13607924131389,0.981699998422275,0.0415827818270875,0.946086046763224,11.6905675768865,10.4605782780401
2022200,"Indústria química e petroquímica",NUTR,2022,1,1.18178159075363,0.988603652999153,0.0281157604622173,0.921147270438292,10.3499308397671,10.4918234485277
2022200,"Indústria química e petroquímica",NUTR,2022,2,1.21566891080824,0.98397992985323,0.0374319495547975,0.911909116080547,11.3178980671636,10.5061319096401
2022200,"Indústria química e petroquímica",NUTR,2022,3,1.18474886561815,0.981939796432866,0.0416034519156059,0.9260036772318,11.7593828602735,10.5196791813949
2022200,"Indústria química e petroquímica",NUTR,2022,4,1.17793775925112,0.981369840122906,0.0432341674382715,0.929231388960343,11.9926392935171,10.5787319941286
2022200,"Indústria química e petroquímica",NUTR,2023,1,1.02388053452911,0.990480987693081,0.0253544133250071,0.988256948338374,10.1981533325347,10.6073117288248
2022200,"Indústria química e petroquímica",NUTR,2023,2,1.01888512016744,0.986030543590151,0.0343962116734179,0.993637874720674,11.1475010810701,10.6299616919583
2022200,"Indústria química e petroquímica",NUTR,2023,3,1.05222862839293,0.983291267010507,0.0399541624679122,0.980542964754918,11.7300983134607,10.6430318512135
2022200,"Indústria química e petroquímica",NUTR,2023,4,1.09000365483664,0.981812878083626,0.0429868748813245,0.965168134447724,12.0523414382953,10.6540153564818
2022200,"Indústria química e petroquímica",NUTR,2024,1,1.11880625349774,0.988303520347723,0.0302389848381568,0.946373556452746,10.7714668436645,10.6731129505157
2022200,"Indústria química e petroquímica",NUTR,2024,2,1.11621793669952,0.986127136604188,0.0347615569526087,0.949028146448528,11.2595566833068,10.6961733667391
2022200,"Indústria química e petroquímica",NUTR,2024,3,1.11809680308178,0.983767545529219,0.0395846662023009,0.95046585349542,11.7697953993657,10.7116525503911
2022200,"Indústria química e petroquímica",OPCT,2017,4,0.982666806029773,0.997984124238464,0.023385005776427,0.998185689776436,11.7333448499103,12.14580686854
2022200,"Indústria química e petroquímica",OPCT,2018,4,1.29486883104098,0.996877889459372,0.0252725448974979,0.869643166406989,11.8842917426342,12.1086828270756
2022200,"Indústria química e petroquímica",OPCT,2019,4,1.15561324679863,1.00016459097862,0.023555584029435,0.915964719231052,12.354973462626,12.681143754945
2022200,"Indústria química e petroquímica",OPCT,2020,1,1.9885460176622,1.0062475245382,0.0116491424654622,0.701578045957346,11.1641691265272,12.7038749278318
2022200,"Indústria química e petroquímica",OPCT,2020,2,1.61410940940239,1.00274360913606,0.0193680457433465,0.7752677584939,12.0533726445427,12.7929887521619
2022200,"Indústria química e petroquímica",OPCT,2020,3,1.39219353244851,1.00208217137132,0.0218581946245533,0.832884529211133,12.4652571067006,12.9325114504896
2022200,"Indústria química e petroquímica",OPCT,2020,4,1.23707101040832,1.00241470640057,0.0228384402746089,0.881468442236668,12.7854707835254,13.1274933457871
2022200,"Indústria química e petroquímica",OPCT,2021,1,1.30008479877508,1.01057825631922,0.00736864047492895,0.86689379445353,11.3076324153482,13.2184730666067
2022200,"Indústria química e petroquímica",OPCT,2021,2,1.17934276181898,1.0120769913692,0.00920014637138293,0.904436793473869,12.1398538302888,13.7900473238164
2022200,"Indústria química e petroquímica",OPCT,2021,3,1.0986253831508,1.01088540155127,0.0126276259811389,0.933240108704112,12.6318135258466,13.9156681636294
2022200,"Indústria química e petroquímica",OPCT,2021,4,1.13497272663111,1.01068142747137,0.0144654528484474,0.91514953549731,13.0115689159019,14.0857742038482
2022200,"Indústria química e petroquímica",OPCT,2022,1,1.13338095623669,1.01540670877713,0.00503655136894568,0.923757573452461,12.0440528496798,14.0820686054484
2022200,"Indústria química e petroquímica",OPCT,2022,2,1.03537447646923,1.01297271000605,0.0104547764472433,0.960763562015869,12.6750337584195,14.1506563559689
2022200,"Indústria química e petroquímica",OPCT,2022,3,1.15999094032122,1.01090082211461,0.0145979432127819,0.904442606676344,13.1013589755503,14.1533369087875
2022200,"Indústria química e petroquímica",OPCT,2022,4,1.20409053382204,1.00899361602082,0.0182265499881159,0.885493020973398,13.4500391118517,14.1338017966089
2022200,"Indústria química e petroquímica",OPCT,2023,1,1.52693498936754,1.01523465211023,0.00566755784625647,0.795088997344048,12.147239051241,14.1163731845156
2022200,"Indústria química e petroquímica",OPCT,2023,2,1.40304695985186,1.01131681297977,0.0137369826385827,0.822994438314033,13.0088876184985,14.1493422012857
2022200,"Indústria química e petroquímica",OPCT,2023,3,1.4447056709214,1.01005566556998,0.0171709148170953,0.807795215584674,13.4838268133933,14.259298349836
2022200,"Indústria química e petroquímica",OPCT,2023,4,1.42087619909145,1.00826562876763,0.020620677634019,0.812661568214114,13.8214983980148,14.2461989761919
2022200,"Indústria química e petroquímica",OPCT,2024,1,1.69862843812516,1.01431598708635,0.00867977612691706,0.750522669099766,12.6138689489565,14.2571421210061
2022200,"Indústria química e petroquímica",OPCT,2024,2,1.6777381339593,1.01198572498953,0.0138072539214214,0.751145006375924,13.2038259016457,14.315701107678
2022200,"Indústria química e petroquímica",OPCT,2024,3,1.59788286845947,1.01060448287643,0.0168650725982137,0.767406459749536,13.5579000088467,14.3526149382656
2022200,"Indústria química e petroquímica",RAIZ,2018,1,0.945936070495549,0.99385667085425,0.0544507923160382,0.975363886535293,17.971376879533,14.8606720155583
2022200,"Indústria química e petroquímica",RAIZ,2019,1,0.90448346217787,1.00190852985285,0.0458272799326965,0.979812684169778,18.0810108995281,15.7384412099407
2022200,"Indústria química e petroquímica",RAIZ,2020,1,0.899079180134465,1.00297522642108,0.0448690774184163,0.98013100907943,18.1390533734099,15.8766081399324
2022200,"Indústria química e petroquímica",RAIZ,2020,2,0.874073452688585,1.01190570849963,0.0269957832259579,1.00557098401818,16.2979261777116,15.8632778193346
2022200,"Indústria química e petroquímica",RAIZ,2020,3,0.890819319139284,1.00789740424246,0.0352185601756263,0.98935005523687,17.171681143695,15.8930914247868
2022200,"Indústria química e petroquímica",RAIZ,2020,4,0.894963599402353,1.00513115016887,0.0405064535191668,0.98453297823012,17.6832921367722,15.8677125840543
2022200,"Indústria química e petroquímica",RAIZ,2021,1,0.892424021381999,1.00415945677773,0.0430898129045758,0.983063146979266,18.0344778256598,15.9450169335768
2022200,"Indústria química e petroquímica",RAIZ,2021,2,0.883011189385162,1.01438985527595,0.0272619873052825,0.988604239738721,17.0231079234469,16.4817089400145
2022200,"Indústria química e petroquímica",RAIZ,2021,3,0.855435575013031,1.01660933950273,0.0281307831409737,0.990673066641849,17.8200740121214,17.1091940218765
2022200,"Indústria química e petroquímica",RAIZ,2021,4,0.85031852838934,1.01519898358142,0.0316892020360605,0.987975255928548,18.2846393553504,17.1986897061722
2022200,"Indústria química e petroquímica",RAIZ,2022,1,0.83733860992748,1.01421664872117,0.0341157602342121,0.991928970507789,18.5959478817398,17.2548561060121
2022200,"Indústria química e petroquímica",RAIZ,2022,2,0.861136312145861,1.02013408326755,0.0224950854256297,0.990613858023559,17.4285245328749,17.2724347936809
2022200,"Indústria química e petroquímica",RAIZ,2022,3,0.852409474844787,1.01674740432717,0.0292692627365984,0.987588610631518,18.125818490251,17.2770319565795
2022200,"Indústria química e petroquímica",RAIZ,2022,4,0.84545674288078,1.01501321606984,0.032825169993202,0.987633865662507,18.5034536062828,17.2897326850638
2022200,"Indústria química e petroquímica",RAIZ,2023,1,0.875439574040241,1.01373381711726,0.0352447715533267,0.968601209347513,18.7339185744261,17.2748994444404
2022200,"Indústria química e petroquímica",RAIZ,2023,2,0.857042592759204,1.02142592366679,0.0200236114505108,0.995957053096152,17.1891231225502,17.284045800828
2022200,"Indústria química e petroquímica",RAIZ,2023,3,0.86280568087272,1.01737443922541,0.0277265835303374,0.984069116045341,17.9285759756502,17.2419190031637
2022200,"Indústria química e petroquímica",RAIZ,2023,4,0.859028372823701,1.0156900496677,0.0314561268573047,0.981246718754105,18.3605047471262,17.2870070954635
2022200,"Indústria química e petroquímica",RAIZ,2024,1,0.853849683982338,1.01388390795321,0.034649000965072,0.982131145441312,18.6331995900501,17.2395912034866
2022200,"Indústria química e petroquímica",RAIZ,2024,2,0.874067114323539,1.02093197545154,0.0209570777446492,0.985103313931503,17.2779377909604,17.2782371187957
2022200,"Indústria química e petroquímica",RAIZ,2024,3,0.86684408129051,1.01703634583069,0.0284078232797126,0.980999021932121,17.9993613870983,17.2429683927561
2022200,"Indústria química e petroquímica",RPMG,1997,4,1.06431258891754,0.994062353771281,0.0318667489737857,0.958001438397592,12.6913443589804,12.2268206718742
2022200,"Indústria química e petroquímica",RPMG,1998,3,1.25535947322724,0.994932229909687,0.0295813485597586,0.882630192255417,12.3833979292125,12.1608550717781
2022200,"Indústria química e petroquímica",RPMG,1998,4,1.25788942611256,0.993167425686554,0.0328300436645344,0.882165161335539,12.6802999596352,12.1298342294377
2022200,"Indústria química e petroquímica",RPMG,1999,1,1.6898790606345,0.999099657476877,0.0204488018520378,0.762095625609634,11.3371583120246,12.0605713928268
2022200,"Indústria química e petroquímica",RPMG,1999,2,1.56736838422607,0.994800009239318,0.0286612474557173,0.79096163568487,12.1307975749666,12.0203357458869
2022200,"Indústria química e petroquímica",RPMG,1999,3,1.45768319732922,0.99087216089119,0.0355761992703706,0.821684767158684,12.7170645579694,11.9138168756521
2022200,"Indústria química e petroquímica",RPMG,1999,4,1.40109273706724,0.989977560722707,0.0380332236400583,0.837866193024935,13.0589608347988,11.994326868972
2022200,"Indústria química e petroquímica",RPMG,2000,1,1.19741431860977,0.995615667384381,0.0267398475470668,0.905241510034624,11.8943813669626,11.9847970709606
2022200,"Indústria química e petroquímica",RPMG,2000,2,1.21559120497299,0.991413150090023,0.0349911979717971,0.899138146421012,12.723106917192,11.9721269354104
2022200,"Indústria química e petroquímica",RPMG,2000,3,1.24613443485214,0.989048861442128,0.0395389834877137,0.889220329375974,13.1670554254695,11.9537946409444
2022200,"Indústria química e petroquímica",RPMG,2000,4,1.2341659463271,0.987271865134223,0.0429542119299903,0.89474057574202,13.5000459232676,11.9396738827082
2022200,"Indústria química e petroquímica",RPMG,2001,1,1.37930383434641,0.992749587403613,0.0315645034039735,0.844429452798266,12.2699504490669,11.8808156441856
2022200,"Indústria química e petroquímica",RPMG,2001,2,1.34428407311752,0.989399310151056,0.038229382744548,0.856509875776934,12.9511307679442,11.8810297650687
2022200,"Indústria química e petroquímica",RPMG,2001,3,1.36589700861334,0.987872251415357,0.0419519105699122,0.849943396344676,13.4233482782695,11.9624497383031
2022200,"Indústria química e petroquímica",RPMG,2001,4,1.35453788036222,0.985490693936823,0.046264825610621,0.85560101611093,13.8072109450643,11.9121412151217
2022200,"Indústria química e petroquímica",RPMG,2002,1,0.882398975327119,0.995059355053526,0.0277388917973077,1.05462245266705,11.982060161178,11.9720456285779
2022200,"Indústria química e petroquímica",RPMG,2002,2,0.90867094186649,0.992376197607796,0.0339382764403667,1.03866441824402,12.7311407168141,12.0745592502358
2022200,"Indústria química e petroquímica",RPMG,2002,3,0.913875394637204,0.99021645094983,0.0384055522582897,1.03635308463021,13.2106039138845,12.0949818648855
2022200,"Indústria química e petroquímica",RPMG,2002,4,0.884406602505908,0.987020305410314,0.0437882596623461,1.05679799001433,13.629998826209,11.9793144065971
2022200,"Indústria química e petroquímica",RPMG,2003,1,0.951881770746115,0.99012666552014,0.0375005273237694,1.0167013219043,12.9728785541524,11.9662774017441
2022200,"Indústria química e petroquímica",RPMG,2003,2,0.985797112944441,0.987370235475243,0.0431460265100546,1.00064153563814,13.5715834426578,11.9856941510455
2022200,"Indústria química e petroquímica",RPMG,2003,3,1.02082995548947,0.98588295403109,0.0460796292569618,0.984593953617208,13.8680437549049,11.9828052071673
2022200,"Indústria química e petroquímica",RPMG,2003,4,1.03914425089547,0.984537103877028,0.0486895570943552,0.977256358905525,14.1257516091594,11.9748808273791
2022200,"Indústria química e petroquímica",RPMG,2004,1,1.0564693976542,0.991391508829996,0.0350433434046374,0.964475053395668,12.7296550907431,11.9732083896342
2022200,"Indústria química e petroquímica",RPMG,2004,2,0.984178133773668,0.987934763883533,0.0419920704067853,1.00107473609799,13.4495013994737,11.9819866364922
2022200,"Indústria química e petroquímica",RPMG,2004,3,0.894140905596615,0.986150877797016,0.0459176645703413,1.05135793168155,13.9012151166053,12.0268574637536
2022200,"Indústria química e petroquímica",RPMG,2004,4,0.871221471283768,0.984538481797371,0.0489166960736528,1.06702470484226,14.1797744190895,12.0021849433798
2022200,"Indústria química e petroquímica",RPMG,2005,1,0.939947490256424,0.992342078301177,0.0334278130483465,1.02189567922048,12.6014609955502,12.0058687761989
2022200,"Indústria química e petroquímica",RPMG,2005,2,0.894043183760081,0.989020731698588,0.0400444164413513,1.04932864047524,13.2789506259855,12.0071829654515
2022200,"Indústria química e petroquímica",RPMG,2005,3,0.865348544505602,0.987695987080534,0.0426193424181134,1.06761009645123,13.53401718276,12.0000868230509
2022200,"Indústria química e petroquímica",RPMG,2005,4,0.712199458517146,0.985781980548086,0.0455018599900373,1.17985228935497,13.7046408523272,11.8903279307113
2022200,"Indústria química e petroquímica",RPMG,2006,1,0.644621041472385,0.997211510599755,0.0225671876720227,1.23532450913794,11.3341709563687,11.8661607659136
2022200,"Indústria química e petroquímica",RPMG,2006,2,0.662804027469819,0.993598388589718,0.0297567544650254,1.21810137159243,12.0692174741249,11.8666051042595
2022200,"Indústria química e petroquímica",RPMG,2006,3,0.721531084615641,0.991182271513303,0.0345430525566649,1.16825954367163,12.555690155363,11.8643592727185
2022200,"Indústria química e petroquímica",RPMG,2006,4,0.748275534261942,0.989282742770278,0.0378113981731886,1.14883668750888,12.8213151913796,11.8038474108594
2022200,"Indústria química e petroquímica",RPMG,2007,1,1.03422611029329,0.996764916631691,0.0231043447521133,0.975528912594587,11.3419934011565,11.824466290741
2022200,"Indústria química e petroquímica",RPMG,2007,2,0.964541709628157,0.993751349347407,0.0292854860128251,1.00990199441214,11.998673902877,11.846762648601
2022200,"Indústria química e petroquímica",RPMG,2007,3,0.690981008018086,0.991656727724646,0.0333209862216967,1.1939310188798,12.3935047681911,11.8312847879961
2022200,"Indústria química e petroquímica",RPMG,2007,4,0.691118826667638,0.99069973116542,0.035281403823062,1.19419179639224,12.6014556246868,11.8380704425934
2022200,"Indústria química e petroquímica",RPMG,2009,4,1.55610521760003,0.988773898714197,0.0359072224883766,0.798978906014738,12.2358422847673,11.4574767230785
2022200,"Indústria química e petroquímica",RPMG,2010,4,0.581584505879925,0.992365761201279,0.0406108274387698,1.28700890101453,14.304568033627,12.8646316786753
2022200,"Indústria química e petroquímica",RPMG,2011,1,0.611677197187751,0.998849526682799,0.0285077913252351,1.25388269823093,13.1741893262463,12.9586978760206
2022200,"Indústria química e petroquímica",RPMG,2011,2,0.648235342790717,0.996118533105067,0.0347116770431154,1.21571082629415,13.9115795507063,13.0504461237198
2022200,"Indústria química e petroquímica",RPMG,2011,3,0.634651374866149,0.994076044711109,0.0390758112450602,1.22804343424613,14.3979405486926,13.0863171024185
2022200,"Indústria química e petroquímica",RPMG,2011,4,0.638913412192512,0.990636522280927,0.0444447551481298,1.22793611110866,14.7491975071886,12.9115236627498
2022200,"Indústria química e petroquímica",RPMG,2012,3,0.523003110930855,0.992208491165974,0.0421217570265591,1.35472342487765,14.6195545424175,13.0069427927368
2022200,"Indústria química e petroquímica",RPMG,2012,4,0.537470981290953,0.989119688364996,0.0464827448918835,1.34184832076663,14.8262144794673,12.7952765734183
2022200,"Indústria química e petroquímica",RPMG,2015,1,0.553446634453206,0.996953195806259,0.0276566486326551,1.32615293787481,12.4675492114945,12.409645802636
2022200,"Indústria química e petroquímica",RPMG,2015,2,0.572715065063621,0.992920971945611,0.0354018529794418,1.30417128690187,13.2221133581447,12.3770849687516
2022200,"Indústria química e petroquímica",RPMG,2015,3,0.543151612632754,0.990155855327847,0.0406048633024747,1.34100998286122,13.7139762896548,12.3418927704451
2022200,"Indústria química e petroquímica",RPMG,2017,1,0.647204567102925,0.993494598121649,0.0323349691448544,1.229555286938,12.6505794139036,12.148316987081
2022200,"Indústria química e petroquímica",RPMG,2017,2,0.569003634418796,0.989807633299564,0.0395950741612365,1.31310183476087,13.3826014519003,12.1396961932314
2022200,"Indústria química e petroquímica",RPMG,2017,3,0.504093911657407,0.98774132002477,0.0436639690317434,1.39697967325225,13.792868190155,12.1348718929308
2022200,"Indústria química e petroquímica",RPMG,2018,2,0.667033464792009,0.989842028986526,0.0393458803866437,1.21300867057894,13.33290639227,12.1182230482411
2022200,"Indústria química e petroquímica",RPMG,2018,3,0.734331996822239,0.987793732640432,0.0437142613346229,1.1571926175737,13.8187221114014,12.1532264660404
2022200,"Indústria química e petroquímica",RPMG,2018,4,0.665820082954505,0.986302178565837,0.046961248776906,1.21634288277,14.1880719591427,12.1865507543639
2022200,"Indústria química e petroquímica",RPMG,2019,1,0.719376021901239,0.993622639478512,0.0324247333479131,1.16575859991668,12.7059208787087,12.1892251130073
2022200,"Indústria química e petroquímica",RPMG,2019,2,0.804031914911539,0.990469606104421,0.0388881194944826,1.10348850299541,13.3920910574181,12.2121002469863
2022200,"Indústria química e petroquímica",RPMG,2019,3,0.69961060995648,0.987982215359773,0.0440682474302938,1.18438291365553,13.9525931227066,12.2397954028731
2022200,"Indústria química e petroquímica",RPMG,2019,4,0.730079502280068,0.98670955422187,0.046992608324636,1.16000368807296,14.3040902046847,12.2865069949636
2022200,"Indústria química e petroquímica",RPMG,2020,1,0.62524595100829,0.992720662044938,0.0353426602769747,1.24895583086174,13.1547260714724,12.3227365084797
2022200,"Indústria química e petroquímica",RPMG,2020,2,0.601927425199566,0.989845082300167,0.0412228174356601,1.27405886792998,13.7770960668307,12.3418790568361
2022200,"Indústria química e petroquímica",RPMG,2020,3,0.644614503665465,0.987572164922466,0.0456681585847897,1.23306324790522,14.2212053523592,12.3329628403888
2022200,"Indústria química e petroquímica",RPMG,2020,4,0.624642541810537,0.986272729915828,0.0484759494148467,1.25360901630583,14.5380277287671,12.3595041243658
2022200,"Indústria química e petroquímica",RPMG,2021,1,0.936971645454597,0.994202424662784,0.032732404654317,1.01958406583746,12.933176400977,12.3627276001849
2022200,"Indústria química e petroquímica",RPMG,2021,2,0.864603171615497,0.990488020836055,0.0402347418940287,1.06232278959136,13.7151037410115,12.3763964154418
2022200,"Indústria química e petroquímica",RPMG,2021,3,0.779742298067649,0.988343881731088,0.0449643042125948,1.11933864604412,14.260686161186,12.4316591879102
2022200,"Indústria química e petroquímica",RPMG,2021,4,0.717855486001423,0.985917311557555,0.0499667371819746,1.16859253381764,14.7954279639949,12.4526156931348
2022200,"Indústria química e petroquímica",RPMG,2022,1,0.747771096066838,0.990863846792798,0.0404087675372253,1.14075071445498,13.8564115308057,12.4858451757362
2022200,"Indústria química e petroquímica",RPMG,2022,2,0.761258309109393,0.987538786220363,0.0476028944786655,1.13194603527615,14.6693353036757,12.554877875744
2022200,"Indústria química e petroquímica",RPMG,2022,3,0.692116974488287,0.985311899798715,0.052635472567199,1.18846268905435,15.2644357494707,12.6265847798566
2022200,"Indústria química e petroquímica",RPMG,2022,4,0.66946019968481,0.984527908249103,0.0547127463545009,1.20849618051555,15.5461155761141,12.6881178802604
2022200,"Indústria química e petroquímica",RPMG,2023,1,0.833873192122941,0.991315573411472,0.041448298775987,1.07717552128824,14.2224074878595,12.7160245561199
2022200,"Indústria química e petroquímica",RPMG,2023,2,0.762280759102009,0.988361490915133,0.0477083509851503,1.12775167279058,14.9135878035223,12.7617452998079
2022200,"Indústria química e petroquímica",RPMG,2023,3,0.693176330817084,0.986451770893074,0.0517660308614159,1.18392704119031,15.3629546207297,12.7925798514403
2022200,"Indústria química e petroquímica",RPMG,2023,4,0.647718718973727,0.985402754545332,0.0542160576627875,1.22529127946336,15.6620290225528,12.8357820554377
2022200,"Indústria química e petroquímica",RPMG,2024,1,0.786783408038994,0.992982280069378,0.0395335203264895,1.10610931709309,14.214453415698,12.8823095516906
2022200,"Indústria química e petroquímica",RPMG,2024,2,0.710868207020004,0.989685253426204,0.046455103062151,1.16446787987823,14.9704701130442,12.9255928467354
2022200,"Indústria química e petroquímica",RPMG,2024,3,0.698007898392383,0.986910615029733,0.0518849428834276,1.17753526273419,15.513376779815,12.9150932463586
2022200,"Indústria química e petroquímica",UNIP,1990,3,0.790924906478019,0.95670153655029,0.0198021285213347,1.06311578452323,-0.119361363936421,1.96835249049895
2022200,"Indústria química e petroquímica",UNIP,1990,4,0.851825854840737,0.955363508967091,0.0263693221931986,1.04531778088506,1.07522912565764,2.4323034943982
2022200,"Indústria química e petroquímica",UNIP,1991,1,0.922479428741962,0.958920205602187,0.0214896378310669,0.9988392568693,0.870786313564714,2.69288837735966
2022200,"Indústria química e petroquímica",UNIP,1991,2,0.835142342083442,0.958504873903965,0.0265872421324401,1.066975497014,1.96422594481439,3.20024964764318
2022200,"Indústria química e petroquímica",UNIP,1991,3,0.865986436373768,0.959201744068712,0.0292702758337215,1.05883640000294,2.78381262974486,3.68354592309043
2022200,"Indústria química e petroquímica",UNIP,1991,4,0.811665939314057,0.965418375773344,0.0263521387825307,1.10013573771294,3.75189747135549,4.80545294857765
2022200,"Indústria química e petroquímica",UNIP,1992,1,0.863182531444122,0.974860401529352,0.0124485115678082,1.05386354612301,2.98487940110766,5.38446145993094
2022200,"Indústria química e petroquímica",UNIP,1992,2,0.827993035449178,0.975603790963696,0.0169924716575371,1.08777805216442,4.25646213094375,6.0997797214596
2022200,"Indústria química e petroquímica",UNIP,1992,3,0.757791116814957,0.976229430573019,0.0207971317608477,1.14559213114881,5.32201195347155,6.69947180490233
2022200,"Indústria química e petroquímica",UNIP,1992,4,0.815166275936091,0.977326404580057,0.0233201827171169,1.10975997745229,6.21047870279163,7.25827971295259
2022200,"Indústria química e petroquímica",UNIP,1993,1,0.707985700490561,0.988063512943002,0.00804461543379138,1.18290889744045,5.46465878417052,7.98026316183197
2022200,"Indústria química e petroquímica",UNIP,1993,2,0.708522654950226,0.988068702099096,0.014998968939022,1.18844429663174,7.10882025443299,8.80749803210247
2022200,"Indústria química e petroquímica",UNIP,1993,3,0.760067481628281,0.989822917905998,0.0181926166844871,1.14865074175845,8.33092456269259,9.60121223205955
2022200,"Indústria química e petroquímica",UNIP,1993,4,0.794181833645204,0.992948864035888,0.0195402401151108,1.12153352220578,9.48267248047174,10.4996975728265
2022200,"Indústria química e petroquímica",UNIP,1994,1,0.833520796338539,1.00577958230911,0.00283337448529067,1.09518417775668,8.95692424369885,11.546236116332
2022200,"Indústria química e petroquímica",UNIP,1994,2,0.763986836830283,1.00692914209552,0.00929576551895776,1.1343648408234,10.7899734693621,12.5853643592315
2022200,"Indústria química e petroquímica",UNIP,1994,3,0.886163050694478,1.00604311721452,0.0125901323178271,1.04990961257508,11.3319555126273,12.767356069901
2022200,"Indústria química e petroquímica",UNIP,1994,4,0.96373385762077,1.00500534612815,0.0152564210677835,1.0047687338228,11.6851140511834,12.8389013541394
2022200,"Indústria química e petroquímica",UNIP,1995,1,1.08456820709846,1.0120389192494,0.00191873629189609,0.955315455513207,10.4096671619725,12.9161983281195
2022200,"Indústria química e petroquímica",UNIP,1995,2,1.00357982466172,1.00897988891491,0.00870098568534185,0.987304893728395,11.1962223065922,12.9991523837264
2022200,"Indústria química e petroquímica",UNIP,1995,3,0.98166464646451,1.00764385789961,0.0119340028297954,0.995563987155968,11.603736043097,13.0675554562614
2022200,"Indústria química e petroquímica",UNIP,1995,4,0.971730503464404,1.0067623727452,0.0139184743554157,0.9991829577497,11.8375010801501,13.0950356633216
2022200,"Indústria química e petroquímica",UNIP,1996,1,0.793192667219553,1.01413381218524,-0.000733460851723725,1.1186776983208,10.3416765800054,13.096043241411
2022200,"Indústria química e petroquímica",UNIP,1996,2,0.74392682300196,1.01074140409028,0.00606262019101363,1.14816719995176,11.0426172522236,13.1018886802438
2022200,"Indústria química e petroquímica",UNIP,1996,3,0.733504029035722,1.00931290761215,0.00912631569850428,1.15337814892575,11.3854811182349,13.1283379701275
2022200,"Indústria química e petroquímica",UNIP,1996,4,0.792191229288826,1.00804286857414,0.0117307320783056,1.10775103327252,11.6620990369477,13.1376672888712
2022200,"Indústria química e petroquímica",UNIP,1997,1,0.684637913405515,1.01430382491292,-0.00056652671061562,1.20350254954164,10.4264373409823,13.1560318919356
2022200,"Indústria química e petroquímica",UNIP,1997,2,0.575535077215906,1.01219290920118,0.00371979294529422,1.30734978015835,10.8761733530875,13.1664962800143
2022200,"Indústria química e petroquímica",UNIP,1997,4,0.775195562452408,1.00915929135049,0.00853419115115148,1.12331455336086,11.2046520805883,13.0217202002552
2022200,"Indústria química e petroquímica",UNIP,1998,1,1.11210069436971,1.01860187324007,-0.0101251807373831,0.95467901283193,9.31436618371288,13.0359925877039
2022200,"Indústria química e petroquímica",UNIP,1998,2,1.11891341698576,1.01536766032907,-0.00350609584724972,0.944684755872188,10.0156727092635,13.0581844976147
2022200,"Indústria química e petroquímica",UNIP,1998,3,1.02583735716236,1.01369778553702,1.12955505818246e-06,0.983076589287948,10.3989546627256,13.0802953160318
2022200,"Indústria química e petroquímica",UNIP,1998,4,1.01573425632263,1.01229470093578,0.00269687764799575,0.98559311904016,10.6616759593406,13.0690442171777
2022200,"Indústria química e petroquímica",UNIP,1999,1,1.32698953068431,1.01913838280905,-0.0107319288058012,0.874450057717483,9.31407714267339,13.0906614655049
2022200,"Indústria química e petroquímica",UNIP,1999,2,1.33262412400752,1.01527124168451,-0.00299338371220825,0.865008171368739,10.1110809196002,13.0963060063697
2022200,"Indústria química e petroquímica",UNIP,1999,3,1.29145998884216,1.01336073620837,0.00102340052189712,0.875112372900523,10.5505778371809,13.1220976020892
2022200,"Indústria química e petroquímica",UNIP,1999,4,1.18278887390115,1.01282501475574,0.00357546226171881,0.911254738680316,11.0106047569911,13.2986711309783
2022200,"Indústria química e petroquímica",UNIP,2000,1,1.19171109869286,1.01898103110248,-0.00822653824605249,0.918988215737204,9.86395639431976,13.3510712089584
2022200,"Indústria química e petroquímica",UNIP,2000,2,1.26011592104077,1.01587415472853,-0.00184787523028596,0.887126370365176,10.5424189392061,13.3747866265383
2022200,"Indústria química e petroquímica",UNIP,2000,3,1.1523555791417,1.01423073419579,0.00178244542811402,0.924007136816319,10.9618317873278,13.4177672890196
2022200,"Indústria química e petroquímica",UNIP,2000,4,1.06284428236832,1.01021243676667,0.00778626020614072,0.958730043296007,11.3087526556934,13.1816612159977
2022200,"Indústria química e petroquímica",UNIP,2001,1,1.21273635754262,1.01682741763663,-0.00504583343825132,0.908186967898658,10.0411371454713,13.2201290917328
2022200,"Indústria química e petroquímica",UNIP,2001,2,1.23286378442335,1.01287345257186,0.00260392350888911,0.893964573124518,10.7940189976552,13.1947179388745
2022200,"Indústria química e petroquímica",UNIP,2001,3,1.13105549749709,1.01129146453863,0.00591990642392085,0.930527612333441,11.1555565678731,13.2148746437203
2022200,"Indústria química e petroquímica",UNIP,2001,4,1.10770274174451,1.01031038511695,0.00830213485736374,0.938130862248394,11.4567280983059,13.2660723026193
2022200,"Indústria química e petroquímica",UNIP,2002,1,1.03087690805385,1.01767264762957,-0.00624319762707815,0.98610071120521,9.98363894907205,13.277573906022
2022200,"Indústria química e petroquímica",UNIP,2002,2,1.00296492712127,1.0140776849887,0.000935044698286189,0.992142294243488,10.7208518359011,13.2809628313734
2022200,"Indústria química e petroquímica",UNIP,2002,3,1.1214022590135,1.0113168085947,0.00671376466026599,0.933214543514553,11.3498410898735,13.3151526584081
2022200,"Indústria química e petroquímica",UNIP,2002,4,1.15589417932208,1.00985982881513,0.00994893267641293,0.916544577999777,11.7256167685641,13.3552403270534
2022200,"Indústria química e petroquímica",UNIP,2003,1,1.37498536384408,1.01549091702913,-0.000499830398385498,0.847697756676959,10.7586831024103,13.4443722182793
2022200,"Indústria química e petroquímica",UNIP,2003,2,1.33508202718922,1.01279849739195,0.00521275237694184,0.855259381155185,11.3903004862038,13.4868776043534
2022200,"Indústria química e petroquímica",UNIP,2003,3,1.21629026722186,1.01157123326925,0.00817197834043434,0.893298462465631,11.7621367937313,13.5484541412174
2022200,"Indústria química e petroquímica",UNIP,2003,4,1.17149346931819,1.01062445703008,0.0103138151932685,0.908383513016925,12.015667882269,13.5792022912989
2022200,"Indústria química e petroquímica",UNIP,2004,1,1.29721621555238,1.01572281857439,0.00062412929212223,0.870605895209725,11.0860154482809,13.6326519274921
2022200,"Indústria química e petroquímica",UNIP,2004,2,1.29572930583102,1.0114845831182,0.00941157666635101,0.863619169531622,12.0318565912167,13.6752196991925
2022200,"Indústria química e petroquímica",UNIP,2004,3,1.22592101105385,1.00904442133298,0.0147731990520102,0.883674091282705,12.6478235233504,13.7356285727575
2022200,"Indústria química e petroquímica",UNIP,2004,4,1.18599338835032,1.00704636217426,0.0188912784374844,0.895819128193351,13.0879059994238,13.7527693933067
2022200,"Indústria química e petroquímica",UNIP,2005,1,1.30752547685855,1.013258483083,0.00705083202057957,0.860428191027924,11.9471338642404,13.8138562125893
2022200,"Indústria química e petroquímica",UNIP,2005,2,1.26266666861178,1.01017792817564,0.0132404862498398,0.870937587369306,12.5879657582719,13.8213396905118
2022200,"Indústria química e petroquímica",UNIP,2005,3,1.20955993801999,1.00932225073024,0.0156187298769883,0.887514569197481,12.921629399651,13.9016868771402
2022200,"Indústria química e petroquímica",UNIP,2005,4,1.17870723510502,1.00864043834073,0.0174852589684227,0.89725551464782,13.1807684698397,13.9623256664419
2022200,"Indústria química e petroquímica",UNIP,2006,1,1.09584401074192,1.01602980230105,0.00297484926856773,0.942291047447957,11.7231543996662,13.9843772366551
2022200,"Indústria química e petroquímica",UNIP,2006,2,1.0721216744128,1.01226301246894,0.0101428051834929,0.946387853738903,12.4121265625563,13.9459548569147
2022200,"Indústria química e petroquímica",UNIP,2006,3,1.01390624587092,1.01033742827321,0.014220512012262,0.969609804774105,12.8619946593889,13.975420644238
2022200,"Indústria química e petroquímica",UNIP,2006,4,1.02243246977591,1.00899680865948,0.0171499189746397,0.963122361559874,13.19656533317,14.0066782347097
2022200,"Indústria química e petroquímica",UNIP,2007,1,0.978340804344199,1.01594174268895,0.00364146209909628,0.996066820962329,11.8571460894373,14.0427530228428
2022200,"Indústria química e petroquímica",UNIP,2007,2,0.929676816854233,1.01364485718771,0.00915768070327706,1.01508138582853,12.5478310801973,14.1553693380542
2022200,"Indústria química e petroquímica",UNIP,2007,3,0.917604772968522,1.01262891768752,0.0120673109290129,1.01786435075605,12.9642929810824,14.2609748287194
2022200,"Indústria química e petroquímica",UNIP,2007,4,0.869978021785777,1.01084251157867,0.0153828003682483,1.04275443955498,13.2712140895826,14.2327846770898
2022200,"Indústria química e petroquímica",UNIP,2008,1,0.570599265899209,1.02228661891874,-0.00703700871996947,1.31902658748838,11.0262531612481,14.2732143072455
2022200,"Indústria química e petroquímica",UNIP,2013,4,1.1396999662499,1.01123706097791,0.00985609009084722,0.920548398596134,12.0708690057652,13.6695467344049
2022200,"Indústria química e petroquímica",UNIP,2014,1,1.63469411321787,1.01323271061442,0.0072321234056285,0.76928732088158,11.9830878559876,13.8293011974629
2022200,"Indústria química e petroquímica",UNIP,2014,2,1.4765554943535,1.00969680814372,0.0142745747577116,0.804683939455458,12.7039698253572,13.8305128063658
2022200,"Indústria química e petroquímica",UNIP,2014,3,1.44065023689792,1.00760446768129,0.018258692152705,0.812596228675267,13.087271070164,13.8094707721233
2022200,"Indústria química e petroquímica",UNIP,2014,4,1.47906077161498,1.00623587860686,0.0209275848785736,0.800743866874082,13.3528453628243,13.8031785404477
2022200,"Indústria química e petroquímica",UNIP,2015,1,1.83161093029609,1.01292210213245,0.00733273702959872,0.727090437902979,11.9240437947994,13.7678788077243
2022200,"Indústria química e petroquímica",UNIP,2015,2,1.83880247941249,1.0095975801695,0.0139621502964562,0.721700473881912,12.6037128289451,13.7699644072737
2022200,"Indústria química e petroquímica",UNIP,2015,3,1.71237040276996,1.00703281206854,0.0187598784083326,0.745743614638436,13.0532537023104,13.7339614003646
2022200,"Indústria química e petroquímica",UNIP,2015,4,1.69156745714494,1.00550833819124,0.0218856031863427,0.748882390134086,13.3851817775059,13.7451062024093
2022200,"Indústria química e petroquímica",UNIP,2016,1,1.80213523988267,1.01203482152845,0.00896589359212915,0.732056042140136,12.0732750458994,13.7522622720618
2022200,"Indústria química e petroquímica",UNIP,2016,2,1.7519018558408,1.00872772124084,0.0155203244406381,0.738714934254389,12.7398763028845,13.7495571728052
2022200,"Indústria química e petroquímica",UNIP,2016,3,1.72923618290051,1.00665917923586,0.0195569071190274,0.741689621516355,13.1419159577551,13.7403684879926
2022200,"Indústria química e petroquímica",UNIP,2016,4,1.71436848621186,1.00937519663321,0.017627638948391,0.742249686974564,13.4102957567267,14.1528037467977
2022200,"Indústria química e petroquímica",UNIP,2017,1,1.98758224987323,1.01684088201298,0.00336261732811972,0.697923750607818,12.0309960350177,14.2220303603535
2022200,"Indústria química e petroquímica",UNIP,2017,2,1.97372591969932,1.01346987843157,0.010098071364574,0.695540168646166,12.7233218723114,14.2257310141278
2022200,"Indústria química e petroquímica",UNIP,2017,3,2.00661571196851,1.01158559105455,0.0139424999303653,0.687377842685115,13.1290944291624,14.2372442402666
2022200,"Indústria química e petroquímica",UNIP,2017,4,2.08081820600867,1.00994384863945,0.0170024567709254,0.673555272455776,13.4142216491837,14.2128758798582
2022200,"Indústria química e petroquímica",UNIP,2018,1,3.13928614126635,1.01691286097698,0.00324248801997712,0.555395247119908,12.0218090413824,14.2247649868527
2022200,"Indústria química e petroquímica",UNIP,2018,2,3.01860450816035,1.01305464236809,0.0105067597836951,0.562503431688733,12.7091573985134,14.1761850249372
2022200,"Indústria química e petroquímica",UNIP,2018,3,2.8599862218619,1.01095462703452,0.0147482211974753,0.575734498525807,13.1512030129521,14.1838962579416
2022200,"Indústria química e petroquímica",UNIP,2018,4,2.67948009331549,1.0105372917148,0.0164333292402165,0.593302559126995,13.437998481888,14.2854621696071
2022200,"Indústria química e petroquímica",UNIP,2019,1,1.91360893295344,1.0164483895649,0.00455926076782169,0.710025804134064,12.2090283047628,14.2714469427293
2022200,"Indústria química e petroquímica",UNIP,2019,2,1.88408725149674,1.01188181769902,0.012570065950745,0.710940626830071,12.8838709768637,14.1442077981972
2022200,"Indústria química e petroquímica",UNIP,2019,3,1.77293351182036,1.0094792032589,0.0169278507737739,0.730768060778375,13.2727189212618,14.094254582559
2022200,"Indústria química e petroquímica",UNIP,2019,4,1.59103443147985,1.00920135784804,0.0186402744157333,0.769172979320418,13.6031563585702,14.2320156466061
2022200,"Indústria química e petroquímica",UNIP,2020,1,1.0200018315469,1.01457728471244,0.00746982676498199,0.970488310881265,12.3977156708809,14.175153887185
2022200,"Indústria química e petroquímica",UNIP,2020,2,1.37083463387365,1.0114061138021,0.0135825350981689,0.8326888657221,12.9962120500102,14.1520924721421
2022200,"Indústria química e petroquímica",UNIP,2020,3,1.52512773654689,1.01042070837617,0.0164046852871659,0.78671923480692,13.4001498452129,14.2545202987935
2022200,"Indústria química e petroquímica",UNIP,2020,4,1.4957302271163,1.0104530552684,0.0176526857421025,0.792116646526562,13.703580213387,14.4103936607057
2022200,"Indústria química e petroquímica",UNIP,2021,1,1.96021966170169,1.01893724355623,0.00198353910114063,0.701725672001177,12.2641369209258,14.5534379416308
2022200,"Indústria química e petroquímica",UNIP,2021,2,2.12805652820251,1.01581338817336,0.00873636801195213,0.667898548762632,13.0264592695396,14.6175843901538
2022200,"Indústria química e petroquímica",UNIP,2021,3,2.17149374964504,1.01628611124577,0.0101432666056707,0.658043904856336,13.4848336949574,14.89635797558
2022200,"Indústria química e petroquímica",UNIP,2021,4,2.20706582977182,1.01561150488855,0.012439407547648,0.650202724906577,13.8473781492108,15.0097264970064
2022200,"Indústria química e petroquímica",UNIP,2022,1,3.95750931843055,1.02242956361894,-0.00066283329076107,0.49306523129141,12.5700902451222,15.0640790708742
2022200,"Indústria química e petroquímica",UNIP,2022,2,4.00331942277886,1.02007125489088,0.00493597885893546,0.486017727341253,13.2639096849396,15.1719959259375
2022200,"Indústria química e petroquímica",UNIP,2022,3,3.57311720964102,1.01797898909757,0.00930094739947249,0.511564100858728,13.7371966232762,15.1962074391322
2022200,"Indústria química e petroquímica",UNIP,2022,4,3.4861357030164,1.01648933158829,0.0122463762706181,0.516203322737963,14.0358170550433,15.194161871769
2022200,"Indústria química e petroquímica",UNIP,2023,1,3.85238196710464,1.02400825575986,-0.00253477970264075,0.500317151280382,12.548788538471,15.2146604270583
2022200,"Indústria química e petroquímica",UNIP,2023,2,3.30344408327989,1.0207302621425,0.00418555962915956,0.535130914783242,13.2623413166244,15.2385369086054
2022200,"Indústria química e petroquímica",UNIP,2023,3,2.86140961306567,1.01908804050437,0.00773564382275094,0.572173244746662,13.6631201065256,15.2722706252508
2022200,"Indústria química e petroquímica",UNIP,2023,4,2.42771897976851,1.01701339291685,0.0114519896442658,0.618876879556724,13.9878846532426,15.2236032648832
2022200,"Indústria química e petroquímica",UNIP,2024,1,1.93332165665912,1.02450135293724,-0.00306159881316384,0.706412436020978,12.5558063774486,15.2685679289766
2022200,"Indústria química e petroquímica",UNIP,2024,2,1.95470123661772,1.02139322922205,0.00343350516817059,0.695813375098044,13.2614423986419,15.3058190676214
2022200,"Indústria química e petroquímica",UNIP,2024,3,2.02234137278469,1.01982064914322,0.00693235635434483,0.680611378748834,13.6686859078622,15.3499184770368
2022200,"Indústria química e petroquímica",VITT,2018,4,1.28854548512897,0.985408165747523,0.0415494071385618,0.8811211929884,12.6713179867452,11.3325684441712
2022200,"Indústria química e petroquímica",VITT,2019,4,1.29812554382949,0.98919100161592,0.0376975559075745,0.872527428778986,12.7699639302038,11.7686543345849
2022200,"Indústria química e petroquímica",VITT,2020,1,1.08364944627577,0.998807944009327,0.019568328728739,0.953055774659202,11.0513966313028,11.8870830519255
2022200,"Indústria química e petroquímica",VITT,2020,2,1.09810287976263,0.995741356211012,0.0262631542457422,0.945525674182056,11.8152853538082,11.9578680180168
2022200,"Indústria química e petroquímica",VITT,2020,3,1.3021703597238,0.994431335834077,0.0305543291261522,0.866660058180974,12.4796949406557,12.1580989583027
2022200,"Indústria química e petroquímica",VITT,2020,4,1.31877978856679,0.993997914181677,0.0328512641934077,0.859735857338571,12.9067292258379,12.3285351681779
2022200,"Indústria química e petroquímica",VITT,2021,1,1.21694753395946,1.00168211471833,0.0178340530959044,0.896625650531069,11.4080033906274,12.3600381540714
2022200,"Indústria química e petroquímica",VITT,2021,2,1.07901865977336,0.99757535201165,0.0254780943462482,0.951021277256638,12.118797693444,12.2978538029263
2022200,"Indústria química e petroquímica",VITT,2021,3,1.51807899087912,0.994716051180231,0.0315729137794154,0.801126087088456,12.7962159674446,12.3463384930977
2022200,"Indústria química e petroquímica",VITT,2021,4,1.54394726079708,0.992207354111594,0.036145535127171,0.795117602840183,13.2075305487416,12.2968435100324
2022200,"Indústria química e petroquímica",VITT,2022,1,1.36938758452604,1.0004856761595,0.0201382672949305,0.844711099276268,11.6333292802704,12.3510968344892
2022200,"Indústria química e petroquímica",VITT,2022,2,1.19276471970636,0.998148131918112,0.0260405872434932,0.902721992399073,12.4043802501822,12.499968127213
2022200,"Indústria química e petroquímica",VITT,2022,3,1.58308496080645,0.995488911427441,0.0315474621470859,0.782973173624811,12.9962559335786,12.5258827919378
2022200,"Indústria química e petroquímica",VITT,2022,4,1.59889863265605,0.993856906492785,0.0347765828111508,0.779157981171393,13.3239396422965,12.5239072206475
2022200,"Indústria química e petroquímica",VITT,2023,1,1.20497392637679,1.00211068038527,0.0188064747582803,0.899181326333127,11.7519715846989,12.5767753905363
2022200,"Indústria química e petroquímica",VITT,2023,2,0.880760056664299,1.00143351406596,0.0218873619357615,1.04867252420665,12.299208608437,12.7827480713915
2022200,"Indústria química e petroquímica",VITT,2023,3,1.28762105173016,0.998512008551402,0.0279797985584891,0.865690662317862,12.9594796208947,12.8162555667334
2022200,"Indústria química e petroquímica",VITT,2023,4,1.31228880082585,0.996809105593745,0.0315013063359491,0.856958901896466,13.3373297619939,12.8322607748985
2022200,"Indústria química e petroquímica",VITT,2024,1,0.951063459792821,1.00547021912625,0.0146649621958369,1.01141586102251,11.669337647386,12.8784640158394
2022200,"Indústria química e petroquímica",VITT,2024,2,0.742612287950507,1.00215819166462,0.0213804521436688,1.14102384473946,12.3726711284226,12.8937249322752
2022200,"Indústria química e petroquímica",VITT,2024,3,1.05151837374903,0.999239416112073,0.0275771758235568,0.956714974272019,13.0583049735254,12.940264088547
2022240,"Metalurgia, siderurgia e produtos de minerais não-metálicos",CSNA,1989,4,3.60670261020842,0.243793178351205,-0.25136782448938,0.758539314140981,1.82488612983096,3.26156871917151
2022240,"Metalurgia, siderurgia e produtos de minerais não-metálicos",ETER,1992,1,6.79223866055645,0.289915207249621,-0.225737592693736,0.853412702094377,2.55720125831507,3.92608377624221
2022240,"Metalurgia, siderurgia e produtos de minerais não-metálicos",FESA,1991,4,3.19496704943809,0.130690467218417,-0.0125398520645754,1.06646881782275,3.20337421251642,3.74144304115054
2022240,"Metalurgia, siderurgia e produtos de minerais não-metálicos",FESA,1992,1,9.83357419970151,0.407821791545061,-0.342867598151435,0.878819389052475,2.50741840962403,4.3477034181618
2022240,"Metalurgia, siderurgia e produtos de minerais não-metálicos",GGBR,1990,1,0.507947908152705,0.119181718803325,-0.240662547964379,0.762137441665105,0.687602292542693,2.02524741657983
2022240,"Metalurgia, siderurgia e produtos de minerais não-metálicos",GGBR,1990,4,0.547348667607733,0.0160790500961268,0.105032795729283,0.949547998590141,3.2908670506084,3.35759059758733
2022240,"Metalurgia, siderurgia e produtos de minerais não-metálicos",GGBR,1991,1,5.61840790025578,0.316471880199358,-0.276165358197424,0.885978903388236,2.29297367898208,3.85291065500269
2022240,"Metalurgia, siderurgia e produtos de minerais não-metálicos",GGBR,1991,2,7.31137810575007,0.206959600349951,-0.0852173762293459,0.893678369023115,3.20367729533312,4.03577327492282
2022240,"Metalurgia, siderurgia e produtos de minerais não-metálicos",GOAU,1990,1,0.611872906836039,0.717851630336748,-1.27782332212836,0.284901805102514,-4.22050898629078,1.07239346634528
2022240,"Metalurgia, siderurgia e produtos de minerais não-metálicos",GOAU,1990,3,0.831438927306097,0.510327014321774,-0.900936366850948,0.379099744169259,-2.33645592790011,1.52409797069073
2022240,"Metalurgia, siderurgia e produtos de minerais não-metálicos",GOAU,1990,4,2.08689409190131,0.607375804496066,-0.916478461982474,0.472457626211131,-1.52653535802335,2.43658137191719
2022240,"Metalurgia, siderurgia e produtos de minerais não-metálicos",GOAU,1991,1,3.35899286731134,0.94129911183706,-1.34577873754116,0.542787771482337,-2.69423428196491,2.94836902273431
2022240,"Metalurgia, siderurgia e produtos de minerais não-metálicos",GOAU,1991,2,4.50364133997433,0.814101061201352,-1.12540742930804,0.526572631451868,-1.65133379065277,3.15087632411085
2022240,"Metalurgia, siderurgia e produtos de minerais não-metálicos",GOAU,1991,3,8.09011533914766,0.76890472313426,-0.996732354957203,0.525250491733105,-0.750746069277064,3.57504842809496
2022240,"Metalurgia, siderurgia e produtos de minerais não-metálicos",KEPL,1992,1,1.44377420465072,0.361276465414514,-0.460463144747692,0.981739512801446,0.803188070109906,3.03568653346144
2022240,"Metalurgia, siderurgia e produtos de minerais não-metálicos",KEPL,1992,2,2.81194726563404,0.240245168577682,-0.205135429325912,1.04527214217015,2.27575992746569,3.54750632643905
2022240,"Metalurgia, siderurgia e produtos de minerais não-metálicos",KEPL,1992,3,5.17163771861343,0.234898828918719,-0.120429808845071,1.09562259452593,3.11341498728941,4.08353752768644
2022240,"Metalurgia, siderurgia e produtos de minerais não-metálicos",NORD,1992,1,1.38355855354341,0.0762421735355489,-0.0330410201522197,0.872557497863097,2.44151034979325,3.02518198198094
2022240,"Metalurgia, siderurgia e produtos de minerais não-metálicos",NORD,1999,1,0.599273596316382,1.14949888486378,-0.683705950702737,36.7999999936393,6.36053507767023,9.76847297596646
2022240,"Metalurgia, siderurgia e produtos de minerais não-metálicos",NORD,1999,3,9.68673289242181,0.861894765129344,-0.243861809453243,7.97727272612142,8.10378632193899,9.81778671114673
2022240,"Metalurgia, siderurgia e produtos de minerais não-metálicos",NORD,2000,2,6.06241278692857,1.05238407292159,-0.535632005217431,10.793478258532,6.94446717075015,9.78199558008177
2022240,"Metalurgia, siderurgia e produtos de minerais não-metálicos",NORD,2002,4,3.07795768375645,0.768989328174929,-0.143397832100058,13.1672727270568,8.22898352167615,9.54269828134879
2022240,"Metalurgia, siderurgia e produtos de minerais não-metálicos",PMAM,1990,1,0.680476598163158,0.433597616270148,-0.715204953677135,0.644064241989248,-1.15181011763608,2.01542998194038
2022240,"Metalurgia, siderurgia e produtos de minerais não-metálicos",PMAM,1990,3,0.544146082365521,0.270132989695845,-0.384234115452508,1.21625673085407,0.69105594895859,2.60967995132254
2022240,"Metalurgia, siderurgia e produtos de minerais não-metálicos",PMAM,1990,4,1.24040778185703,0.238747998720622,-0.273618024389068,1.11790800836135,1.54016093902259,3.05290300012369
2022240,"Metalurgia, siderurgia e produtos de minerais não-metálicos",PMAM,1991,1,1.96752501376697,0.493031204259487,-0.587649022196485,1.11374755375599,0.786501319472099,3.53270446099638
2022240,"Metalurgia, siderurgia e produtos de minerais não-metálicos",PMAM,1991,2,2.36848811812944,0.436749915128029,-0.474623748675495,1.19023100477262,1.41123153843602,3.73081158036987
2022240,"Metalurgia, siderurgia e produtos de minerais não-metálicos",PMAM,1991,3,4.38180597985669,0.449162728187084,-0.433451178021862,1.13985644140742,1.96896170323237,4.14931100070695
2022240,"Metalurgia, siderurgia e produtos de minerais não-metálicos",PMAM,1999,2,6.76887932977071,1.7953793685686,-1.08698864216777,46.918181825942,8.59570932998355,13.7446312108792
2022240,"Metalurgia, siderurgia e produtos de minerais não-metálicos",PMAM,1999,3,1.57299240521205,1.70024607423852,-0.949070629948395,77.2000000295261,9.09265534400439,13.7079903671081
2022240,"Metalurgia, siderurgia e produtos de minerais não-metálicos",TASA,1992,1,4.06949237512323,0.247994424851833,-0.239402705907321,0.7794775306159,1.99292540499303,3.38943824252785
2022240,"Metalurgia, siderurgia e produtos de minerais não-metálicos",TASA,1992,2,9.21324757973336,0.173022646676354,-0.0450258979697745,0.750787803736616,3.28616897964144,3.95971520476902
2022240,"Metalurgia, siderurgia e produtos de minerais não-metálicos",USIM,1990,4,3.01102152340557,0.0299520110919421,0.169752410680295,0.791609629629067,4.11100797911393,3.95610154176743
2022270,"Máquinas, equipamentos e aparelhos diversos",BDLL,1990,4,0.539485963237312,0.351412664449365,0.281572199932057,0.8867249394521,0.714211136556327,0.955211868235713
2022270,"Máquinas, equipamentos e aparelhos diversos",BDLL,1991,2,0.535067018570885,0.372393666921553,0.235731907104047,0.876711959267149,0.867815167952875,1.6779665935347
2022270,"Máquinas, equipamentos e aparelhos diversos",BDLL,1991,3,0.915302982743846,0.413661501310142,0.221086165125478,0.839935130619858,1.59869783795751,2.10512408729552
2022270,"Máquinas, equipamentos e aparelhos diversos",BDLL,1991,4,1.55737902389325,0.480053350438365,0.169971083446619,0.829880508390958,2.61811195154234,3.15515972640837
2022270,"Máquinas, equipamentos e aparelhos diversos",BDLL,1992,1,1.08952414212308,0.473658020204628,0.109635740809112,0.826836758212574,2.14940433194346,3.91335834666306
2022270,"Máquinas, equipamentos e aparelhos diversos",BDLL,1992,2,2.07022160076666,0.55388350051383,0.0926159871358498,0.89942714152709,3.63527283948424,4.59296048492823
2022270,"Máquinas, equipamentos e aparelhos diversos",BDLL,1992,3,3.9634919519386,0.611542344925389,0.0606371739474134,0.810201345517418,4.5910695978141,5.34142388746954
2022270,"Máquinas, equipamentos e aparelhos diversos",BDLL,1992,4,4.3374405302264,0.666916871132739,0.0331721039607368,0.942555706728039,5.52743363402883,6.01748010129826
2022270,"Máquinas, equipamentos e aparelhos diversos",BDLL,1993,1,3.89446519328173,0.636254836953959,-0.037809586497452,0.815855193776829,4.51960488703254,6.77809711889874
2022270,"Máquinas, equipamentos e aparelhos diversos",BDLL,1993,2,7.32979083018031,0.718123587948585,-0.0634200068918215,0.817333732165398,5.98911419469242,7.58015265361381
2022270,"Máquinas, equipamentos e aparelhos diversos",BDLL,1999,1,9.50561881223624,0.985601039391145,-0.219245600706531,1.49813000047859,10.3805728071531,11.150707362361
2022270,"Máquinas, equipamentos e aparelhos diversos",BDLL,2019,1,1.51590676433835,0.9773421384083,-0.323685549913033,4.44264228870613,9.62469988334512,12.4791041034169
2022270,"Máquinas, equipamentos e aparelhos diversos",BDLL,2019,2,1.22839647354323,1.01005020573704,-0.30902667881299,5.02284794772414,10.353113492957,12.471774053995
2022270,"Máquinas, equipamentos e aparelhos diversos",BDLL,2019,3,1.20383977147839,1.029066262517,-0.299955116706989,5.09112199289959,10.7797213719318,12.4602820594047
2022270,"Máquinas, equipamentos e aparelhos diversos",BDLL,2019,4,2.21627022290629,1.04052428776789,-0.293404304889138,3.74399999957349,11.0429306361658,12.4390728833131
2022270,"Máquinas, equipamentos e aparelhos diversos",BDLL,2020,2,5.01309001482579,0.987873944227859,-0.314545695614284,2.43801446772936,9.88433824377091,12.4185432417492
2022270,"Máquinas, equipamentos e aparelhos diversos",BDLL,2020,3,4.34388600894303,1.00626859404296,-0.305723242705865,2.64014644119172,10.297274150202,12.4068035125911
2022270,"Máquinas, equipamentos e aparelhos diversos",BDLL,2020,4,3.1644091654915,1.02053155409589,-0.297589893423659,3.0960856779771,10.6247974408627,12.3806802540979
2022270,"Máquinas, equipamentos e aparelhos diversos",BDLL,2021,1,1.17913458016686,0.940866348252426,-0.295009802020792,4.46391752647889,9.06799910163281,11.8944035550976
2022270,"Máquinas, equipamentos e aparelhos diversos",BDLL,2021,2,1.3618325112105,0.967951650385125,-0.28266135582821,4.26607479242505,9.67238258495994,11.8855742468153
2022270,"Máquinas, equipamentos e aparelhos diversos",BDLL,2022,4,1.35463057945062,1.02158916854346,-0.244279807361253,4.2938510350944,10.9483291214082,11.6846866316127
2022270,"Máquinas, equipamentos e aparelhos diversos",BDLL,2023,1,5.53915707364883,0.949251139889677,-0.274627018825067,2.02022867127142,9.34911829645145,11.6736037407538
2022270,"Máquinas, equipamentos e aparelhos diversos",BDLL,2023,2,5.27022945438189,0.970527619592464,-0.241667484941228,2.03586273465973,9.95593910990306,11.3603836009712
2022270,"Máquinas, equipamentos e aparelhos diversos",BDLL,2023,3,7.37702515214322,0.997785223337621,-0.228976743186569,1.75066636561911,10.5656647451853,11.3480251212139
2022270,"Máquinas, equipamentos e aparelhos diversos",BDLL,2023,4,4.40711811489384,1.0052623154109,-0.19614762446511,2.18063502314306,10.8995434200258,10.9581758911113
2022270,"Máquinas, equipamentos e aparelhos diversos",HETA,1991,3,0.726394748643629,0.372713088731344,0.303117918754279,0.958196101952892,1.25670200543582,0.792427156196676
2022270,"Máquinas, equipamentos e aparelhos diversos",HETA,1991,4,0.996425242029703,0.442842634596669,0.227163804843612,0.982174425929321,2.20882023859913,2.19076920026312
2022270,"Máquinas, equipamentos e aparelhos diversos",HETA,1992,2,1.13947652155868,0.485813115577886,0.16633840353064,0.993001867646595,2.71110233858826,3.23569684216799
2022270,"Máquinas, equipamentos e aparelhos diversos",HETA,1992,3,1.9272578709784,0.544448119518271,0.150960345035567,1.00396032202501,3.78040573193677,3.77110024128002
2022270,"Máquinas, equipamentos e aparelhos diversos",HETA,1992,4,2.40601910983968,0.606369981327969,0.12840363644503,1.14304432822318,4.87378749398094,4.41969482333253
2022270,"Máquinas, equipamentos e aparelhos diversos",HETA,1993,1,2.54870823543972,0.577384071795567,0.0672539246657957,0.870696668287119,3.95484271691043,5.06035855485912
2022270,"Máquinas, equipamentos e aparelhos diversos",HETA,1993,2,5.45508616033695,0.654908562481197,0.0461008543923153,0.813941370298457,5.36396546016358,5.77905411548483
2022270,"Máquinas, equipamentos e aparelhos diversos",HETA,1993,3,6.79956412476982,0.729392105838215,0.0287173107415169,0.938572232182472,6.73450517906355,6.43084670167734
2022270,"Máquinas, equipamentos e aparelhos diversos",HETA,1993,4,9.11058180889633,0.798182280838848,-0.000279300167079138,0.971130254777936,7.92680605718276,7.20323829951306
2022270,"Máquinas, equipamentos e aparelhos diversos",HETA,2017,4,0.932483001428179,0.816046282733502,0.154396541346649,3.72359638790734,9.1573614471853,5.26785815906333
2022270,"Máquinas, equipamentos e aparelhos diversos",INEP,1991,2,0.507997690068712,0.339705832197856,0.239693500912718,0.723495888867491,0.245518889878279,1.44021337403943
2022270,"Máquinas, equipamentos e aparelhos diversos",INEP,1991,3,0.649482897325775,0.372213089990147,0.217397102075279,0.748462427369568,0.760156784805257,1.91837787439182
2022270,"Máquinas, equipamentos e aparelhos diversos",INEP,1991,4,1.01874402917182,0.448714151958518,0.194382689947195,0.913052849495228,2.13852392285431,2.65577342395575
2022270,"Máquinas, equipamentos e aparelhos diversos",INEP,1992,1,0.685435872313656,0.438843563528056,0.141553228985704,0.909161962041064,1.64387948501224,3.29540215968137
2022270,"Máquinas, equipamentos e aparelhos diversos",INEP,1992,2,2.25430401513601,0.497257649038183,0.105929762270663,0.653844030160808,2.59388122834591,4.09614701832168
2022270,"Máquinas, equipamentos e aparelhos diversos",INEP,1992,3,1.94849588353806,0.574844628578142,0.0900170792678415,1.02298596153593,4.03398905500358,4.74619085583334
2022270,"Máquinas, equipamentos e aparelhos diversos",INEP,1992,4,3.40211238315539,0.643685899380711,0.0743179507462416,1.02423335237791,5.30279467293615,5.34376854822883
2022270,"Máquinas, equipamentos e aparelhos diversos",INEP,1993,1,1.50952149437057,0.603286984239511,0.00336263870444253,1.17150146278508,4.10304951676089,6.04875678481256
2022270,"Máquinas, equipamentos e aparelhos diversos",INEP,1993,2,4.22584727808143,0.677783001576025,-0.023649738448972,0.943921852690172,5.41916731087293,6.82741466706454
2022270,"Máquinas, equipamentos e aparelhos diversos",INEP,1993,3,8.88864661928932,0.725726268030465,-0.0701470344810842,0.761156787199741,6.10088900296306,7.71189998382122
2022270,"Máquinas, equipamentos e aparelhos diversos",INEP,2005,2,3.13211215053288,0.992950714021367,-0.365995481206766,3.48396124826897,9.69237310618861,13.124868186948
2022270,"Máquinas, equipamentos e aparelhos diversos",INEP,2005,3,7.30393181954743,1.00946767018571,-0.36009770976329,2.30659767090192,10.0516653464271,13.1409806090633
2022270,"Máquinas, equipamentos e aparelhos diversos",INEP,2006,3,4.41753757092953,0.998856518424201,-0.366933945096077,2.96783721703781,9.80354070041122,13.1707564499814
2022270,"Máquinas, equipamentos e aparelhos diversos",INEP,2006,4,2.72997325945253,1.01269251698209,-0.360204555654915,3.79100122908146,10.1146708810809,13.1606967392856
2022270,"Máquinas, equipamentos e aparelhos diversos",INEP,2009,1,1.45201056098554,0.970391074487786,-0.396200213427941,5.29515151665811,9.07588161496792,13.3945273504148
2022270,"Máquinas, equipamentos e aparelhos diversos",INEP,2011,4,2.04756394681383,1.04003489324298,-0.412253032821124,5.20122152622664,10.3585099117971,14.0013190068115
2022270,"Máquinas, equipamentos e aparelhos diversos",LUPA,2015,3,8.25527766679084,1.02919748440239,-0.313623888923703,2.00112744674038,10.7047049557297,12.6410203002217
2022270,"Máquinas, equipamentos e aparelhos diversos",LUPA,2015,4,8.48876009145364,1.0507428065979,-0.347555037237698,2.1805047122395,10.9370550667865,13.2101568845837
2022270,"Máquinas, equipamentos e aparelhos diversos",LUPA,2016,1,6.30761101362503,0.972181214481619,-0.378360744983482,2.43939393888497,9.21247736597712,13.1697771053866
2022270,"Máquinas, equipamentos e aparelhos diversos",LUPA,2016,2,6.57532948349751,0.997241752960046,-0.344394964201791,2.30213407505979,9.8996541429011,12.8647906015989
2022270,"Máquinas, equipamentos e aparelhos diversos",LUPA,2016,3,7.39154947429075,1.01760253195227,-0.336587245457369,2.19450736162019,10.3456120158705,12.8775758576955
2022270,"Máquinas, equipamentos e aparelhos diversos",LUPA,2016,4,7.79512518438993,1.03548345754581,-0.337946069014954,2.18943788779351,10.6906098921566,12.9969886024312
2022270,"Máquinas, equipamentos e aparelhos diversos",MTSA,1990,4,0.518371289144029,0.28604129030148,0.415143828073071,0.987000173297479,0.183075979645458,-1.17483488352282
2022270,"Máquinas, equipamentos e aparelhos diversos",MTSA,1991,3,0.582933180326045,0.344582111562757,0.360122270259547,1.11055223453814,1.02544444051059,-0.117932396060093
2022270,"Máquinas, equipamentos e aparelhos diversos",MTSA,1991,4,0.776554263522672,0.412214237812541,0.29216958401029,1.14712144526072,1.97372782045782,1.16086601821862
2022270,"Máquinas, equipamentos e aparelhos diversos",MTSA,1992,2,1.10662958968459,0.464204297617513,0.217780224132389,1.02681430794791,2.57691708383873,2.43561559782022
2022270,"Máquinas, equipamentos e aparelhos diversos",MTSA,1992,3,1.88837810312226,0.52553236261185,0.198070242818682,1.0360316136868,3.67474820263991,3.04335258657146
2022270,"Máquinas, equipamentos e aparelhos diversos",MTSA,1992,4,2.75083681434542,0.579806873182517,0.172711050898623,1.04517159092853,4.60136991429423,3.68543279093864
2022270,"Máquinas, equipamentos e aparelhos diversos",MTSA,1993,1,1.73655901320817,0.562293170503563,0.112027918498292,1.06295503131336,3.91137073614678,4.38508629625687
2022270,"Máquinas, equipamentos e aparelhos diversos",MTSA,1993,2,3.63823517179106,0.645608720994785,0.089899380650013,1.02256790162569,5.42918757392054,5.14950592632904
2022270,"Máquinas, equipamentos e aparelhos diversos",MTSA,1993,3,5.7676196623426,0.718685313530392,0.0602258317121667,1.01778614927604,6.7021974304067,5.95514784449142
2022270,"Máquinas, equipamentos e aparelhos diversos",MTSA,1993,4,7.888283804854,0.792936281302711,0.0119758060286441,1.03720621101772,7.89290409934042,7.012076207056
2022270,"Máquinas, equipamentos e aparelhos diversos",MTSA,1994,1,6.73137580888601,0.791466856684607,-0.0625875032963116,1.08353082818843,7.44058340853627,7.98559861297012
2022270,"Máquinas, equipamentos e aparelhos diversos",ROMI,1990,4,0.686702135765927,0.385435287570721,0.276574128560477,0.972559953216234,1.35695233373848,1.21419193894912
2022270,"Máquinas, equipamentos e aparelhos diversos",ROMI,1991,3,0.693673562031654,0.447317923007123,0.224239199804904,1.19817615311772,2.28049362042886,2.25468958537507
2022270,"Máquinas, equipamentos e aparelhos diversos",ROMI,1991,4,1.05948451648658,0.509686007888113,0.152220182672757,1.13414973594077,3.1018537226785,3.55714753945734
2022270,"Máquinas, equipamentos e aparelhos diversos",ROMI,1992,2,0.957761456040596,0.539943486276594,0.0751057135045863,1.19184023271486,3.26088210012311,4.74439456042123
2022270,"Máquinas, equipamentos e aparelhos diversos",ROMI,1992,3,1.81300365438036,0.602976044956225,0.056779234467303,1.1456793168758,4.40019031595501,5.34359061695315
2022270,"Máquinas, equipamentos e aparelhos diversos",ROMI,1992,4,2.90108935185299,0.656338431629406,0.0312509579697218,1.10225203186437,5.30785982066644,5.9827187521426
2022270,"Máquinas, equipamentos e aparelhos diversos",ROMI,1993,1,2.27467021672768,0.635551290874701,-0.0306953312333776,1.07030426627382,4.54611838385456,6.68042072818554
2022270,"Máquinas, equipamentos e aparelhos diversos",ROMI,1993,2,4.33275164314742,0.721721677846424,-0.050812238426668,1.08271164018335,6.13166977947648,7.43455920604221
2022270,"Máquinas, equipamentos e aparelhos diversos",ROMI,1993,3,7.58462372877924,0.799058298720274,-0.0795090304017534,1.04108926209275,7.49425697199471,8.25152542079595
2022270,"Máquinas, equipamentos e aparelhos diversos",ROMI,1994,1,8.52956588770768,0.870291698741493,-0.194317581622124,1.24322221457254,8.24755223414011,10.1677779101255
2022270,"Máquinas, equipamentos e aparelhos diversos",WEGE,1992,3,1.00426545609579,0.543858314903004,-0.000473247488535083,1.05740989646899,2.90900283917844,5.76186053217942
2022270,"Máquinas, equipamentos e aparelhos diversos",WEGE,1992,4,1.88114747921861,0.597559254614716,-0.0354494851467993,0.980898056200058,3.76970944403023,6.52732352228433
2022270,"Máquinas, equipamentos e aparelhos diversos",WEGE,1993,1,1.08777407716982,0.581755924100171,-0.0987158647989311,1.13708191497869,3.09878198395671,7.27070445032632
2022270,"Máquinas, equipamentos e aparelhos diversos",WEGE,1993,2,2.72831149168578,0.661578010091533,-0.122381747004883,1.04884324904572,4.53895969401929,8.03553390324282
2022270,"Máquinas, equipamentos e aparelhos diversos",WEGE,1993,3,7.79465893038242,0.723421912396377,-0.1641004710251,0.805034150201544,5.52201075587362,8.93601525753225
2022270,"Máquinas, equipamentos e aparelhos diversos",WEGE,1994,1,9.07124631941632,0.811472472283284,-0.277648135211637,1.1185736626108,6.6141939213541,10.9311440388928
2022270,"Máquinas, equipamentos e aparelhos diversos",WEST,2017,4,7.10114456393506,0.526250450199922,0.372466440809642,0.940693366883344,4.6790524183788,0.750944279286162
2022270,"Máquinas, equipamentos e aparelhos diversos",WEST,2018,4,7.10104734266773,0.529313640724762,0.367959947244058,0.937810191961507,4.71389005270233,0.827678073517551
2022270,"Máquinas, equipamentos e aparelhos diversos",WEST,2019,4,5.26577693530341,0.553828296547892,0.308522328729742,0.985623271660581,4.85999843356879,1.74954762041875
2022270,"Máquinas, equipamentos e aparelhos diversos",WEST,2021,1,9.47722813021058,1.01375277943073,-0.145044949310514,1.41272802311184,11.357160148986,10.3334501322447
2022270,"Máquinas, equipamentos e aparelhos diversos",WEST,2023,3,9.97379388206022,1.05527459255277,-0.141388970500305,1.40354380895725,12.1969612626617,10.5210487461395
2022270,"Máquinas, equipamentos e aparelhos diversos",WEST,2023,4,9.65978821186963,1.06839892439655,-0.12667495204144,1.40860046832734,12.5393863277375,10.4018052776589
2022270,"Máquinas, equipamentos e aparelhos diversos",WEST,2024,1,8.17353481722229,0.998129385543014,-0.149331137220671,1.5073688347416,11.0246438056391,10.3011892700265
2022270,"Máquinas, equipamentos e aparelhos diversos",WEST,2024,2,9.36138770548813,1.02407793170579,-0.127684413675617,1.40816872628199,11.6593952938683,10.1634643538957
2022270,"Máquinas, equipamentos e aparelhos diversos",WEST,2025,1,9.31250980687911,0.976707111420879,-0.128513722342498,1.35646857862088,10.7202672935413,9.90543565375414
2022290,"Veículos automotores e outros equipamentos de transporte",EMBR,1989,3,1.23395102087121,1.03307964862144,0.0148453265990128,0.934548051286029,-0.81561234127672,-1.07933866891881
2022290,"Veículos automotores e outros equipamentos de transporte",EMBR,1989,4,1.54121118290246,1.03185927394118,0.0125532957638746,0.809511969188067,0.665235457952714,0.0631486366329393
2022290,"Veículos automotores e outros equipamentos de transporte",EMBR,1990,1,0.662893282185714,1.02410582778989,0.0200281601284498,1.21799115400122,0.572304814922247,1.39609153569078
2022290,"Veículos automotores e outros equipamentos de transporte",EMBR,1990,2,0.909072344676096,1.02714621104254,0.0144131149001012,1.02405737867241,1.76591575237965,1.59509430294923
2022290,"Veículos automotores e outros equipamentos de transporte",EMBR,1990,3,0.931606443934661,1.02783671240425,0.0119915882506984,0.999013399763467,2.53122340522148,1.94852495518245
2022290,"Veículos automotores e outros equipamentos de transporte",EMBR,1990,4,0.745199199723346,1.02504294912881,0.0126976117382416,1.09651134317131,3.35459191624955,2.96321341706631
2022290,"Veículos automotores e outros equipamentos de transporte",EMBR,1991,1,2.15849203830734,1.01712527476506,0.0236385517264071,0.649371310559255,1.83355120795437,3.4349458042364
2022290,"Veículos automotores e outros equipamentos de transporte",EMBR,1991,2,0.992949946830221,1.02043694251434,0.0176222557905303,0.945873045920737,3.09065140827379,3.62487892956358
2022290,"Veículos automotores e outros equipamentos de transporte",EMBR,1991,3,0.61965300016343,1.0207083562,0.0156325688476317,1.18420779694626,3.83894571418648,4.04287954116054
2022290,"Veículos automotores e outros equipamentos de transporte",EMBR,1992,1,1.18388635675232,1.01203873219269,0.0236151367437932,0.839473788485253,3.89695567598747,5.6343141762432
2022290,"Veículos automotores e outros equipamentos de transporte",EMBR,1992,2,0.802516557046469,1.01359020957646,0.0190401112457053,1.00559300641902,5.24319397987027,6.19560311069497
2022290,"Veículos automotores e outros equipamentos de transporte",EMBR,1992,3,0.685839373472668,1.01365241129464,0.0167686823768864,1.07512400075838,6.19741543250375,6.77956544224153
2022290,"Veículos automotores e outros equipamentos de transporte",EMBR,1993,4,0.579848833847221,1.00653676248891,0.0139948146668516,1.10847584081825,10.2657816865137,10.5933755444561
2022290,"Veículos automotores e outros equipamentos de transporte",EMBR,1994,2,0.615941765104376,0.998970960758782,0.0184421364089723,1.05200834202186,11.4024342684057,12.6595127462806
2022290,"Veículos automotores e outros equipamentos de transporte",EMBR,1994,3,0.532547327115402,1.00002824369964,0.0165160240864353,1.13148253083728,11.8060826458739,12.7215893552268
2022290,"Veículos automotores e outros equipamentos de transporte",EMBR,1995,1,0.543749982338804,0.996329572882227,0.0222947989099566,1.11623586976818,10.8076134944715,12.7623820585703
2022290,"Veículos automotores e outros equipamentos de transporte",EMBR,1995,2,0.584234828656653,0.999944238662118,0.0165484900950043,1.07998163520785,11.8259955835083,12.7490782643733
2022290,"Veículos automotores e outros equipamentos de transporte",EMBR,1995,3,0.676016373575749,1.0012257411837,0.0144173255010235,1.00436027207124,12.2275408291347,12.7696201586658
2022290,"Veículos automotores e outros equipamentos de transporte",EMBR,1995,4,0.664861740689111,1.00259946225014,0.0121973498485617,1.01302347206169,12.6301508227102,12.7742828975977
2022290,"Veículos automotores e outros equipamentos de transporte",EMBR,1996,1,0.618341255367098,0.997468285206692,0.0205067885688877,1.04796398428122,11.1188479594442,12.752215012346
2022290,"Veículos automotores e outros equipamentos de transporte",EMBR,1996,2,0.629029466679963,0.999567174052731,0.0171454836991375,1.04058999936025,11.7208121779679,12.7511204915515
2022290,"Veículos automotores e outros equipamentos de transporte",EMBR,1996,3,0.631724211189341,1.00130019648138,0.0144233657302744,1.03928601504697,12.1948808458284,12.7358944203013
2022290,"Veículos automotores e outros equipamentos de transporte",EMBR,1996,4,0.719990144886953,1.00327698341296,0.0113134473710544,0.973955017176613,12.7377487756106,12.719847251072
2022290,"Veículos automotores e outros equipamentos de transporte",EMBR,1997,1,0.753952829556406,0.998401019873943,0.0192123343746585,0.950180199259597,11.3004327769256,12.6981397763539
2022290,"Veículos automotores e outros equipamentos de transporte",EMBR,1997,2,0.822893563585428,1.00244259442125,0.0128211632125444,0.911305241508196,12.4245161372485,12.6741751227937
2022290,"Veículos automotores e outros equipamentos de transporte",EMBR,1997,3,0.882437218907463,1.00426993534606,0.00992717838638804,0.880119025173954,12.9346115154756,12.6644979647147
2022290,"Veículos automotores e outros equipamentos de transporte",EMBR,1997,4,0.926939823438251,1.00590952537974,0.00726428087654568,0.858335971354897,13.4208634772705,12.6736312299635
2022290,"Veículos automotores e outros equipamentos de transporte",EMBR,1998,1,0.995779119669052,1.00178076008723,0.01390206883822,0.828356629305853,12.2256475385635,12.6688737821113
2022290,"Veículos automotores e outros equipamentos de transporte",EMBR,1998,2,0.9704361402912,1.00482809282855,0.00886204497061005,0.838872717454272,13.1685316292685,12.7102586678453
2022290,"Veículos automotores e outros equipamentos de transporte",EMBR,1998,3,1.01066716494191,1.00659298834684,0.00601566612644444,0.821506530036039,13.6833092381149,12.7147038490162
2022290,"Veículos automotores e outros equipamentos de transporte",EMBR,1998,4,1.00425346381186,1.0076475581753,0.00422516251149267,0.82348489153603,14.0295848879343,12.7414854283265
2022290,"Veículos automotores e outros equipamentos de transporte",EMBR,1999,1,1.16012099787457,1.00337788312039,0.0106558701952698,0.766441382356962,12.9805337106297,12.8531647762704
2022290,"Veículos automotores e outros equipamentos de transporte",EMBR,1999,2,1.03900028926751,1.00632450903834,0.00584411849948274,0.809254556193246,13.8656506429614,12.876587860308
2022290,"Veículos automotores e outros equipamentos de transporte",EMBR,1999,3,1.06868098891322,1.007873862991,0.00312266584410244,0.796886100802534,14.4135747949998,12.9403718881321
2022290,"Veículos automotores e outros equipamentos de transporte",EMBR,1999,4,1.05847270512127,1.00892297084067,0.00134110619166171,0.799953847209772,14.758199102188,12.9671034037047
2022290,"Veículos automotores e outros equipamentos de transporte",EMBR,2000,1,1.06203443023028,1.00467396054421,0.00802473208007407,0.800028875425692,13.5917599352945,13.001864122437
2022290,"Veículos automotores e outros equipamentos de transporte",EMBR,2000,2,1.06513701087152,1.00713585900206,0.00395193689204036,0.797962607417643,14.3539466757951,13.0355750508825
2022290,"Veículos automotores e outros equipamentos de transporte",EMBR,2000,3,1.10196847911343,1.00827434885103,0.00176125225261385,0.783382262808122,14.8388847100834,13.133781890742
2022290,"Veículos automotores e outros equipamentos de transporte",EMBR,2000,4,1.10260927187951,1.00875041998599,0.000539370915442108,0.782169084946445,15.1735231673139,13.2570833400745
2022290,"Veículos automotores e outros equipamentos de transporte",EMBR,2001,1,1.36345381518672,1.00356403535683,0.00845198699432272,0.704252131634608,13.8555970241299,13.365522778144
2022290,"Veículos automotores e outros equipamentos de transporte",EMBR,2001,2,1.49212145819564,1.00538308158181,0.00495477517909736,0.672296562064639,14.6291231852969,13.5216279045145
2022290,"Veículos automotores e outros equipamentos de transporte",EMBR,2001,3,1.53517018904731,1.00623904121565,0.00314600413018425,0.662091881263307,15.0634488033215,13.638952693816
2022290,"Veículos automotores e outros equipamentos de transporte",EMBR,2001,4,1.46287101057562,1.00755871746898,0.0012778383326596,0.678112153194114,15.3361918624333,13.5723162907149
2022290,"Veículos automotores e outros equipamentos de transporte",EMBR,2002,1,1.19130656943865,1.00177986548776,0.0103137403618646,0.751883846916111,13.7731230633755,13.6341507388324
2022290,"Veículos automotores e outros equipamentos de transporte",EMBR,2002,2,1.33093470476716,1.00382268042815,0.00677423880820309,0.711161284264532,14.4745527313253,13.7051491630615
2022290,"Veículos automotores e outros equipamentos de transporte",EMBR,2002,3,1.46800181719891,1.00462997453973,0.00494885195648026,0.676476667099699,14.9356873281411,13.8479241232371
2022290,"Veículos automotores e outros equipamentos de transporte",EMBR,2002,4,1.52361120119151,1.00651495888962,0.00209931811319053,0.663828311096887,15.4033483855709,13.8014411548529
2022290,"Veículos automotores e outros equipamentos de transporte",EMBR,2003,1,1.31706361903165,1.00143607737657,0.0102269030079373,0.714233870826791,13.9493417446461,13.8057259286259
2022290,"Veículos automotores e outros equipamentos de transporte",EMBR,2003,2,1.16084130652932,1.00347647723345,0.00656555734485964,0.760511228012714,14.7042796319805,13.9105291525345
2022290,"Veículos automotores e outros equipamentos de transporte",EMBR,2003,3,1.11921233610678,1.00461579913381,0.00472475695481171,0.774433919600083,15.0380285528735,13.9142943795017
2022290,"Veículos automotores e outros equipamentos de transporte",EMBR,2003,4,1.12908793125693,1.00479160553175,0.00373117060669227,0.770147592027234,15.395446514911,14.1056676517722
2022290,"Veículos automotores e outros equipamentos de transporte",EMBR,2004,1,0.993144000451548,1.00013383112145,0.0110218991091867,0.820392762825273,14.1322617154356,14.1534196132955
2022290,"Veículos automotores e outros equipamentos de transporte",EMBR,2004,2,1.02937391578809,1.00315782394859,0.00598855971721467,0.806242922818316,15.0816855174052,14.2030701094393
2022290,"Veículos automotores e outros equipamentos de transporte",EMBR,2004,3,1.0112244698255,1.00466841613912,0.00351759588666528,0.813307503579738,15.5372581002161,14.2162106145587
2022290,"Veículos automotores e outros equipamentos de transporte",EMBR,2004,4,1.02519018128491,1.00580647925891,0.0017793477472393,0.807617466921395,15.8272995683391,14.1929425606434
2022290,"Veículos automotores e outros equipamentos de transporte",EMBR,2005,1,0.95459822612375,0.999768255002704,0.0112312357545494,0.836168920981645,14.1895797038187,14.2547484024518
2022290,"Veículos automotores e outros equipamentos de transporte",EMBR,2005,2,0.862414433207563,1.00242584740827,0.00702938071901871,0.880599462672224,14.9284141188492,14.2387893500649
2022290,"Veículos automotores e outros equipamentos de transporte",EMBR,2005,3,0.827948016800188,1.0040264190904,0.0043363081514495,0.8986250032894,15.4434268373271,14.2728594356619
2022290,"Veículos automotores e outros equipamentos de transporte",EMBR,2005,4,0.794446099743199,1.00420187120656,0.00334711604623815,0.916450949230025,15.799093228111,14.4632038578416
2022290,"Veículos automotores e outros equipamentos de transporte",EMBR,2006,1,0.664227823209489,0.998586787725943,0.0121960318822833,1.00037799000219,14.2505346521327,14.5047092685663
2022290,"Veículos automotores e outros equipamentos de transporte",EMBR,2006,2,0.735973985694862,1.00124493573936,0.00783567380218757,0.951537619489495,15.0574836603668,14.5311316794868
2022290,"Veículos automotores e outros equipamentos de transporte",EMBR,2006,3,0.725098186096371,1.00217394364203,0.0060845791664892,0.958545751469059,15.437454241845,14.6014525515352
2022290,"Veículos automotores e outros equipamentos de transporte",EMBR,2006,4,0.719088345551623,1.00298900739409,0.00454177465248992,0.962354390587909,15.7736165379046,14.6648920358264
2022290,"Veículos automotores e outros equipamentos de transporte",EMBR,2007,1,0.634641229906991,0.997685018435808,0.0129503037784261,1.02181032203188,14.2893504798455,14.6906871980786
2022290,"Veículos automotores e outros equipamentos de transporte",EMBR,2007,2,0.62679943721933,1.00026394377226,0.00866576300491986,1.02971234978859,15.0955909156982,14.7308795547711
2022290,"Veículos automotores e outros equipamentos de transporte",EMBR,2007,3,0.650954662356538,1.00193084851768,0.00587201304263921,1.01085383341853,15.6272338913258,14.7634218816352
2022290,"Veículos automotores e outros equipamentos de transporte",EMBR,2007,4,0.670580562225508,1.0030917097821,0.00388689662321991,0.995963090012354,16.0145100342351,14.796706539223
2022290,"Veículos automotores e outros equipamentos de transporte",EMBR,2008,1,0.657464395734827,0.997871469017786,0.012166702314586,1.0034833739047,14.5519362854075,14.8210068770205
2022290,"Veículos automotores e outros equipamentos de transporte",EMBR,2008,2,0.68730454810571,1.00069762033283,0.00774222930194531,0.983257214258063,15.3187098651104,14.7922346783121
2022290,"Veículos automotores e outros equipamentos de transporte",EMBR,2008,3,0.725438318271759,1.00125283489929,0.00628871660539898,0.956634332629762,15.7212683984775,14.9436983011625
2022290,"Veículos automotores e outros equipamentos de transporte",EMBR,2008,4,0.810261292319634,1.00086325976658,0.00580626106463419,0.904012218802147,16.0865416526562,15.2413952463736
2022290,"Veículos automotores e outros equipamentos de transporte",EMBR,2009,1,0.737975415455088,0.995645576490762,0.0141517261103393,0.94352495938398,14.5946263592408,15.2469373060212
2022290,"Veículos automotores e outros equipamentos de transporte",EMBR,2009,2,0.812737873510829,0.998992333491261,0.00937907471298401,0.902291786082511,15.3013622915559,15.0873291824052
2022290,"Veículos automotores e outros equipamentos de transporte",EMBR,2009,3,0.798643806269193,1.00067361724667,0.00697271719577666,0.911301363534624,15.6601758606812,15.0095032539707
2022290,"Veículos automotores e outros equipamentos de transporte",EMBR,2009,4,0.79716121982958,1.00150195231598,0.00552080867398794,0.912286310278117,15.9517908868117,15.0427791135776
2022290,"Veículos automotores e outros equipamentos de transporte",EMBR,2010,1,0.754646363279367,0.995321504387485,0.0153467917308441,0.933332913475906,14.2101913686792,15.065311865067
2022290,"Veículos automotores e outros equipamentos de transporte",EMBR,2010,2,0.772675908323487,0.998008357057243,0.0109351839175605,0.924714421556962,15.0276494468767,15.0931391172592
2022290,"Veículos automotores e outros equipamentos de transporte",EMBR,2010,3,0.767343341005,0.999597231914183,0.00860741064791379,0.929130006608748,15.3898844172797,15.0340243756592
2022290,"Veículos automotores e outros equipamentos de transporte",EMBR,2010,4,0.807369095557824,1.00149060796061,0.00585028593871863,0.906804628075578,15.8143155907993,14.9590747604835
2022290,"Veículos automotores e outros equipamentos de transporte",EMBR,2011,1,0.794967770145069,0.995679554508419,0.0152368319129329,0.910188185496916,14.1130649347104,14.9405057794198
2022290,"Veículos automotores e outros equipamentos de transporte",EMBR,2011,2,0.800479105421615,0.99844879246588,0.0107893111800342,0.909365165832347,14.9127500694715,14.9424693450749
2022290,"Veículos automotores e outros equipamentos de transporte",EMBR,2011,3,0.79812607914116,0.999105964869658,0.00909027592881058,0.910479050982629,15.3800082925813,15.1159939712002
2022290,"Veículos automotores e outros equipamentos de transporte",EMBR,2011,4,0.835049227451868,1.00059793927829,0.00663363166594319,0.89075613175662,15.8369224969293,15.1333110763652
2022290,"Veículos automotores e outros equipamentos de transporte",EMBR,2012,1,0.749662134353481,0.995042085078979,0.0155949311397609,0.935922912614669,14.2160001413192,15.1190600356533
2022290,"Veículos automotores e outros equipamentos de transporte",EMBR,2012,2,0.828445669997189,0.997772727555894,0.0107503855023709,0.892373977805158,15.2024433140167,15.2444229730037
2022290,"Veículos automotores e outros equipamentos de transporte",EMBR,2012,3,0.854213246241675,0.999239625881489,0.00841988561630531,0.879752847163786,15.6150927219748,15.2386318157378
2022290,"Veículos automotores e outros equipamentos de transporte",EMBR,2012,4,0.87275533643202,1.00042495457432,0.00640943080068691,0.870806326257308,16.0034166765652,15.2681807188912
2022290,"Veículos automotores e outros equipamentos de transporte",EMBR,2013,1,0.775895943650604,0.994611819774699,0.0159081370677888,0.919124139742786,14.2546480921898,15.2203495331094
2022290,"Veículos automotores e outros equipamentos de transporte",EMBR,2013,2,0.817129267805686,0.997073067022704,0.011526747665347,0.897691782994039,15.1501486706789,15.3373213321576
2022290,"Veículos automotores e outros equipamentos de transporte",EMBR,2013,3,0.804516562896104,0.9983551984094,0.00935050775384415,0.905564941810343,15.5708743650487,15.3697127138677
2022290,"Veículos automotores e outros equipamentos de transporte",EMBR,2013,4,0.865755021493976,0.999257210857999,0.00740071277361588,0.873097979172575,16.0474123486765,15.5051026788709
2022290,"Veículos automotores e outros equipamentos de transporte",EMBR,2014,1,0.820246664776183,0.993122045714231,0.0171364761042095,0.891157190703657,14.3264317117671,15.5323715007098
2022290,"Veículos automotores e outros equipamentos de transporte",EMBR,2014,2,0.852499582671996,0.996417818899532,0.0118896353759038,0.877786673996454,15.2581961243893,15.5222532952114
2022290,"Veículos automotores e outros equipamentos de transporte",EMBR,2014,3,0.809503770670359,0.996956758810029,0.0105659627790137,0.900941972144469,15.611343529372,15.6458201349311
2022290,"Veículos automotores e outros equipamentos de transporte",EMBR,2014,4,0.835046389706855,0.998110616157726,0.00839624352295434,0.887721502236728,16.0810388282325,15.731763718025
2022290,"Veículos automotores e outros equipamentos de transporte",EMBR,2015,1,0.849641196730647,0.991356826369027,0.0184522660714121,0.872154836459417,14.4717010225142,15.9396369027437
2022290,"Veículos automotores e outros equipamentos de transporte",EMBR,2015,2,0.846441029827822,0.994815146227976,0.0129642331352497,0.878371188371785,15.441839901527,15.9242922948618
2022290,"Veículos automotores e outros equipamentos de transporte",EMBR,2015,3,0.82388643909621,0.994933984076076,0.0118205762128361,0.889968086811731,15.8869578346125,16.1805812093342
2022290,"Veículos automotores e outros equipamentos de transporte",EMBR,2015,4,0.831445415707239,0.996734828022648,0.00891350669788175,0.887663277439563,16.4133908627816,16.1858467073119
2022290,"Veículos automotores e outros equipamentos de transporte",EMBR,2016,1,0.77789724140079,0.992511033981869,0.0159837647256873,0.912913958228928,15.0700753735862,16.1057711164278
2022290,"Veículos automotores e outros equipamentos de transporte",EMBR,2016,2,0.800223519179886,0.995529652057592,0.0116028032026985,0.904034263857373,15.7403949136836,15.9823164062634
2022290,"Veículos automotores e outros equipamentos de transporte",EMBR,2016,3,0.801002437708283,0.996782028907791,0.00948376040208775,0.904729917259901,16.1484711254575,16.0121563716269
2022290,"Veículos automotores e outros equipamentos de transporte",EMBR,2016,4,0.852221046648,0.99772497756797,0.00781355718459489,0.877783866827082,16.4879376912594,16.0547151898903
2022290,"Veículos automotores e outros equipamentos de transporte",EMBR,2017,1,0.70082218591796,0.99140553733039,0.0181222033632412,0.960237397544415,14.5943447763387,16.0073879992598
2022290,"Veículos automotores e outros equipamentos de transporte",EMBR,2017,2,0.795800745392894,0.994535349558345,0.0129302361692344,0.905306971726857,15.5694446203596,16.0540688284274
2022290,"Veículos automotores e outros equipamentos de transporte",EMBR,2017,3,0.800409635617976,0.996119009074321,0.0105156020202354,0.904441284292944,15.9712351197722,16.0205593322845
2022290,"Veículos automotores e outros equipamentos de transporte",EMBR,2017,4,0.806112694023106,0.996797413207237,0.0091377657581974,0.901708807609323,16.2914370961425,16.0985603713716
2022290,"Veículos automotores e outros equipamentos de transporte",EMBR,2018,1,0.685001824661517,0.990598608493955,0.0190163800103336,0.969638166912154,14.5345557131543,16.1148553066085
2022290,"Veículos automotores e outros equipamentos de transporte",EMBR,2018,2,0.67508000438176,0.993171629036467,0.0143427980068865,0.980681572518028,15.5109156046563,16.2622055983492
2022290,"Veículos automotores e outros equipamentos de transporte",EMBR,2018,3,0.682131695926247,0.994336690980526,0.0123102113785653,0.977122004949865,15.9169629066014,16.3064437284088
2022290,"Veículos automotores e outros equipamentos de transporte",EMBR,2018,4,0.702333748830547,0.995941442472282,0.00980544547689902,0.964853883107934,16.3490995772232,16.288076558371
2022290,"Veículos automotores e outros equipamentos de transporte",EMBR,2019,2,0.54674028880523,0.993353681895464,0.0162447002587476,1.09145741832571,14.617416812435,15.6722971070906
2022290,"Veículos automotores e outros equipamentos de transporte",EMBR,2019,3,0.680819380787008,0.994659465612236,0.0139462450595167,0.979692700629598,15.0812880024346,15.7273540841342
2022290,"Veículos automotores e outros equipamentos de transporte",EMBR,2019,4,0.578724732166036,0.996418460152604,0.0110703786850967,1.0646975311142,15.6111612900659,15.74227259517
2022290,"Veículos automotores e outros equipamentos de transporte",EMBR,2020,1,0.759560430940241,0.987228393925858,0.0253571791447172,0.914833225101406,13.161179239578,15.8629067689514
2022290,"Veículos automotores e outros equipamentos de transporte",EMBR,2020,2,0.563028141293725,0.989026080846724,0.0206588407837869,1.06577404910502,14.4611955245885,16.351200485937
2022290,"Veículos automotores e outros equipamentos de transporte",EMBR,2020,3,0.554883103705803,0.991187635219307,0.0171507833228621,1.07803207970399,15.101135897803,16.3625489599436
2022290,"Veículos automotores e outros equipamentos de transporte",EMBR,2020,4,0.628823148482108,0.993391776552838,0.0138566219930821,1.01637975329387,15.6316632792064,16.2980199307452
2022290,"Veículos automotores e outros equipamentos de transporte",EMBR,2021,2,0.57945655522647,0.991166326821949,0.0175018947495136,1.05502906518468,14.9583552258941,16.2773232576406
2022290,"Veículos automotores e outros equipamentos de transporte",EMBR,2021,3,0.614839233603591,0.990917842760662,0.0168329244786031,1.02335385574546,15.3470897376977,16.5643418055484
2022290,"Veículos automotores e outros equipamentos de transporte",EMBR,2021,4,0.605523434371535,0.991769423874656,0.015319897651528,1.03268808961765,15.6556721907024,16.6040296276129
2022290,"Veículos automotores e outros equipamentos de transporte",EMBR,2022,2,0.663293217438983,0.989630822366244,0.017988412908475,0.982637841809584,15.3684364841908,16.8085354779417
2022290,"Veículos automotores e outros equipamentos de transporte",EMBR,2022,3,0.667461275139618,0.991173788911204,0.0154407133749967,0.982405490456931,15.8440250948749,16.8283517315356
2022290,"Veículos automotores e outros equipamentos de transporte",EMBR,2022,4,0.752027873030718,0.99317587499656,0.0122450103729944,0.928548631724015,16.4136665997371,16.8244640305125
2022290,"Veículos automotores e outros equipamentos de transporte",EMBR,2023,1,0.517002731333674,0.987692885074616,0.0210802077333877,1.1084103460988,14.817699928798,16.8127059201819
2022290,"Veículos automotores e outros equipamentos de transporte",EMBR,2023,2,0.624771471743623,0.991138770987286,0.0157347806773864,1.01539673596875,15.7313732920563,16.7643759183404
2022290,"Veículos automotores e outros equipamentos de transporte",EMBR,2023,3,0.662841401561999,0.992407706047108,0.0134983970127407,0.987880949735345,16.1833571004077,16.8186294035009
2022290,"Veículos automotores e outros equipamentos de transporte",EMBR,2023,4,0.69462099984807,0.993969570499323,0.0109224641089371,0.967243971886137,16.6634899715092,16.8378896621606
2022290,"Veículos automotores e outros equipamentos de transporte",EMBR,2024,1,0.596158580010423,0.987652209065399,0.0208816811869198,1.032065157838,14.9197148929558,16.883626675753
2022290,"Veículos automotores e outros equipamentos de transporte",EMBR,2024,2,0.643897360694818,0.990526524082025,0.0157963611725787,0.998955150679346,15.9519713957243,17.0117884746162
2022290,"Veículos automotores e outros equipamentos de transporte",EMBR,2024,3,0.689684470253164,0.992393430523817,0.0127469244438821,0.96834899009143,16.5131185444183,17.0268531426965
2022290,"Veículos automotores e outros equipamentos de transporte",FRAS,1989,3,1.81779462523584,1.03720357615971,0.0155533419002286,0.810723648487373,-2.78560005975735,-3.04776086978865
2022290,"Veículos automotores e outros equipamentos de transporte",FRAS,1989,4,1.51894901881476,1.03636612252532,0.012803267558101,0.855339463617436,-1.26184153979634,-1.94720408783314
2022290,"Veículos automotores e outros equipamentos de transporte",FRAS,1990,1,1.03998871468349,1.02902771014449,0.0194109338185583,1.01670640995782,-1.14841680551932,-0.560016673279216
2022290,"Veículos automotores e outros equipamentos de transporte",FRAS,1990,2,1.62557323854264,1.03072165737661,0.0158602609487808,0.802064340422122,-0.301341501807414,-0.335599362486706
2022290,"Veículos automotores e outros equipamentos de transporte",FRAS,1990,3,1.57743675889729,1.03122732265755,0.0132651290344312,0.800152867063351,0.613430047048056,0.144205663102827
2022290,"Veículos automotores e outros equipamentos de transporte",FRAS,1990,4,1.22933896709997,1.03054385087452,0.012179428480865,0.892398296794768,1.3574321653617,0.730827543559743
2022290,"Veículos automotores e outros equipamentos de transporte",FRAS,1991,1,1.02013433058305,1.02554921906082,0.0202073483820681,0.997309537206452,-0.0876132115102446,0.725587536358706
2022290,"Veículos automotores e outros equipamentos de transporte",FRAS,1991,2,0.666990402168037,1.02584413752292,0.0167448179554331,1.20301237117968,1.28621197520707,1.52949741433699
2022290,"Veículos automotores e outros equipamentos de transporte",FRAS,1991,3,0.911634414744251,1.02589135460563,0.0149520584748194,1.01532688234037,2.04010316376433,1.99120757158228
2022290,"Veículos automotores e outros equipamentos de transporte",FRAS,1991,4,0.731742811999074,1.0250418246241,0.0136303292152424,1.11396034619177,2.95290300121555,2.71289319153606
2022290,"Veículos automotores e outros equipamentos de transporte",FRAS,1992,1,0.897154820464105,1.0185772867797,0.021645649298238,1.00653527354095,2.10665408194969,3.34479391783454
2022290,"Veículos automotores e outros equipamentos de transporte",FRAS,1992,2,0.944358436721362,1.02038844177901,0.0166126710735684,0.962974457692173,3.54551423350952,3.91726454890681
2022290,"Veículos automotores e outros equipamentos de transporte",FRAS,1992,3,0.935491454683758,1.02053772074871,0.0140937139615894,0.953000942817564,4.5713070496435,4.5302429994468
2022290,"Veículos automotores e outros equipamentos de transporte",FRAS,1992,4,0.830537103959953,1.02007722178413,0.0123505926697443,0.997208675589218,5.5087488159839,5.19750829400742
2022290,"Veículos automotores e outros equipamentos de transporte",FRAS,1993,1,0.641544019404452,1.01212018523174,0.021356744589746,1.12669113081964,4.83778505205944,6.20647073026455
2022290,"Veículos automotores e outros equipamentos de transporte",FRAS,1993,2,0.84002172317742,1.01204994526968,0.0180023198939004,0.966950093769468,6.3124055086846,7.13875001056285
2022290,"Veículos automotores e outros equipamentos de transporte",FRAS,1993,3,0.824943928226288,1.01191286439901,0.0152684109472637,0.962117072468218,7.54647145347125,7.93299296359332
2022290,"Veículos automotores e outros equipamentos de transporte",FRAS,1993,4,0.759757094815283,1.01150582795382,0.0128601845835617,0.989564024872765,8.74909301840913,8.75605264358689
2022290,"Veículos automotores e outros equipamentos de transporte",FRAS,1994,1,0.5991527577645,1.0056115693813,0.0189819622500655,1.10441391117964,8.48904101059477,9.65124454861942
2022290,"Veículos automotores e outros equipamentos de transporte",FRAS,1994,2,0.669774382584832,1.00629188005447,0.0141944910005161,1.03083684942161,10.2785437371187,10.6452646606188
2022290,"Veículos automotores e outros equipamentos de transporte",FRAS,1994,3,0.666998237003278,1.0071721814282,0.0121769292650923,1.03053550058323,10.7930636952273,10.8082376816908
2022290,"Veículos automotores e outros equipamentos de transporte",FRAS,1994,4,0.699417141995188,1.00805610670079,0.0104452343606441,1.00483674182466,11.1828687687096,10.8927794801414
2022290,"Veículos automotores e outros equipamentos de transporte",FRAS,1995,1,0.895844919557204,1.00373633311985,0.017427992721557,0.889370240055895,9.91602344289815,10.8776140536488
2022290,"Veículos automotores e outros equipamentos de transporte",FRAS,1995,2,0.87722387290428,1.00707591511754,0.0124371282350528,0.898956787032475,10.7197387162585,10.7797763202399
2022290,"Veículos automotores e outros equipamentos de transporte",FRAS,1995,3,0.815961663914495,1.00967118914993,0.00889898678392616,0.932260672472234,11.1975681600597,10.6122152669944
2022290,"Veículos automotores e outros equipamentos de transporte",FRAS,1995,4,0.761669036684229,1.01018198619295,0.00769021590187163,0.963232722987882,11.5125360465567,10.7170192136142
2022290,"Veículos automotores e outros equipamentos de transporte",FRAS,1996,1,0.999447421969704,1.00552020183102,0.015473145593888,0.844210928623778,10.0387565187674,10.6341485831755
2022290,"Veículos automotores e outros equipamentos de transporte",FRAS,1996,2,1.03600681823845,1.00796400469754,0.0113729911158202,0.827733397381906,10.8200440015044,10.6830182936961
2022290,"Veículos automotores e outros equipamentos de transporte",FRAS,1996,3,1.05112546509174,1.0093533266173,0.009109851115046,0.820809248464073,11.2349667115998,10.6925614657472
2022290,"Veículos automotores e outros equipamentos de transporte",FRAS,1996,4,1.01277473080036,1.01020132139221,0.0076771110047803,0.835362364257327,11.5103811142534,10.7122066763104
2022290,"Veículos automotores e outros equipamentos de transporte",FRAS,1997,1,1.19118351776472,1.0053426485378,0.0154320451734214,0.772509578506381,10.1281508304806,10.7217527962105
2022290,"Veículos automotores e outros equipamentos de transporte",FRAS,1997,2,1.12106748765988,1.00783312792591,0.0114164587431378,0.795350464324888,10.8541345089466,10.72775773312
2022290,"Veículos automotores e outros equipamentos de transporte",FRAS,1997,3,1.12641164512682,1.00919389391494,0.00907706212681036,0.792274059966339,11.3134627081896,10.7701180325143
2022290,"Veículos automotores e outros equipamentos de transporte",FRAS,1997,4,1.04463973267229,1.00995690503578,0.00770102246262186,0.821744726326505,11.5987363691807,10.8111575137162
2022290,"Veículos automotores e outros equipamentos de transporte",FRAS,1998,1,1.11388138545316,1.00476682407214,0.015843814220712,0.797667674893487,10.1830616772342,10.8592970523716
2022290,"Veículos automotores e outros equipamentos de transporte",FRAS,1998,2,1.03196523913486,1.0070328869838,0.0119121332630479,0.827287814146976,10.9634606336771,10.9394976230659
2022290,"Veículos automotores e outros equipamentos de transporte",FRAS,1998,3,0.979967210037011,1.00803894063238,0.0100359652606667,0.847759224249668,11.3662554003086,11.0102319506222
2022290,"Veículos automotores e outros equipamentos de transporte",FRAS,1998,4,0.920641000347601,1.00871673024847,0.00873079212769765,0.873641911430088,11.6553766003962,11.0689590325026
2022290,"Veículos automotores e outros equipamentos de transporte",FRAS,1999,1,1.18008354627506,1.00318066236047,0.0171850176602879,0.772199240589957,10.245092868407,11.182527817695
2022290,"Veículos automotores e outros equipamentos de transporte",FRAS,1999,2,1.11549621220764,1.00566248488404,0.0131463678746688,0.793826903047566,10.9845149128449,11.1984668477957
2022290,"Veículos automotores e outros equipamentos de transporte",FRAS,1999,3,1.05213492725509,1.00701625646341,0.0108966222040009,0.816728593545241,11.4080134095169,11.2197359172473
2022290,"Veículos automotores e outros equipamentos de transporte",FRAS,1999,4,1.00662334350003,1.00819816928958,0.00910048619904076,0.834644159656061,11.7053123154808,11.1931278632995
2022290,"Veículos automotores e outros equipamentos de transporte",FRAS,2000,1,1.04844817120419,1.00377797121137,0.016284998939254,0.819382917528709,10.3920190582028,11.1670094681479
2022290,"Veículos automotores e outros equipamentos de transporte",FRAS,2000,2,1.01332323445122,1.00641182075821,0.0121017119430512,0.833046601180058,11.1324322227991,11.156294300216
2022290,"Veículos automotores e outros equipamentos de transporte",FRAS,2000,3,0.973341354460634,1.00795948281311,0.00965305180867831,0.849361879230746,11.563424356053,11.1474546653767
2022290,"Veículos automotores e outros equipamentos de transporte",FRAS,2000,4,0.940250328060768,1.00898752135214,0.00802639622988474,0.863593376474087,11.8497666378118,11.1416169911564
2022290,"Veículos automotores e outros equipamentos de transporte",FRAS,2001,1,1.04791020618201,1.00404212907604,0.0159470370576713,0.819790448231366,10.4310980695215,11.1439943026362
2022290,"Veículos automotores e outros equipamentos de transporte",FRAS,2001,2,1.07559481809343,1.00659238543581,0.0118866086894078,0.808689842795383,11.1522849746355,11.136284157357
2022290,"Veículos automotores e outros equipamentos de transporte",FRAS,2001,3,1.07476701310936,1.00792333203336,0.00967518013100677,0.808223485021902,11.5684768481167,11.157090897816
2022290,"Veículos automotores e outros equipamentos de transporte",FRAS,2001,4,1.02721967635002,1.00968071574591,0.00728042254726521,0.826660383109862,11.8915694496986,11.0433351445406
2022290,"Veículos automotores e outros equipamentos de transporte",FRAS,2002,1,1.15235549538226,1.0055212296562,0.0142518407055821,0.783156801797845,10.5649094520557,10.9621108204983
2022290,"Veículos automotores e outros equipamentos de transporte",FRAS,2002,2,1.13272847479084,1.00794241804655,0.0103201671813551,0.788890135406938,11.2826849569786,10.9754267579843
2022290,"Veículos automotores e outros equipamentos de transporte",FRAS,2002,3,1.11130785566171,1.00848172374437,0.00874838384657151,0.794446279429496,11.7426581021012,11.1655521545388
2022290,"Veículos automotores e outros equipamentos de transporte",FRAS,2002,4,1.07543608516727,1.00953395736427,0.00699904461535335,0.806757171365461,12.0721287209689,11.1822720095781
2022290,"Veículos automotores e outros equipamentos de transporte",FRAS,2003,1,1.13316088832004,1.00526037383967,0.0138420554905445,0.787826496257594,10.8468900179325,11.1847693542599
2022290,"Veículos automotores e outros equipamentos de transporte",FRAS,2003,2,0.993200028714084,1.00804791317238,0.00938297732598177,0.840454894973541,11.6441703565424,11.1819500087133
2022290,"Veículos automotores e outros equipamentos de transporte",FRAS,2003,3,0.918617685909117,1.00964989882783,0.00688251473710466,0.872998753325284,12.0755681443869,11.1636181855836
2022290,"Veículos automotores e outros equipamentos de transporte",FRAS,2003,4,0.904551738973387,1.01027939431515,0.00555485498838032,0.8784060452868,12.3938796128297,11.2492139561365
2022290,"Veículos automotores e outros equipamentos de transporte",FRAS,2004,1,1.14326604366332,1.00565290252231,0.0129320001302123,0.783593692081305,11.0808081166113,11.2602411730401
2022290,"Veículos automotores e outros equipamentos de transporte",FRAS,2004,2,1.14303648292206,1.00815113034414,0.00876045293291142,0.782319385958464,11.8709067181154,11.3048427620552
2022290,"Veículos automotores e outros equipamentos de transporte",FRAS,2004,3,1.09719531089951,1.0093387128053,0.00659391000704676,0.797162265340888,12.3256185579614,11.3753915945932
2022290,"Veículos automotores e outros equipamentos de transporte",FRAS,2004,4,1.05725678121771,1.00998037908474,0.00533372371013345,0.811072289398031,12.6099256819487,11.4375964879087
2022290,"Veículos automotores e outros equipamentos de transporte",FRAS,2005,1,0.920544392903744,1.0050750925774,0.0129775283007794,0.871168630014963,11.2944258763745,11.4971225948718
2022290,"Veículos automotores e outros equipamentos de transporte",FRAS,2005,2,0.90125967585859,1.0075965129718,0.00892514729859202,0.87949659660016,12.0237834974111,11.4996812152117
2022290,"Veículos automotores e outros equipamentos de transporte",FRAS,2005,3,0.89657303556987,1.00885954481117,0.00680634120781153,0.880793437473395,12.4274565006869,11.5248636118766
2022290,"Veículos automotores e outros equipamentos de transporte",FRAS,2005,4,0.902223601699095,1.00936439096017,0.00572987940780917,0.87701222206094,12.6877813099747,11.5966557641898
2022290,"Veículos automotores e outros equipamentos de transporte",FRAS,2006,1,0.950134189581063,1.00426501330257,0.0138630439649544,0.856620899660508,11.239642764434,11.6082771330048
2022290,"Veículos automotores e outros equipamentos de transporte",FRAS,2006,2,0.94767104530955,1.00661467589365,0.00991776977089143,0.856736844004998,11.9921553857882,11.6560887310626
2022290,"Veículos automotores e outros equipamentos de transporte",FRAS,2006,3,0.953087567726044,1.00775464982331,0.00791496671164747,0.853365895540037,12.3954888465465,11.7031348880899
2022290,"Veículos automotores e outros equipamentos de transporte",FRAS,2006,4,0.945908599505649,1.00864349125672,0.00642367723289036,0.855923449023177,12.6796581500073,11.7209127444691
2022290,"Veículos automotores e outros equipamentos de transporte",FRAS,2007,1,0.926682110171827,1.00427983414097,0.0135454166092203,0.866687047856541,11.3706055818774,11.6872961874847
2022290,"Veículos automotores e outros equipamentos de transporte",FRAS,2007,2,0.95406321806069,1.00681138721831,0.00947699281997337,0.85348883214148,12.1027897711912,11.6897999424943
2022290,"Veículos automotores e outros equipamentos de transporte",FRAS,2007,3,0.941221211244443,1.00808995066548,0.0073600366229071,0.858502571414712,12.4993954707309,11.7077884268767
2022290,"Veículos automotores e outros equipamentos de transporte",FRAS,2007,4,0.925089153923085,1.0085990855438,0.00623119619322866,0.864911788975589,12.7805721702261,11.7918159491648
2022290,"Veículos automotores e outros equipamentos de transporte",FRAS,2008,1,0.934151160619062,1.00361618557073,0.0141375601480975,0.862151004054444,11.3832000139244,11.8142037831498
2022290,"Veículos automotores e outros equipamentos de transporte",FRAS,2008,2,0.929574108007622,1.00585688248965,0.010358456206197,0.86348614084943,12.1080547224957,11.8643134256107
2022290,"Veículos automotores e outros equipamentos de transporte",FRAS,2008,3,0.916847513167412,1.00700188987762,0.00827890713039106,0.868474041442417,12.5424454886406,11.9298261818781
2022290,"Veículos automotores e outros equipamentos de transporte",FRAS,2008,4,0.904783392140591,1.00771587565269,0.00701841872098689,0.873629846377993,12.7976893110517,11.960931629325
2022290,"Veículos automotores e outros equipamentos de transporte",FRAS,2009,1,0.766801757450721,1.00266821197191,0.0151682629220787,0.950317322804331,11.3214836772168,11.945771313803
2022290,"Veículos automotores e outros equipamentos de transporte",FRAS,2009,2,0.848951026724972,1.00508675974704,0.011199317521933,0.902824159507201,12.0563949695554,11.9702480580472
2022290,"Veículos automotores e outros equipamentos de transporte",FRAS,2009,3,0.88774509904202,1.00650941165055,0.00887188901052376,0.882348149029843,12.4855813142857,11.9827079428888
2022290,"Veículos automotores e outros equipamentos de transporte",FRAS,2009,4,0.904867783698564,1.0074913812327,0.00723410607001854,0.873378936197661,12.7953180553908,11.9997250995331
2022290,"Veículos automotores e outros equipamentos de transporte",FRAS,2010,1,0.991714033236349,1.00047485060216,0.0169628105076804,0.831548671284427,11.4331659096636,12.4088943820257
2022290,"Veículos automotores e outros equipamentos de transporte",FRAS,2010,2,0.961491163800241,1.00311432918523,0.0126762998139055,0.844944852735179,12.2158118605356,12.4235088014047
2022290,"Veículos automotores e outros equipamentos de transporte",FRAS,2010,3,0.917086742200445,1.00442841505541,0.0104755682569127,0.864916346097283,12.6341979530072,12.4487086823261
2022290,"Veículos automotores e outros equipamentos de transporte",FRAS,2020,4,0.858003679483645,0.998641166257147,0.0139102405606791,0.882538871990679,13.4894991967571,14.020318061932
2022290,"Veículos automotores e outros equipamentos de transporte",FRAS,2021,1,0.961548905636759,0.994589314070756,0.0202640771468919,0.830148848802474,12.3856615311436,14.0587530989295
2022290,"Veículos automotores e outros equipamentos de transporte",FRAS,2021,2,0.945540466507016,0.997096240103276,0.0162692323477872,0.839490866069294,13.0960633214288,14.052089669756
2022290,"Veículos automotores e outros equipamentos de transporte",FRAS,2021,3,0.917465349611746,0.998321021026263,0.0141130407976255,0.852852038126798,13.5312960650368,14.1038168620429
2022290,"Veículos automotores e outros equipamentos de transporte",FRAS,2021,4,0.86169011206255,0.999153664993008,0.0126270802223862,0.880318264750473,13.835853303096,14.1443914322555
2022290,"Veículos automotores e outros equipamentos de transporte",FRAS,2022,1,0.823251071694074,0.994971995343082,0.019408100677566,0.897266595598582,12.6002385682631,14.123928987827
2022290,"Veículos automotores e outros equipamentos de transporte",FRAS,2022,2,0.821509161513644,0.997381633870714,0.015399753343686,0.900299168042723,13.3557345152318,14.1628420375711
2022290,"Veículos automotores e outros equipamentos de transporte",FRAS,2022,3,0.825973868823403,0.998605493988566,0.0133195731495057,0.89857204734483,13.7585665292598,14.1945270007903
2022290,"Veículos automotores e outros equipamentos de transporte",FRAS,2022,4,0.811084603591306,0.999612489586868,0.0116737589437437,0.907314237541871,14.0616635930311,14.2029137289357
2022290,"Veículos automotores e outros equipamentos de transporte",FRAS,2023,1,0.870876963795607,0.994118810433812,0.0200348053248735,0.870476844812576,12.6744429588288,14.3232621403027
2022290,"Veículos automotores e outros equipamentos de transporte",FRAS,2023,2,0.875617561942697,0.996728641566769,0.0159211264598893,0.870838796535175,13.3945400785265,14.3041851284351
2022290,"Veículos automotores e outros equipamentos de transporte",FRAS,2023,3,0.886812670440185,0.99790388378965,0.0139058255188761,0.866065703633124,13.789025102699,14.3393859408251
2022290,"Veículos automotores e outros equipamentos de transporte",FRAS,2023,4,0.876086555657774,0.99888074698133,0.0122878961091146,0.871910945371574,14.0922632787959,14.353266169529
2022290,"Veículos automotores e outros equipamentos de transporte",FRAS,2024,1,0.759668743467748,0.993537551218065,0.0205950571170684,0.93077833613041,12.6675290697031,14.4232230141462
2022290,"Veículos automotores e outros equipamentos de transporte",FRAS,2024,2,0.816256911058065,0.996308424695104,0.0162306468771539,0.901105060948489,13.4307207450904,14.402133249045
2022290,"Veículos automotores e outros equipamentos de transporte",FRAS,2024,3,0.853851331739806,0.997156186602851,0.0144038018301954,0.881211863747048,13.876148215931,14.5278525492746
2022290,"Veículos automotores e outros equipamentos de transporte",LEVE,1989,3,1.82057540900691,1.03437056534875,0.0146800115211726,0.778669978642778,-1.26544699421482,-1.59146703038683
2022290,"Veículos automotores e outros equipamentos de transporte",LEVE,1989,4,1.2565161895022,1.03240260925272,0.0136400115000903,0.909873948025596,-0.0226347961227674,-0.463326127070236
2022290,"Veículos automotores e outros equipamentos de transporte",LEVE,1990,1,2.03181835758204,1.02509235452217,0.0203382764239782,0.704212384430808,0.0403616245662679,0.887359343895112
2022290,"Veículos automotores e outros equipamentos de transporte",LEVE,1990,2,1.61482125409708,1.02662514749518,0.016895155680917,0.779786586943599,0.906119545082109,1.1523381499975
2022290,"Veículos automotores e outros equipamentos de transporte",LEVE,1990,3,1.6212008503962,1.02806468561024,0.0135297252518097,0.767925931178721,1.77602578051212,1.43663325610068
2022290,"Veículos automotores e outros equipamentos de transporte",LEVE,1990,4,1.40485495176902,1.02744691771834,0.0123880264187366,0.813220361103791,2.51764865453224,2.00998456045705
2022290,"Veículos automotores e outros equipamentos de transporte",LEVE,1991,1,0.956392296979956,1.0209913216596,0.0209478833320774,0.991512810416745,1.43301210955664,2.49160562562781
2022290,"Veículos automotores e outros equipamentos de transporte",LEVE,1991,2,0.862795668495834,1.02297748330607,0.0165586644762573,1.02933971156315,2.52366845637772,2.81551676987247
2022290,"Veículos automotores e outros equipamentos de transporte",LEVE,1991,3,0.799161149980741,1.02380507818556,0.0137004689242228,1.0554944454917,3.42190550834712,3.22725831780062
2022290,"Veículos automotores e outros equipamentos de transporte",LEVE,1991,4,0.653528836706138,1.02115251868326,0.0141172026707283,1.14580865813078,4.31300141641378,4.25885569685244
2022290,"Veículos automotores e outros equipamentos de transporte",LEVE,1992,1,0.751925143216989,1.01470093137533,0.0221831298086115,1.06724853111387,3.43970536748821,4.87156468352952
2022290,"Veículos automotores e outros equipamentos de transporte",LEVE,1992,2,0.709033470952026,1.01624795013709,0.0175384772855636,1.08195700051235,4.81776332410773,5.45349846859364
2022290,"Veículos automotores e outros equipamentos de transporte",LEVE,1992,3,0.640884345523728,1.01679553217713,0.0144863472953395,1.12281885012569,5.91264969139894,6.0381164802232
2022290,"Veículos automotores e outros equipamentos de transporte",LEVE,1992,4,0.578757031420661,1.0164621215037,0.0127405823886431,1.16778703346512,6.79992891662168,6.65129828565116
2022290,"Veículos automotores e outros equipamentos de transporte",LEVE,1993,1,0.919858208175984,1.01075967011592,0.0195244980824797,0.922886620485749,6.17696715814638,7.28574515267964
2022290,"Veículos automotores e outros equipamentos de transporte",LEVE,1993,2,0.821924748856205,1.01165233182648,0.0153230063224944,0.962575938393969,7.6281029915013,8.03064151960635
2022290,"Veículos automotores e outros equipamentos de transporte",LEVE,1993,3,0.863248905157775,1.0112484879019,0.0128941340269793,0.927155986921708,8.83833734765683,8.85787637041885
2022290,"Veículos automotores e outros equipamentos de transporte",LEVE,1993,4,0.586976498334174,1.01096116679718,0.0101287755781612,1.11051799815942,10.1466109993551,9.72535235669227
2022290,"Veículos automotores e outros equipamentos de transporte",LEVE,1994,1,0.690419060692169,1.00402335705017,0.0175581952553712,1.01496879526715,9.74402205421606,10.7188520717937
2022290,"Veículos automotores e outros equipamentos de transporte",LEVE,1994,2,0.767960786920777,1.00447576401073,0.0130718587080059,0.951607278341863,11.4956889877128,11.7301590282584
2022290,"Veículos automotores e outros equipamentos de transporte",LEVE,1994,3,0.797059632236375,1.00605364243217,0.010350541477091,0.933208540262275,12.0320401420158,11.7816082638508
2022290,"Veículos automotores e outros equipamentos de transporte",LEVE,1994,4,0.759552803632892,1.00722297021835,0.0084288129355474,0.955339569940833,12.3885687637541,11.794197746282
2022290,"Veículos automotores e outros equipamentos de transporte",LEVE,1995,1,0.707429360069035,1.00258585644404,0.0158461217883389,0.990815492769277,11.0624684362094,11.7990047431332
2022290,"Veículos automotores e outros equipamentos de transporte",LEVE,1995,2,0.665696891239295,1.0046352968676,0.0122215624255184,1.02043546217058,11.7978963938413,11.8900183793917
2022290,"Veículos automotores e outros equipamentos de transporte",LEVE,1995,3,0.654103456218561,1.00569824851241,0.0102772192830213,1.02852167190261,12.2071167098053,11.9545531315063
2022290,"Veículos automotores e outros equipamentos de transporte",LEVE,1995,4,0.59885035607754,1.00629301063557,0.00904491078886288,1.07391410402568,12.4983382939547,12.0294845764378
2022290,"Veículos automotores e outros equipamentos de transporte",LEVE,1996,1,0.568481227695956,1.00086404105263,0.0176479433860013,1.10203639943722,10.9806632365539,12.0568639377677
2022290,"Veículos automotores e outros equipamentos de transporte",LEVE,1996,3,0.520918656656764,1.00508704027318,0.0108887378348152,1.15162693764238,12.1901887294061,12.0536410968997
2022290,"Veículos automotores e outros equipamentos de transporte",LEVE,1997,1,0.623208798453366,1.00234673296774,0.0162183632894434,1.05557608462666,10.9985039524052,11.8020085947327
2022290,"Veículos automotores e outros equipamentos de transporte",LEVE,1997,2,0.660502565524714,1.00451067321035,0.0124727110223862,1.024599615334,11.7399206460262,11.8762169592822
2022290,"Veículos automotores e outros equipamentos de transporte",LEVE,1997,3,0.72419638933446,1.00656579078507,0.00965078742599612,0.979145537865617,12.1269989994148,11.7489564229719
2022290,"Veículos automotores e outros equipamentos de transporte",LEVE,1997,4,0.723738153712333,1.00792681555601,0.00782660438611417,0.979687951016627,12.3640874574023,11.6526656931966
2022290,"Veículos automotores e outros equipamentos de transporte",LEVE,1998,1,0.711414101609122,1.00282273046972,0.0160485319016379,0.989632459007166,10.8795788700492,11.6424485732705
2022290,"Veículos automotores e outros equipamentos de transporte",LEVE,1998,2,0.742456578972625,1.00539468578644,0.0120683951993019,0.968878040874697,11.5573885541726,11.6037926839707
2022290,"Veículos automotores e outros equipamentos de transporte",LEVE,1998,3,0.809502553350624,1.0057368531998,0.0106785246711181,0.925664161025283,12.0185094169458,11.8299987804807
2022290,"Veículos automotores e outros equipamentos de transporte",LEVE,1998,4,0.80173521711929,1.00723251147291,0.00845087320031412,0.929956666430562,12.3752058761552,11.7841520748946
2022290,"Veículos automotores e outros equipamentos de transporte",LEVE,1999,1,1.16948777830877,1.0035103808788,0.0143658564910607,0.770660496723733,11.3274803151951,11.7984334372781
2022290,"Veículos automotores e outros equipamentos de transporte",LEVE,1999,2,1.07436215506346,1.00598659561023,0.0103197774224776,0.803522658869391,12.0723692329682,11.8187879901453
2022290,"Veículos automotores e outros equipamentos de transporte",LEVE,1999,3,1.11410680938675,1.0071820235576,0.00819461096427533,0.788197773031546,12.5060745078891,11.8748282132959
2022290,"Veículos automotores e outros equipamentos de transporte",LEVE,1999,4,1.13624976826571,1.00772058306199,0.00700206377704686,0.779563766045127,12.802840512591,11.963299818756
2022290,"Veículos automotores e outros equipamentos de transporte",LEVE,2000,1,1.08357812725408,1.00265251595196,0.0148585538040625,0.798734265906508,11.4613514186492,12.0358185762367
2022290,"Veículos automotores e outros equipamentos de transporte",LEVE,2000,2,1.11366064194661,1.00508916546907,0.0108183563760333,0.78749131114076,12.2196759362926,12.0716501874533
2022290,"Veículos automotores e outros equipamentos de transporte",LEVE,2000,3,1.08665629746016,1.00657856980864,0.00836991579084759,0.796687867717741,12.6740905820925,12.0878694371761
2022290,"Veículos automotores e outros equipamentos de transporte",LEVE,2000,4,1.07207154385621,1.00713161586096,0.0071592437379764,0.801217003122688,12.9728233014889,12.1749688654047
2022290,"Veículos automotores e outros equipamentos de transporte",LEVE,2001,1,1.17102078050993,1.0023162848006,0.0147842493126912,0.767106961671274,11.6291159790147,12.2007655181095
2022290,"Veículos automotores e outros equipamentos de transporte",LEVE,2001,2,1.18672261284782,1.00487807436055,0.0106000097221579,0.761832882542012,12.3990286571969,12.2213752954513
2022290,"Veículos automotores e outros equipamentos de transporte",LEVE,2001,3,1.20803083598571,1.0065246966111,0.00804357898804155,0.754839799008538,12.8365385448144,12.198847996489
2022290,"Veículos automotores e outros equipamentos de transporte",LEVE,2001,4,1.1543205862705,1.00710287956013,0.00685014236581415,0.771477848353003,13.1176930449602,12.2704750477165
2022290,"Veículos automotores e outros equipamentos de transporte",LEVE,2002,1,1.10950497986546,1.00234899635849,0.0145157002370167,0.787669210373163,11.7316965734734,12.258873947178
2022290,"Veículos automotores e outros equipamentos de transporte",LEVE,2002,2,1.09974133166706,1.00455661426019,0.0106846729459756,0.790599171384812,12.4922912948254,12.3372077083736
2022290,"Veículos automotores e outros equipamentos de transporte",LEVE,2002,3,1.16410597688192,1.0058860609544,0.00836744056555411,0.767829937164654,12.9547061532164,12.3871114795703
2022290,"Veículos automotores e outros equipamentos de transporte",LEVE,2002,4,1.16542393824137,1.00644494527958,0.00709697488009489,0.766548482538936,13.2768622432364,12.4877720622827
2022290,"Veículos automotores e outros equipamentos de transporte",LEVE,2003,1,1.28952939588302,1.0020548499417,0.0137000819372348,0.72835621795645,12.2020913938546,12.6050131382192
2022290,"Veículos automotores e outros equipamentos de transporte",LEVE,2003,2,1.15654979133525,1.00497429263301,0.00921812277595123,0.769426028472674,12.9559908542254,12.5514760523941
2022290,"Veículos automotores e outros equipamentos de transporte",LEVE,2003,3,1.10603657221812,1.00654513840585,0.00669925349696252,0.78639034664085,13.4078951061233,12.5515197529568
2022290,"Veículos automotores e outros equipamentos de transporte",LEVE,2003,4,1.11622331350484,1.00720977973252,0.0053958800718482,0.782110712871325,13.7015479919734,12.6154318076258
2022290,"Veículos automotores e outros equipamentos de transporte",LEVE,2004,1,1.14240865743687,1.00286097934982,0.0124427859913929,0.773988662665204,12.418762717113,12.5955322451334
2022290,"Veículos automotores e outros equipamentos de transporte",LEVE,2004,2,1.16535559671075,1.00559149081644,0.00809179638524171,0.766148171597358,13.192461188141,12.5882358648016
2022290,"Veículos automotores e outros equipamentos de transporte",LEVE,2004,3,1.13625682767771,1.00698641924263,0.00569600327719247,0.775173738492052,13.6623143231428,12.6310318218972
2022290,"Veículos automotores e outros equipamentos de transporte",LEVE,2004,4,1.09110156455422,1.00744686554561,0.00456237319277443,0.790152499444142,13.9652104419639,12.7373394370937
2022290,"Veículos automotores e outros equipamentos de transporte",LEVE,2005,1,0.927366533067644,1.0028538301865,0.0118788489458532,0.857939874722786,12.6647911446807,12.7502556761419
2022290,"Veículos automotores e outros equipamentos de transporte",LEVE,2005,2,0.901431061853426,1.00529697509688,0.00800256248484746,0.870086207516408,13.3498231219805,12.7392115971443
2022290,"Veículos automotores e outros equipamentos de transporte",LEVE,2005,3,0.915260156254503,1.00658528479212,0.00585568719343295,0.86293541006455,13.7553941791267,12.7610431275767
2022290,"Veículos automotores e outros equipamentos de transporte",LEVE,2005,4,0.886110464945971,1.00714513580434,0.00468041698719185,0.876240851331532,14.0361163366558,12.8356891297265
2022290,"Veículos automotores e outros equipamentos de transporte",LEVE,2006,1,0.880287474643849,1.00228993729504,0.0125020850502395,0.879976661115395,12.6237111064656,12.8257927263209
2022290,"Veículos automotores e outros equipamentos de transporte",LEVE,2006,2,0.88455186481615,1.0047842707065,0.00848938079101071,0.877804699518148,13.3468963594924,12.8293609864574
2022290,"Veículos automotores e outros equipamentos de transporte",LEVE,2006,3,0.889261012594634,1.00621680872907,0.00616388032466489,0.875054711679984,13.7712606469291,12.8370400071594
2022290,"Veículos automotores e outros equipamentos de transporte",LEVE,2006,4,0.865235706242944,1.00714146056733,0.00461477026773113,0.886612401619219,14.0659036406033,12.8549259297169
2022290,"Veículos automotores e outros equipamentos de transporte",LEVE,2007,1,0.8335201103533,1.00097885295795,0.0136119031810169,0.90212461354496,12.6744626933408,13.0926422242946
2022290,"Veículos automotores e outros equipamentos de transporte",LEVE,2007,2,0.853923310726543,1.00335035334408,0.00970438276731996,0.891488151783062,13.4018823355641,13.1208865336072
2022290,"Veículos automotores e outros equipamentos de transporte",LEVE,2007,3,0.869578515249393,1.00491585202777,0.00726178022139812,0.883414652712444,13.8230625308966,13.1027277353973
2022290,"Veículos automotores e outros equipamentos de transporte",LEVE,2007,4,0.86740715783886,1.00628062049999,0.00533427325813841,0.88462166159622,14.1031880499056,13.0326064089802
2022290,"Veículos automotores e outros equipamentos de transporte",LEVE,2008,1,0.987194731794271,1.00079659343804,0.0139114095278056,0.828896238149562,12.6189035583704,13.0906873515458
2022290,"Veículos automotores e outros equipamentos de transporte",LEVE,2008,2,0.964087274703899,1.0033037262646,0.00980084300213205,0.839045568132328,13.3791155055613,13.1150520035312
2022290,"Veículos automotores e outros equipamentos de transporte",LEVE,2008,3,0.973972071577539,1.00467181567713,0.00753113028336054,0.83456215311446,13.805443083176,13.1355169950242
2022290,"Veículos automotores e outros equipamentos de transporte",LEVE,2008,4,0.930792940268609,1.00569419015678,0.00594987630546524,0.853584036669886,14.0744968195528,13.1199130299536
2022290,"Veículos automotores e outros equipamentos de transporte",LEVE,2009,1,0.733278735430749,1.00018384136576,0.0149870710415618,0.961691306941273,12.4024826959576,13.0656342304515
2022290,"Veículos automotores e outros equipamentos de transporte",LEVE,2009,2,0.778436513174621,1.00282213636211,0.0108473458947099,0.934251986517693,13.1223195734449,13.0412887423101
2022290,"Veículos automotores e outros equipamentos de transporte",LEVE,2009,3,0.869848853870281,1.00430911797545,0.00843905631815625,0.883736401492083,13.5604010318294,13.0477560636773
2022290,"Veículos automotores e outros equipamentos de transporte",LEVE,2009,4,0.89108031101313,1.00546443155394,0.00660805028199088,0.872976314303854,13.8834716616285,13.0419927756127
2022290,"Veículos automotores e outros equipamentos de transporte",LEVE,2010,1,0.934584677244984,0.998728209674033,0.0160029169599854,0.848925812727413,12.5521006988433,13.4200744439519
2022290,"Veículos automotores e outros equipamentos de transporte",LEVE,2010,2,0.919030816491401,1.00150881199454,0.0116528979772764,0.857404819954621,13.3051602683758,13.3909203023237
2022290,"Veículos automotores e outros equipamentos de transporte",LEVE,2010,3,0.953156705120957,1.00328332933313,0.00895977757956073,0.842390270517015,13.7499761308369,13.3500062608061
2022290,"Veículos automotores e outros equipamentos de transporte",LEVE,2010,4,0.957992133261811,1.00337337356912,0.00810206912610209,0.839146301329642,14.0834301131905,13.5418188696953
2022290,"Veículos automotores e outros equipamentos de transporte",LEVE,2011,1,1.0054408046592,0.999265431573565,0.0147907392490429,0.818217614959082,12.8578703971883,13.5144013517935
2022290,"Veículos automotores e outros equipamentos de transporte",LEVE,2011,2,0.991582532676743,1.00185625428783,0.0107049100146382,0.824913861354588,13.5736333172462,13.4960311685881
2022290,"Veículos automotores e outros equipamentos de transporte",LEVE,2011,3,0.967735451420027,1.00337559878222,0.00823826540415015,0.835124403694042,14.0238105759007,13.5042366759561
2022290,"Veículos automotores e outros equipamentos de transporte",LEVE,2011,4,0.939313298877309,1.00381156671119,0.00718925708857643,0.847120833094805,14.3001031667641,13.5983436357184
2022290,"Veículos automotores e outros equipamentos de transporte",LEVE,2012,1,0.917748640703069,0.998942460683703,0.0150418572093788,0.855828984989781,12.8799756378178,13.5861259425371
2022290,"Veículos automotores e outros equipamentos de transporte",LEVE,2012,2,0.92443252520733,1.00147722047827,0.0110263331672005,0.853820111685188,13.5880575333195,13.5730225250841
2022290,"Veículos automotores e outros equipamentos de transporte",LEVE,2012,3,0.963567521511571,1.00283988396601,0.00882858010794658,0.836497047689867,13.9855498809816,13.5764771676738
2022290,"Veículos automotores e outros equipamentos de transporte",LEVE,2012,4,0.95067221643553,1.00372704075911,0.00733467096854017,0.84206281712863,14.2715287027702,13.5956857790526
2022290,"Veículos automotores e outros equipamentos de transporte",LEVE,2013,1,0.913809199640585,0.99889606753958,0.0151372497412611,0.857677996273079,12.8575747160803,13.5804776530618
2022290,"Veículos automotores e outros equipamentos de transporte",LEVE,2013,2,0.976439539135,1.00154586847362,0.0109243758570528,0.830799184020084,13.6043051486158,13.5708408447436
2022290,"Veículos automotores e outros equipamentos de transporte",LEVE,2013,3,1.02883615677053,1.00300326487232,0.00861068891711299,0.809603611007257,14.0135413124831,13.564625507616
2022290,"Veículos automotores e outros equipamentos de transporte",LEVE,2013,4,0.998146591361927,1.00407048850714,0.00692428827837265,0.821983315809097,14.3098247506094,13.55795838303
2022290,"Veículos automotores e outros equipamentos de transporte",LEVE,2014,1,0.937857539656045,0.999332220043348,0.0146554049397099,0.847176014847877,12.8892592104541,13.5219963887831
2022290,"Veículos automotores e outros equipamentos de transporte",LEVE,2014,2,0.946913954277933,1.00186273153363,0.0106035808277957,0.844006943676124,13.614706880916,13.520485620275
2022290,"Veículos automotores e outros equipamentos de transporte",LEVE,2014,3,0.970838663623468,1.00313630662179,0.00848048873126771,0.833567301522966,14.015971759575,13.5422747705716
2022290,"Veículos automotores e outros equipamentos de transporte",LEVE,2014,4,0.950274386511997,1.00387111528109,0.0071203492635715,0.842258375036118,14.305774644735,13.5911982774521
2022290,"Veículos automotores e outros equipamentos de transporte",LEVE,2015,1,0.989259822153359,0.998820699384569,0.0152148538430479,0.824216663941829,12.8545397902965,13.5921052505199
2022290,"Veículos automotores e outros equipamentos de transporte",LEVE,2015,2,0.978702875876308,1.00149913138345,0.0110089962449185,0.829841592683141,13.5866874988612,13.5682374469063
2022290,"Veículos automotores e outros equipamentos de transporte",LEVE,2015,3,1.00444804699698,1.00284002466643,0.00875130517606675,0.819184494672869,14.0188103122388,13.5971955122569
2022290,"Veículos automotores e outros equipamentos de transporte",LEVE,2015,4,0.987089912238532,1.00398363102105,0.00703586853872475,0.826538614777899,14.2967788952276,13.5654035349191
2022290,"Veículos automotores e outros equipamentos de transporte",LEVE,2016,1,0.945744854623306,0.998757816563448,0.0152723550225147,0.842863998112222,12.8551322616456,13.6037553916214
2022290,"Veículos automotores e outros equipamentos de transporte",LEVE,2016,2,0.898242028479965,1.00127961444542,0.0112301304844469,0.865951206939666,13.5799585223468,13.6034202133942
2022290,"Veículos automotores e outros equipamentos de transporte",LEVE,2016,3,0.89842014492737,1.0025906624991,0.00907425193659366,0.866033029702579,13.9802324477123,13.6178690087914
2022290,"Veículos automotores e outros equipamentos de transporte",LEVE,2016,4,0.873957368513933,1.00345132055616,0.00761666420408666,0.877997416559088,14.2612481003321,13.6387358764937
2022290,"Veículos automotores e outros equipamentos de transporte",LEVE,2017,1,0.846849946569032,0.998537935756961,0.0154870556339279,0.890365935455325,12.8513240402077,13.6408250248318
2022290,"Veículos automotores e outros equipamentos de transporte",LEVE,2017,2,0.88258000129709,1.00133631645248,0.0111628862833733,0.873653268056415,13.586061811494,13.5970548122
2022290,"Veículos automotores e outros equipamentos de transporte",LEVE,2017,3,0.939252132130154,1.00282983261955,0.00879623661149415,0.84718098670502,14.0035523140123,13.5895078976655
2022290,"Veículos automotores e outros equipamentos de transporte",LEVE,2017,4,0.930692771674538,1.00374128499999,0.00723941685685514,0.850942768522805,14.306847646474,13.6151579062764
2022290,"Veículos automotores e outros equipamentos de transporte",LEVE,2018,1,0.959496896218909,0.999150704079707,0.0146061517364983,0.836961938503739,12.9837682395779,13.6135013743597
2022290,"Veículos automotores e outros equipamentos de transporte",LEVE,2018,2,0.924325846695428,1.00207782824601,0.0102011810452289,0.854207407178646,13.7013731621551,13.5359504274651
2022290,"Veículos automotores e outros equipamentos de transporte",LEVE,2018,3,0.933510204507509,1.00345313870441,0.00789882319534518,0.849963154114489,14.1388607936143,13.5620802340399
2022290,"Veículos automotores e outros equipamentos de transporte",LEVE,2018,4,0.896374269251522,1.00432170044606,0.00640204580224954,0.867182611082129,14.433582621914,13.5900774011277
2022290,"Veículos automotores e outros equipamentos de transporte",LEVE,2019,1,0.91948048070621,0.999237236898445,0.0144811044147872,0.855047026215391,13.0027515031667,13.6098174576149
2022290,"Veículos automotores e outros equipamentos de transporte",LEVE,2019,2,0.924756977144608,1.00194297279197,0.0102723896894203,0.853760001184246,13.7251091731676,13.574945803127
2022290,"Veículos automotores e outros equipamentos de transporte",LEVE,2019,3,0.931157723225351,1.00338205454483,0.00797877111959271,0.850983496736394,14.1330859834853,13.5712305318747
2022290,"Veículos automotores e outros equipamentos de transporte",LEVE,2019,4,0.886287691205674,1.00418147893532,0.00656672491428366,0.872023300752591,14.4191848113133,13.6062524209117
2022290,"Veículos automotores e outros equipamentos de transporte",LEVE,2020,1,0.860921112984195,0.998721580259127,0.0151698710002787,0.883137471968759,12.9139461185141,13.6469364006395
2022290,"Veículos automotores e outros equipamentos de transporte",LEVE,2020,2,0.74753442067665,1.00118588236099,0.0115688951524128,0.949529809412823,13.4717367954615,13.5527401245213
2022290,"Veículos automotores e outros equipamentos de transporte",LEVE,2020,3,0.80252598312263,1.00296659718278,0.00869284596073283,0.91671265003769,13.9929209748285,13.558343055458
2022290,"Veículos automotores e outros equipamentos de transporte",LEVE,2020,4,0.848566044669815,1.00398321327687,0.00691097997509925,0.891252462557648,14.350793461071,13.5991658231053
2022290,"Veículos automotores e outros equipamentos de transporte",LEVE,2021,1,0.953736414404883,0.999864664249134,0.0133556334902648,0.839670556721777,13.2347237442208,13.6419369134079
2022290,"Veículos automotores e outros equipamentos de transporte",LEVE,2021,2,0.929657912379767,1.00270518993856,0.0089913552976438,0.851523384790084,13.9697416442731,13.5907809621712
2022290,"Veículos automotores e outros equipamentos de transporte",LEVE,2021,3,0.909720714120012,1.00394228432858,0.00680259973405839,0.86051130365398,14.4140437855977,13.6459555505173
2022290,"Veículos automotores e outros equipamentos de transporte",LEVE,2021,4,0.880072204301891,1.00473054300108,0.00534134015651884,0.874496949888209,14.7258683680122,13.6990248941445
2022290,"Veículos automotores e outros equipamentos de transporte",LEVE,2022,1,0.891266825127106,1.00006097814358,0.0128746909723909,0.868431659545386,13.3628360199727,13.686619883502
2022290,"Veículos automotores e outros equipamentos de transporte",LEVE,2022,2,0.877535492786428,1.00265694775494,0.00868784997125734,0.875853101245213,14.1200726756857,13.6931923809076
2022290,"Veículos automotores e outros equipamentos de transporte",LEVE,2022,3,0.922177645438746,1.00390087645438,0.00648600465316619,0.854112960278108,14.5672596501586,13.7489401417119
2022290,"Veículos automotores e outros equipamentos de transporte",LEVE,2022,4,0.920735929084713,1.00449523208887,0.00524375211812093,0.854309023596686,14.8629327149935,13.8267207690923
2022290,"Veículos automotores e outros equipamentos de transporte",LEVE,2023,1,1.00233757867707,0.999393616503136,0.013350088540912,0.817779241764636,13.4272645639306,13.846521033203
2022290,"Veículos automotores e outros equipamentos de transporte",LEVE,2023,2,1.00224887005779,1.00256996501537,0.00868153380408855,0.81933515834386,14.1579086427285,13.7323935477116
2022290,"Veículos automotores e outros equipamentos de transporte",LEVE,2023,3,0.996786727387508,1.00379616688623,0.00656230251413706,0.821402666278723,14.5766323015777,13.773569587624
2022290,"Veículos automotores e outros equipamentos de transporte",LEVE,2023,4,0.979451163377312,1.00540847990172,0.00442758056871992,0.829066765809914,14.8461714458408,13.652438492927
2022290,"Veículos automotores e outros equipamentos de transporte",LEVE,2024,1,1.05834232825054,0.999899245136585,0.0129004927229595,0.796555097002077,13.4169990871842,13.7494133489971
2022290,"Veículos automotores e outros equipamentos de transporte",LEVE,2024,2,1.06905601894778,1.0025370564832,0.00880566610187704,0.793415654691628,14.1176731202302,13.7132033023604
2022290,"Veículos automotores e outros equipamentos de transporte",LEVE,2024,3,1.09657684434643,1.00408506571437,0.00633796240409011,0.783442591148422,14.5567357744286,13.7093347414835
2022290,"Veículos automotores e outros equipamentos de transporte",LEVE,2024,4,1.0317451785165,1.00335210488311,0.00627157420310126,0.806051522154604,14.8812369858646,14.0432037439771
2022290,"Veículos automotores e outros equipamentos de transporte",LEVE,2025,1,0.994550054624137,0.99885313732396,0.0135034600969681,0.819751217749872,13.5793159610457,14.038308449545
2022290,"Veículos automotores e outros equipamentos de transporte",LEVE,2025,2,0.998286967392244,1.00186617448642,0.00898823249920271,0.819732432440541,14.3097774393457,13.9533637232613
2022290,"Veículos automotores e outros equipamentos de transporte",LEVE,2025,3,1.02127800700456,1.00351386029945,0.00644709893247754,0.810734426942215,14.7402625918461,13.9262645028988
2022290,"Veículos automotores e outros equipamentos de transporte",MWET,1989,3,1.48754791667496,1.03723841288352,0.0174271489682899,0.913941713687159,-3.60755811808031,-3.56664214016743
2022290,"Veículos automotores e outros equipamentos de transporte",MWET,1989,4,1.49528403817396,1.03692868062172,0.0154236795991028,0.889952504530702,-2.61872751973561,-2.89437333353135
2022290,"Veículos automotores e outros equipamentos de transporte",MWET,1990,1,1.17879583021029,1.02986085381199,0.0225485403744726,0.991850194441468,-2.83752072451424,-1.76292150731201
2022290,"Veículos automotores e outros equipamentos de transporte",MWET,1990,2,1.02908218728678,1.03391379060277,0.0161348900035819,1.0448893392762,-1.70833206349769,-1.78574041811497
2022290,"Veículos automotores e outros equipamentos de transporte",MWET,1990,3,1.20111391191087,1.02927310845823,0.0187039718609935,0.942580283175717,-0.942669977342928,-0.475720560600885
2022290,"Veículos automotores e outros equipamentos de transporte",MWET,1990,4,1.15866839689231,1.02975975624255,0.0164917264400368,0.946036407853466,-0.185303757537508,-0.0906731877882826
2022290,"Veículos automotores e outros equipamentos de transporte",MWET,1991,1,1.39324524619541,1.02356003462812,0.0246381492054275,0.867466953780082,-1.19497747719848,0.391798399978456
2022290,"Veículos automotores e outros equipamentos de transporte",MWET,1991,2,1.23669887982148,1.02465496099707,0.0212651184489035,0.905524247002836,-0.182683269003929,0.826717198126015
2022290,"Veículos automotores e outros equipamentos de transporte",MWET,1991,3,1.40909571662471,1.02270160638934,0.0210605382116254,0.830838431550263,0.694041905674028,1.72392065620225
2022290,"Veículos automotores e outros equipamentos de transporte",MWET,1991,4,1.77078048225119,1.02032993340827,0.0214426160321164,0.726862552951039,1.48669296947624,2.64373217618689
2022290,"Veículos automotores e outros equipamentos de transporte",MWET,1992,1,1.76440196344999,1.01430093046566,0.0286802013306693,0.724396164698622,0.799951363228895,3.29698188725426
2022290,"Veículos automotores e outros equipamentos de transporte",MWET,1992,2,1.58613429662291,1.01545290818887,0.0246862327607667,0.751529149939659,2.05693385340295,3.87427128881891
2022290,"Veículos automotores e outros equipamentos de transporte",MWET,1992,3,1.35366797594526,1.01601768218948,0.0216665705327309,0.801585704356254,3.13088172429116,4.44274646689884
2022290,"Veículos automotores e outros equipamentos de transporte",MWET,1992,4,1.50186564711245,1.01548260130793,0.020358186151492,0.751536594388635,3.91099271546167,5.02526838166386
2022290,"Veículos automotores e outros equipamentos de transporte",MWET,1993,1,1.80200350855725,1.00800276430418,0.0295333760053158,0.680872291685347,2.97451450429659,5.78303154194204
2022290,"Veículos automotores e outros equipamentos de transporte",MWET,1993,2,1.53367721554839,1.00931411328388,0.024567945124072,0.725783610088086,4.58601058995099,6.55283116701364
2022290,"Veículos automotores e outros equipamentos de transporte",MWET,1993,3,1.50212013969564,1.00894105417967,0.0220978594930989,0.722190863501093,5.80158709499771,7.37787523396177
2022290,"Veículos automotores e outros equipamentos de transporte",MWET,1993,4,1.63020741214568,1.00789873962101,0.020352082435124,0.682775802663362,6.97503819332532,8.29670551588957
2022290,"Veículos automotores e outros equipamentos de transporte",MWET,1994,1,1.37961498985879,1.00045107637656,0.0285845158959348,0.731312426603331,6.43204339259223,9.29410139444881
2022290,"Veículos automotores e outros equipamentos de transporte",MWET,1994,2,1.09726910615538,1.00108022306929,0.0233929195493439,0.807764091157262,8.41643900476092,10.4188490313406
2022290,"Veículos automotores e outros equipamentos de transporte",MWET,1994,3,0.941833212453958,1.00269876580379,0.0202203296984706,0.87051558486684,9.1309420175958,10.5741116886835
2022290,"Veículos automotores e outros equipamentos de transporte",MWET,1995,2,0.858132880509708,1.00129712481402,0.022887895785271,0.912987490786568,8.54662315759178,10.4611308901841
2022290,"Veículos automotores e outros equipamentos de transporte",MWET,1995,3,0.856732388522452,1.00499986206102,0.0168115396749975,0.913461538937713,9.67175351089139,10.4986036938586
2022290,"Veículos automotores e outros equipamentos de transporte",MWET,1995,4,0.802162802461433,1.00583099713218,0.015399487211332,0.943550279184456,9.94505423434796,10.5199551476776
2022290,"Veículos automotores e outros equipamentos de transporte",MWET,1996,1,0.812854527529197,1.00053044607871,0.0240655449460608,0.937643810415643,8.34836644919636,10.4750193457582
2022290,"Veículos automotores e outros equipamentos de transporte",MWET,1996,2,0.761507567356481,1.0036427898849,0.0192510667249647,0.969912988826287,9.16776279252645,10.4277260134784
2022290,"Veículos automotores e outros equipamentos de transporte",MWET,1996,3,0.751200669586822,1.00529244351491,0.0167250000821032,0.976703995757917,9.59095745506809,10.3957269125498
2022290,"Veículos automotores e outros equipamentos de transporte",MWET,1996,4,0.684833711443681,1.00641745915147,0.0149754271724805,1.02272727262138,9.89114855879291,10.3811295032003
2022290,"Veículos automotores e outros equipamentos de transporte",MWET,1997,1,0.649060342187337,1.00200273215754,0.0221108813675646,1.05123568408926,8.59679844428191,10.3658439422891
2022290,"Veículos automotores e outros equipamentos de transporte",MWET,1997,2,0.662780003423254,1.00471591195915,0.0177727764706819,1.0403846155242,9.37193800571132,10.3625554796755
2022290,"Veículos automotores e outros equipamentos de transporte",MWET,1997,3,0.739078453038765,1.00633634712951,0.0151828428607908,0.984773235880694,9.83446378396472,10.3603276156475
2022290,"Veículos automotores e outros equipamentos de transporte",MWET,1997,4,0.675309880638729,1.00724676262416,0.0136447587566157,1.02949539530992,10.1300997710626,10.3813867167248
2022290,"Veículos automotores e outros equipamentos de transporte",MWET,1998,1,0.711625961465719,1.00233053994594,0.0214820435347562,1.0036703369767,8.73559528472318,10.3936017056069
2022290,"Veículos automotores e outros equipamentos de transporte",MWET,1998,2,0.644989651371693,1.00493722472391,0.017312472467929,1.05421135787462,9.48106053387765,10.3909105034292
2022290,"Veículos automotores e outros equipamentos de transporte",MWET,1998,3,0.646803742324169,1.00634036518325,0.0150622064885032,1.0522669325067,9.88485438987953,10.3910339993583
2022290,"Veículos automotores e outros equipamentos de transporte",MWET,1998,4,0.612004330604078,1.00561464597268,0.0151460199157362,1.07818333553593,10.1416726343067,10.6813919762464
2022290,"Veículos automotores e outros equipamentos de transporte",MWET,1999,1,0.937642689376172,1.00275303814386,0.0197254607730447,0.871299871409143,9.32239728553135,10.6837809063128
2022290,"Veículos automotores e outros equipamentos de transporte",MWET,1999,2,0.840077329731913,1.00544870056691,0.015436508900761,0.920377867822548,10.0834157546236,10.6748279860436
2022290,"Veículos automotores e outros equipamentos de transporte",MWET,1999,3,0.843818670758297,1.0070643191735,0.0128649610142962,0.917794147213942,10.5399588199516,10.6697329239494
2022290,"Veículos automotores e outros equipamentos de transporte",MWET,1999,4,0.815683582397222,1.00816347095425,0.0111328413095142,0.9329662482129,10.8430655292509,10.6615936466376
2022290,"Veículos automotores e outros equipamentos de transporte",MWET,2000,1,0.833107500704322,1.00360638400771,0.0184325563285758,0.924607546558716,9.53536118489645,10.6635175751024
2022290,"Veículos automotores e outros equipamentos de transporte",MWET,2000,2,0.856792822149134,1.00651643865532,0.0138362285321804,0.911333777392776,10.3423606085177,10.6447815598922
2022290,"Veículos automotores e outros equipamentos de transporte",MWET,2000,3,0.876021713097279,1.00805650104205,0.0113759040235682,0.900537582573016,10.7814496526261,10.6423550527298
2022290,"Veículos automotores e outros equipamentos de transporte",MWET,2000,4,0.839384652036473,1.00879803087944,0.010055162466753,0.919097785048671,11.0515528860959,10.6777867259775
2022290,"Veículos automotores e outros equipamentos de transporte",MWET,2001,1,0.857581631755979,1.00403772095685,0.0176217779158476,0.910945669438353,9.71080992649031,10.6955618518379
2022290,"Veículos automotores e outros equipamentos de transporte",MWET,2001,2,0.844367277438084,1.00670729477763,0.0133441041627349,0.917379750095435,10.4774971251395,10.6948244263013
2022290,"Veículos automotores e outros equipamentos de transporte",MWET,2001,3,0.869293834530846,1.00814605320067,0.0109730031992008,0.903200309400898,10.9190111315761,10.7120833530119
2022290,"Veículos automotores e outros equipamentos de transporte",MWET,2001,4,0.859438955073653,1.011578150697,0.00719298438080256,0.910727562406455,11.1633219010717,10.2487644611651
2022290,"Veículos automotores e outros equipamentos de transporte",MWET,2002,1,0.800742475412155,1.00697931989442,0.0145577490442007,0.947134744470463,9.84442222610527,10.2511946666215
2022290,"Veículos automotores e outros equipamentos de transporte",MWET,2002,2,0.8097310655335,1.00834145631079,0.0115442882776165,0.938431799115713,10.5938212118545,10.4742180229072
2022290,"Veículos automotores e outros equipamentos de transporte",MWET,2002,3,0.822558571664363,1.00983346954418,0.00918038725299651,0.930047769985412,11.0107333265189,10.4665799976035
2022290,"Veículos automotores e outros equipamentos de transporte",MWET,2002,4,0.832557061801789,1.01085480528569,0.00756618975096028,0.923581942028901,11.2944100361062,10.4602823056634
2022290,"Veículos automotores e outros equipamentos de transporte",MWET,2003,1,0.852460141545454,1.00690590510075,0.0139338510608705,0.915668423609555,10.1430526869509,10.4506119699957
2022290,"Veículos automotores e outros equipamentos de transporte",MWET,2003,2,0.747144034624119,1.00958818622335,0.00966687683877131,0.976379259437083,10.8999971456756,10.4415186947519
2022290,"Veículos automotores e outros equipamentos de transporte",MWET,2003,3,0.759212587187663,1.01109795083479,0.00729899502439442,0.967309740512805,11.31145980116,10.4272975532443
2022290,"Veículos automotores e outros equipamentos de transporte",MWET,2003,4,0.746087893687819,1.01194844636391,0.00587564486111433,0.974620186286751,11.5818162195101,10.443339629201
2022290,"Veículos automotores e outros equipamentos de transporte",MWET,2004,1,0.828554071421451,1.00730697505454,0.0132471564528252,0.928452470281704,10.2772204920856,10.462340137592
2022290,"Veículos automotores e outros equipamentos de transporte",MWET,2004,2,0.84767284808257,1.01035093240296,0.00855656951919706,0.91634864681452,11.07080676948,10.4112177395773
2022290,"Veículos automotores e outros equipamentos de transporte",MWET,2004,3,0.880056765200847,1.01201630531951,0.00584404848735569,0.897535971974681,11.5680461036226,10.4225782905494
2022290,"Veículos automotores e outros equipamentos de transporte",MWET,2004,4,0.860435846154636,1.01291939598997,0.00422633752443335,0.90612979958777,11.9009702037112,10.4682069372238
2022290,"Veículos automotores e outros equipamentos de transporte",MWET,2005,1,0.860195993527236,1.00809477117645,0.0117830045623618,0.91016565026253,10.5904788205366,10.5163866454168
2022290,"Veículos automotores e outros equipamentos de transporte",MWET,2005,2,0.83930591763319,1.01044268090766,0.00795270423442859,0.919411908930871,11.2941278341982,10.5340378489608
2022290,"Veículos automotores e outros equipamentos de transporte",MWET,2005,3,0.843569526010787,1.01112678392082,0.00641359733383388,0.915090394104247,11.6815614475421,10.6529470181394
2022290,"Veículos automotores e outros equipamentos de transporte",MWET,2005,4,0.830934938257243,1.01113615895515,0.00578769709968588,0.920199925759951,11.9476350152344,10.8172077349772
2022290,"Veículos automotores e outros equipamentos de transporte",MWET,2006,1,0.925795048485007,1.00609158454052,0.013784181237972,0.874801450908693,10.536303794588,10.8419535582825
2022290,"Veículos automotores e outros equipamentos de transporte",MWET,2006,2,0.899027406372619,1.0086366635329,0.0096979297091421,0.886443256164043,11.2707143754381,10.8434194183419
2022290,"Veículos automotores e outros equipamentos de transporte",MWET,2006,3,0.905085664799546,1.01009287664429,0.0073721945236111,0.88240239986212,11.6856228257399,10.8409539964372
2022290,"Veículos automotores e outros equipamentos de transporte",MWET,2006,4,0.876686809860294,1.01076187652018,0.00614915334535132,0.895552808729867,11.9428808796778,10.8813857435544
2022290,"Veículos automotores e outros equipamentos de transporte",MWET,2007,1,0.863849810855661,1.00572817882991,0.0139446474355791,0.90454061175665,10.613816226996,10.9554876954049
2022290,"Veículos automotores e outros equipamentos de transporte",MWET,2007,2,0.859961507006462,1.00809621152566,0.00998049145526675,0.905046665145161,11.3670542167618,11.0004562474103
2022290,"Veículos automotores e outros equipamentos de transporte",MWET,2007,3,0.888106067099325,1.00935381471326,0.00783038347714865,0.889374672387434,11.7864144960376,11.0363962050758
2022290,"Veículos automotores e outros equipamentos de transporte",MWET,2007,4,0.862967634529973,1.01041869560778,0.00617614366793566,0.901492945450308,12.0697774388019,11.0220912023231
2022290,"Veículos automotores e outros equipamentos de transporte",MWET,2008,1,0.883286382259912,1.00543877331567,0.0140169210444238,0.893532297583951,10.6994810411812,11.0608312467623
2022290,"Veículos automotores e outros equipamentos de transporte",MWET,2008,2,0.865868445659264,1.00782262549454,0.0100376729079136,0.901061344015705,11.4528401150643,11.1030374372073
2022290,"Veículos automotores e outros equipamentos de transporte",MWET,2008,3,0.890433330643887,1.0090341687535,0.00785947274829042,0.88714310203466,11.902905622347,11.1663901246362
2022290,"Veículos automotores e outros equipamentos de transporte",MWET,2008,4,0.871182300476639,1.00935747216205,0.00694975275080274,0.895607291604483,12.1646236273884,11.271618369072
2022290,"Veículos automotores e outros equipamentos de transporte",MWET,2009,1,0.684184046791115,1.00350448535236,0.0163300613347875,1.01313700012826,10.4829896732279,11.2728062482974
2022290,"Veículos automotores e outros equipamentos de transporte",MWET,2009,2,0.685682803800205,1.00599888289595,0.012384156048984,1.01172066230596,11.1773485379397,11.2583848051394
2022290,"Veículos automotores e outros equipamentos de transporte",MWET,2009,3,0.727120042040062,1.00757218052297,0.0099274184122753,0.981920935045121,11.6014748666766,11.2406643636454
2022290,"Veículos automotores e outros equipamentos de transporte",MWET,2009,4,0.728896739816118,1.00866765818633,0.0081247548196612,0.979867874788829,11.9364798510766,11.253078238144
2022290,"Veículos automotores e outros equipamentos de transporte",MWET,2010,1,0.849497109407217,1.0023705099512,0.0166996075251631,0.905400750209193,10.7814164493396,11.6623519082872
2022290,"Veículos automotores e outros equipamentos de transporte",MWET,2010,2,0.812572108533566,1.00500511818391,0.0124763551161051,0.925668115413023,11.5387545125493,11.6620562165863
2022290,"Veículos automotores e outros equipamentos de transporte",MWET,2010,3,0.844954314471415,1.00635836092875,0.0102083917217905,0.907119225857081,11.970321091329,11.6884519877223
2022290,"Veículos automotores e outros equipamentos de transporte",MWET,2010,4,0.824555604241512,1.00809697356835,0.00791532539109978,0.918665484372039,12.2571467319434,11.5554449302914
2022290,"Veículos automotores e outros equipamentos de transporte",MWET,2011,1,0.749379360693766,1.00319809906194,0.0157373846011426,0.965043109258473,10.8622037574075,11.5642743347634
2022290,"Veículos automotores e outros equipamentos de transporte",MWET,2011,2,0.735239325376177,1.00585354508208,0.0114931733196967,0.973919609314073,11.6201665871785,11.5606301735792
2022290,"Veículos automotores e outros equipamentos de transporte",MWET,2011,3,0.758547160393602,1.00748083809967,0.00890180542655947,0.958167231937802,12.080542419176,11.555831210812
2022290,"Veículos automotores e outros equipamentos de transporte",MWET,2011,4,0.7281776259017,1.0083837608001,0.00742232575825801,0.977287700481607,12.3539356485688,11.5643622789084
2022290,"Veículos automotores e outros equipamentos de transporte",MWET,2012,1,0.583001900780532,1.00338820173536,0.0154714681529612,1.09423869164621,10.9001144626171,11.5538153899832
2022290,"Veículos automotores e outros equipamentos de transporte",MWET,2012,2,0.603194324099704,1.00626497934574,0.0112402661194,1.07632319515798,11.5631223459162,11.4512455586306
2022290,"Veículos automotores e outros equipamentos de transporte",MWET,2012,3,0.633445466637175,1.00764330680218,0.0090508089129029,1.04964110297965,11.9507147720315,11.4457159213727
2022290,"Veículos automotores e outros equipamentos de transporte",MWET,2012,4,0.631335597961765,1.00865395619969,0.00747999818300897,1.05082520059429,12.2199990030869,11.4323590874806
2022290,"Veículos automotores e outros equipamentos de transporte",MWET,2013,1,0.836337144063116,1.00396910952936,0.0150245415684244,0.914843499046051,10.8583098409189,11.4235332085534
2022290,"Veículos automotores e outros equipamentos de transporte",MWET,2013,2,0.809923890727777,1.00648564238493,0.0109305033412845,0.928888888716137,11.6076010270837,11.4394006086791
2022290,"Veículos automotores e outros equipamentos de transporte",MWET,2013,3,0.808248242209687,1.00788036241012,0.00868195565897201,0.929122991119551,12.0140531532067,11.4426925450481
2022290,"Veículos automotores e outros equipamentos de transporte",MWET,2013,4,0.785642233781214,1.0087139618659,0.00725874151892184,0.941614439157064,12.2911714439151,11.4659828177249
2022290,"Veículos automotores e outros equipamentos de transporte",MWET,2014,1,0.712732663293353,1.00365851340721,0.0152237153426836,0.990171352373945,10.8978155306743,11.5038900383665
2022290,"Veículos automotores e outros equipamentos de transporte",MWET,2014,2,0.655478479386633,1.00594250178531,0.0115385172636965,1.03198856963166,11.5647068832559,11.5100834713293
2022290,"Veículos automotores e outros equipamentos de transporte",MWET,2014,3,0.652919408836495,1.00749677066031,0.00911063635079142,1.03344265243499,11.9840730103194,11.4928078207694
2022290,"Veículos automotores e outros equipamentos de transporte",MWET,2014,4,0.589847225746716,1.0086843024144,0.00731376237697121,1.08676272885879,12.279421873303,11.4639755934633
2022290,"Veículos automotores e outros equipamentos de transporte",MWET,2015,1,0.639056382733539,1.00352377671553,0.0156880895417066,1.04643626047902,10.7519895509438,11.4371131179483
2022290,"Veículos automotores e outros equipamentos de transporte",MWET,2015,2,0.584181102135697,1.00604028030958,0.0117446094730026,1.09424628069268,11.4363791233624,11.4125084766984
2022290,"Veículos automotores e outros equipamentos de transporte",MWET,2015,3,0.574929713156618,1.00762235075418,0.00931111558093181,1.1024961489737,11.8469425036295,11.3847554424816
2022290,"Veículos automotores e outros equipamentos de transporte",MWET,2015,4,0.518753518303344,1.0106816439029,0.00588027035297496,1.1628688757283,12.0911981602498,10.9882800499392
2022290,"Veículos automotores e outros equipamentos de transporte",MWET,2016,1,0.525220492224601,1.00523179519255,0.0146679153711918,1.15995493317818,10.5023554968118,10.9750197341032
2022290,"Veículos automotores e outros equipamentos de transporte",MWET,2016,2,0.600955227200176,1.00779024916442,0.0106356900662405,1.08341988892317,11.208073430077,10.9561914504094
2022290,"Veículos automotores e outros equipamentos de transporte",MWET,2016,3,0.617171626674935,1.00919237547383,0.00845853279084212,1.06824091384574,11.5807557211485,10.9370934778456
2022290,"Veículos automotores e outros equipamentos de transporte",MWET,2016,4,0.574210684695211,1.00942921812292,0.00768372421445244,1.10590855645491,11.8192084495653,11.0433221424711
2022290,"Veículos automotores e outros equipamentos de transporte",MWET,2017,1,0.552360712867321,1.00470541376518,0.0153357022163263,1.13061265891202,10.4269248923279,11.0224040812338
2022290,"Veículos automotores e outros equipamentos de transporte",MWET,2017,2,0.545950321945735,1.00725940171118,0.0113088041097066,1.13641478705667,11.1321488163706,11.0040688644051
2022290,"Veículos automotores e outros equipamentos de transporte",MWET,2017,3,0.549297202866243,1.00916460633279,0.00853288273440457,1.13244953627959,11.5599093092018,10.9290737070373
2022290,"Veículos automotores e outros equipamentos de transporte",MWET,2017,4,0.531689995549194,1.0101705227665,0.00690081588382971,1.14994283251309,11.8575148071446,10.9342290945425
2022290,"Veículos automotores e outros equipamentos de transporte",MWET,2018,1,0.618627497636019,1.00592732990241,0.0137476526952814,1.06922406723692,10.6183586008821,10.9225946669643
2022290,"Veículos automotores e outros equipamentos de transporte",MWET,2018,2,0.604107790981232,1.00849960657135,0.00960509777582753,1.08043118785272,11.3660654751231,10.9274740193998
2022290,"Veículos automotores e outros equipamentos de transporte",MWET,2018,3,0.604319268427572,1.01003767832289,0.00716811326456304,1.07894974126295,11.7958950058673,10.9196297198139
2022290,"Veículos automotores e outros equipamentos de transporte",MWET,2018,4,0.598621422124035,1.0109091886706,0.00567128483648162,1.08278117296685,12.0894485600315,10.9463693131559
2022290,"Veículos automotores e outros equipamentos de transporte",MWET,2019,1,0.603019689768062,1.00653644608243,0.0127462370609597,1.08262575650675,10.8042359344117,10.9292509053623
2022290,"Veículos automotores e outros equipamentos de transporte",MWET,2019,2,0.583957720461783,1.00908894545492,0.00871621392804454,1.09860841599599,11.5114081188827,10.9123978003503
2022290,"Veículos automotores e outros equipamentos de transporte",MWET,2019,3,0.588835087685822,1.01052314581623,0.00638753599525939,1.09251463337387,11.9364713325361,10.9202145122797
2022290,"Veículos automotores e outros equipamentos de transporte",MWET,2019,4,0.606402595011448,1.01138153176162,0.00502806331672456,1.07563189407203,12.1761016940868,10.915678148135
2022290,"Veículos automotores e outros equipamentos de transporte",MWET,2020,1,0.64432953172287,1.00615555233869,0.0134582917669738,1.0478439015835,10.6509894490095,10.9020044701289
2022290,"Veículos automotores e outros equipamentos de transporte",MWET,2020,2,0.606665004399728,1.00802153452551,0.0105299501294751,1.07904374835801,11.1602993256917,10.8849055092903
2022290,"Veículos automotores e outros equipamentos de transporte",MWET,2020,3,0.626297995139702,1.00958993409606,0.00801666966608913,1.06071825677411,11.6107814197197,10.8845010779437
2022290,"Veículos automotores e outros equipamentos de transporte",MWET,2020,4,0.615104748688389,1.01084629668061,0.00602138123415398,1.06908056676078,11.9638917681646,10.8793453913961
2022290,"Veículos automotores e outros equipamentos de transporte",MWET,2021,1,0.750953446992656,1.00687023363368,0.0123712863105526,0.970482970988998,10.8311550145019,10.8861609737738
2022290,"Veículos automotores e outros equipamentos de transporte",MWET,2021,2,0.758702371049736,1.00959709588659,0.00796667476541223,0.963606058180345,11.629445778395,10.8948567444169
2022290,"Veículos automotores e outros equipamentos de transporte",MWET,2021,3,0.765664536379449,1.01087773995743,0.0057088607151204,0.957403091353553,12.0859427041061,10.9498244373366
2022290,"Veículos automotores e outros equipamentos de transporte",MWET,2021,4,0.743708557630331,1.01162232707077,0.00433764567288596,0.970086782922617,12.3765735280395,10.9975101361033
2022290,"Veículos automotores e outros equipamentos de transporte",MWET,2022,1,0.747696391509011,1.0070716101786,0.0116043757231047,0.971151399073886,11.0805192830174,11.0055571675911
2022290,"Veículos automotores e outros equipamentos de transporte",MWET,2022,2,0.734802654292321,1.00958281926798,0.00753669823762178,0.977785925533872,11.8205940573677,11.0166315913438
2022290,"Veículos automotores e outros equipamentos de transporte",MWET,2022,3,0.765039251917029,1.01095103225468,0.00523240747580239,0.956657720119065,12.2617801378201,11.0463412403314
2022290,"Veículos automotores e outros equipamentos de transporte",MWET,2022,4,0.738570068800453,1.01177800101114,0.00376539715605329,0.972312847815077,12.5604578778789,11.0842670184395
2022290,"Veículos automotores e outros equipamentos de transporte",MWET,2023,1,0.701955084037799,1.00661662568148,0.0118804984520991,1.00112865186019,11.1451342383263,11.127475956331
2022290,"Veículos automotores e outros equipamentos de transporte",MWET,2023,2,0.6727438738523,1.00902417443155,0.00801470906525849,1.0210692381899,11.840009655755,11.1289565938972
2022290,"Veículos automotores e outros equipamentos de transporte",MWET,2023,3,0.667842270410403,1.01038635838964,0.00575363102026843,1.02331534871383,12.2649982610878,11.1496458938476
2022290,"Veículos automotores e outros equipamentos de transporte",MWET,2023,4,0.64737705694916,1.01120907510649,0.00435096530103204,1.03819900335225,12.5376501499709,11.1721028678581
2022290,"Veículos automotores e outros equipamentos de transporte",MWET,2024,1,0.685558770414159,1.00603411587842,0.0126409455021678,1.01274386911903,11.0524106275304,11.1741440918041
2022290,"Veículos automotores e outros equipamentos de transporte",MWET,2024,2,0.646648756933827,1.00764541883156,0.00931443536915481,1.03966861292363,11.8361991693322,11.3739169171071
2022290,"Veículos automotores e outros equipamentos de transporte",MWET,2024,3,0.648511933088983,1.00885641604674,0.00712927543912847,1.03657797696643,12.2894858184911,11.4393764946382
2022290,"Veículos automotores e outros equipamentos de transporte",MYPK,1989,3,1.38831594856941,1.03981052102066,0.00762881690962119,0.882352615617122,-0.421284535030284,-2.04086785318649
2022290,"Veículos automotores e outros equipamentos de transporte",MYPK,1989,4,1.1318752431249,1.03560014238522,0.0089061900079613,0.948543118004672,0.727597466470121,-0.569037356857823
2022290,"Veículos automotores e outros equipamentos de transporte",MYPK,1990,1,0.788786550308283,1.02756813457064,0.0168124908193044,1.12510818700829,0.561100532584943,0.767995889050755
2022290,"Veículos automotores e outros equipamentos de transporte",MYPK,1990,2,1.05900134807004,1.03035246113791,0.0118435768822614,0.957165358101855,1.57949441112536,0.903655112001433
2022290,"Veículos automotores e outros equipamentos de transporte",MYPK,1990,3,1.06331183654954,1.0297856431664,0.0102706684647982,0.938558030932679,2.48646688864874,1.57099028686759
2022290,"Veículos automotores e outros equipamentos de transporte",MYPK,1990,4,0.86410855874741,1.02984890306976,0.00850525875642178,1.02765073255817,3.22209009037767,2.018429277185
2022290,"Veículos automotores e outros equipamentos de transporte",MYPK,1991,2,0.571765040509698,1.025561648023,0.0129558074719442,1.25958858508488,3.03388468021335,2.67014734522011
2022290,"Veículos automotores e outros equipamentos de transporte",MYPK,1991,3,0.645282326559363,1.02570910861233,0.0109524205672128,1.17026334456112,3.83812249113817,3.14527444191496
2022290,"Veículos automotores e outros equipamentos de transporte",MYPK,1991,4,0.760378201654756,1.02394662903808,0.0106345286368348,1.06099703045428,4.68665076896176,3.99065096925414
2022290,"Veículos automotores e outros equipamentos de transporte",MYPK,1992,1,0.669567112166465,1.01833285454997,0.0173400722880701,1.13013973459716,4.06168263052069,4.60793864626308
2022290,"Veículos automotores e outros equipamentos de transporte",MYPK,1992,2,0.6969578372411,1.01564088751044,0.0166251186888265,1.08072856843429,5.45661544103193,5.96083414275343
2022290,"Veículos automotores e outros equipamentos de transporte",MYPK,1992,3,0.690523614135253,1.01556696663294,0.0144956043455661,1.07265534530968,6.40459944751793,6.5653255714385
2022290,"Veículos automotores e outros equipamentos de transporte",MYPK,1992,4,0.639510607037684,1.01531329659896,0.0125194537790242,1.10151896201812,7.35902058544616,7.20607709805076
2022290,"Veículos automotores e outros equipamentos de transporte",MYPK,1993,1,0.904949785000039,1.00875760237747,0.0203671805172656,0.921650137732985,6.62182737614149,7.9223454336913
2022290,"Veículos automotores e outros equipamentos de transporte",MYPK,1993,2,0.907677523980963,1.00994197296954,0.0156804036711549,0.908032813643136,8.16443923918978,8.67196275141194
2022290,"Veículos automotores e outros equipamentos de transporte",MYPK,1993,3,1.01916102079436,1.00960073966842,0.0131991742684595,0.846753559917739,9.37197312713744,9.48628159333723
2022290,"Veículos automotores e outros equipamentos de transporte",MYPK,1993,4,0.972096056532895,1.0084143210422,0.0116003678658914,0.856936323869561,10.5402287387352,10.4277226197981
2022290,"Veículos automotores e outros equipamentos de transporte",MYPK,1994,1,0.858910200007485,1.00230223086018,0.0176164637752435,0.902461284780958,10.4136747455486,11.445250544176
2022290,"Veículos automotores e outros equipamentos de transporte",MYPK,1994,2,0.941148632003295,1.0027900725459,0.0126726943083123,0.852961350233746,12.3482606148946,12.5642821557196
2022290,"Veículos automotores e outros equipamentos de transporte",MYPK,1994,3,0.915763846940548,1.00437068463885,0.00952632670493585,0.863482331494216,13.0667695018124,12.7288475914283
2022290,"Veículos automotores e outros equipamentos de transporte",MYPK,1994,4,0.87506660493392,1.00569700866403,0.00724858432354469,0.882772883323593,13.5134187175591,12.769478959479
2022290,"Veículos automotores e outros equipamentos de transporte",MYPK,1995,1,0.772254425575728,1.00084292777324,0.0147744394222739,0.93904411485747,12.2281026345312,12.8386439515543
2022290,"Veículos automotores e outros equipamentos de transporte",MYPK,1995,2,0.747082761306035,1.00269834618679,0.0114168106744216,0.954383262576439,12.9267647644898,12.9415336551916
2022290,"Veículos automotores e outros equipamentos de transporte",MYPK,1995,3,0.642078429017725,1.0054322754671,0.00809027587854998,1.03160762414371,13.2573879816832,12.6572907142981
2022290,"Veículos automotores e outros equipamentos de transporte",MYPK,1995,4,0.571703671267468,1.00582576961164,0.00716804060706068,1.09241191130125,13.4961677387365,12.735621415633
2022290,"Veículos automotores e outros equipamentos de transporte",MYPK,1996,1,0.542219501453118,0.999859765040525,0.0168389371325575,1.12138135015457,11.734868683373,12.7073988446935
2022290,"Veículos automotores e outros equipamentos de transporte",MYPK,1997,1,0.673126824453281,1.00181002009473,0.0151461825221312,1.010567581868,11.6774341164577,12.3217196704279
2022290,"Veículos automotores e outros equipamentos de transporte",MYPK,1997,2,0.698328770422407,1.00441883210364,0.0108895589593374,0.992118754324257,12.4595734992289,12.3415194755327
2022290,"Veículos automotores e outros equipamentos de transporte",MYPK,1997,3,0.716160842662722,1.00568270252511,0.00859316845222183,0.978772048245579,12.9394738345368,12.4140922568493
2022290,"Veículos automotores e outros equipamentos de transporte",MYPK,1997,4,0.654377927230365,1.00705385818618,0.00682254584547334,1.0244026519993,13.149380028592,12.2990313281855
2022290,"Veículos automotores e outros equipamentos de transporte",MYPK,1998,1,0.607396384189573,1.00066918264749,0.0172812309386761,1.06424994388916,11.2174314078686,12.2394854228251
2022290,"Veículos automotores e outros equipamentos de transporte",MYPK,1998,2,0.629335946539186,1.0021676770898,0.0142609187618707,1.04443129714138,11.9147400928424,12.4055600909553
2022290,"Veículos automotores e outros equipamentos de transporte",MYPK,1998,3,0.646501230760795,1.0023351877891,0.0141341528601234,1.03085283547519,11.9017755956238,12.3674245338753
2022290,"Veículos automotores e outros equipamentos de transporte",MYPK,1998,4,0.614318207095652,1.0032734140281,0.0131934793950809,1.05906155919546,11.9286103943484,12.2158509719875
2022290,"Veículos automotores e outros equipamentos de transporte",MYPK,2008,3,0.997648359141019,1.00308944448294,0.0116281504182884,0.827415538091862,12.6777687202193,12.7160822564482
2022290,"Veículos automotores e outros equipamentos de transporte",MYPK,2008,4,0.954749293581114,1.00554634685307,0.00767604150422474,0.845520350945572,13.3899381472731,12.7194950639046
2022290,"Veículos automotores e outros equipamentos de transporte",MYPK,2009,1,0.843540044153389,1.00187597482291,0.0136350302759723,0.899796390220574,12.3023459145969,12.6996276788135
2022290,"Veículos automotores e outros equipamentos de transporte",MYPK,2009,2,0.830204314535484,1.00460953520129,0.00949785420680123,0.907576576253367,12.982627518539,12.633522906968
2022290,"Veículos automotores e outros equipamentos de transporte",MYPK,2009,3,0.848009229506394,1.00222285667113,0.0107792370767053,0.89319696893389,13.3935989245013,13.3179835452141
2022290,"Veículos automotores e outros equipamentos de transporte",MYPK,2009,4,0.8573311636902,1.00360232170208,0.0086807517363986,0.888620373879651,13.7415094536538,13.2875013663896
2022290,"Veículos automotores e outros equipamentos de transporte",MYPK,2010,1,0.926540291218113,0.997817140592546,0.0163945666496192,0.850378114372199,12.7510158467466,13.7075700681445
2022290,"Veículos automotores e outros equipamentos de transporte",MYPK,2010,2,0.935853239627483,1.00037137746667,0.0122840070902478,0.847478440891596,13.4922100734268,13.7116238504952
2022290,"Veículos automotores e outros equipamentos de transporte",MYPK,2010,3,0.941913845414096,1.00189085735458,0.00981870123922106,0.845137585752319,13.9417554685378,13.7194109941183
2022290,"Veículos automotores e outros equipamentos de transporte",MYPK,2010,4,0.912398241783271,1.00281730847235,0.00827956013513649,0.858746715381202,14.2313740061255,13.7338405311499
2022290,"Veículos automotores e outros equipamentos de transporte",MYPK,2011,1,0.919225270709776,0.997969803530961,0.0159039603707875,0.853499432652658,12.9009154616872,13.7736717855547
2022290,"Veículos automotores e outros equipamentos de transporte",MYPK,2011,2,0.941827963463571,1.00020407290537,0.0121522371422688,0.844145416637379,13.6165595632577,13.8191900802119
2022290,"Veículos automotores e outros equipamentos de transporte",MYPK,2011,3,0.945096088387058,1.00157848695941,0.00979593795914382,0.84290040807833,14.0776659552359,13.8602110431663
2022290,"Veículos automotores e outros equipamentos de transporte",MYPK,2011,4,0.921003075912026,1.00244560784344,0.00830607775987209,0.853869129133409,14.3699870606533,13.8869694250499
2022290,"Veículos automotores e outros equipamentos de transporte",MYPK,2012,1,0.679256756721242,0.996831062950808,0.0170839096605687,0.990830912209145,12.851859039249,13.9473568891699
2022290,"Veículos automotores e outros equipamentos de transporte",MYPK,2012,2,0.70232611103251,0.999250904287256,0.0132441514556631,0.976332965908819,13.5305488575429,13.9365378453404
2022290,"Veículos automotores e outros equipamentos de transporte",MYPK,2012,3,0.761580824310227,1.00067456137096,0.0109340904340455,0.938215521069421,13.9518414113145,13.9438942766454
2022290,"Veículos automotores e outros equipamentos de transporte",MYPK,2012,4,0.776536567337604,1.00197974529057,0.00902986330214642,0.929796286978416,14.2459825707313,13.8932030592959
2022290,"Veículos automotores e outros equipamentos de transporte",MYPK,2013,1,0.833465540802394,0.993142148038687,0.0202987368961291,0.88701924607049,12.9549023752524,14.6733814780411
2022290,"Veículos automotores e outros equipamentos de transporte",MYPK,2013,2,0.864566369468035,0.9953002556463,0.0165723355860222,0.873143325256458,13.6903734712775,14.7449280666788
2022290,"Veículos automotores e outros equipamentos de transporte",MYPK,2013,3,0.86688083535328,0.996655647735089,0.0143476943611512,0.873200486797796,14.1023939813308,14.7587479369637
2022290,"Veículos automotores e outros equipamentos de transporte",MYPK,2013,4,0.853948401095043,0.997241579494812,0.0131720504830179,0.88002473176063,14.3727491076494,14.8222496563403
2022290,"Veículos automotores e outros equipamentos de transporte",MYPK,2014,1,0.792487641791356,0.992432663625259,0.0210089540579367,0.908194779267004,12.9350919232568,14.7883016225016
2022290,"Veículos automotores e outros equipamentos de transporte",MYPK,2014,2,0.769890387430182,0.994555424294626,0.0175650078797832,0.924201230224632,13.5630506398174,14.799136732442
2022290,"Veículos automotores e outros equipamentos de transporte",MYPK,2014,3,0.784395351589509,0.995778067888246,0.0154839086654402,0.916827266920967,13.9667699712486,14.8315933242022
2022290,"Veículos automotores e outros equipamentos de transporte",MYPK,2014,4,0.786213329043218,0.996349889514215,0.0143690505377533,0.91611598499714,14.216613115304,14.8848335394271
2022290,"Veículos automotores e outros equipamentos de transporte",MYPK,2015,1,0.657542754300158,0.990358105402832,0.0235586760127113,0.992565161391798,12.6732215059858,14.9971382714009
2022290,"Veículos automotores e outros equipamentos de transporte",MYPK,2015,2,0.675403195457934,0.99248126463933,0.020118551316976,0.982936454761171,13.2993716918925,15.0067739527165
2022290,"Veículos automotores e outros equipamentos de transporte",MYPK,2015,3,0.674628939617429,0.992879536161698,0.0189041418045873,0.983517979490828,13.6621944012257,15.1616096952896
2022290,"Veículos automotores e outros equipamentos de transporte",MYPK,2015,4,0.650291555349338,0.993862368985828,0.0174165668826374,1.00327813453972,13.9068202108665,15.1378641576527
2022290,"Veículos automotores e outros equipamentos de transporte",MYPK,2016,1,0.595464066272464,0.989166255710271,0.025272178181615,1.04034495878659,12.4155615924014,15.0502506253109
2022290,"Veículos automotores e outros equipamentos de transporte",MYPK,2016,2,0.617482261910154,0.993129438217259,0.0198544622612562,1.02993615224584,13.1515828327538,14.7983255175301
2022290,"Veículos automotores e outros equipamentos de transporte",MYPK,2016,3,0.617980841170955,0.99471162610502,0.0173035294706562,1.03174948552098,13.6127328004608,14.8021008308874
2022290,"Veículos automotores e outros equipamentos de transporte",MYPK,2016,4,0.614400165805495,0.995927518430061,0.0153601212069136,1.03623916378332,13.9598117432399,14.8004435422657
2022290,"Veículos automotores e outros equipamentos de transporte",MYPK,2017,1,0.658785853276865,0.992693113822196,0.0211132066618282,0.997147675613237,12.7850060409178,14.6479748163096
2022290,"Veículos automotores e outros equipamentos de transporte",MYPK,2017,2,0.696935361496795,0.995184627021636,0.0170184607379972,0.972676508300511,13.5447021564898,14.6748197846316
2022290,"Veículos automotores e outros equipamentos de transporte",MYPK,2017,3,0.733115045175648,0.99682003729534,0.0144554625769072,0.950114115801205,13.9895695947922,14.6588925123325
2022290,"Veículos automotores e outros equipamentos de transporte",MYPK,2017,4,0.73594561529821,0.997693717395541,0.0129430960313719,0.948895423160501,14.288946562365,14.688874768187
2022290,"Veículos automotores e outros equipamentos de transporte",MYPK,2018,1,0.768280299644849,0.993461943069074,0.0197112553006283,0.92423049189515,13.0791029466885,14.693473382911
2022290,"Veículos automotores e outros equipamentos de transporte",MYPK,2018,2,0.785192988477747,0.994495789222915,0.0171513421942845,0.914543173076937,13.7654765337316,14.9360820207652
2022290,"Veículos automotores e outros equipamentos de transporte",MYPK,2018,3,0.812068482186975,0.995791711220774,0.0149393135903783,0.900548825148187,14.1960656662052,14.9721510320743
2022290,"Veículos automotores e outros equipamentos de transporte",MYPK,2018,4,0.77942289840077,0.996903591469511,0.0131416487386077,0.920250115252448,14.5222941239591,14.9761487547375
2022290,"Veículos automotores e outros equipamentos de transporte",MYPK,2019,1,0.74716013953851,0.99176369343745,0.0210992405177333,0.933277719427565,13.1662111574231,15.0524515743299
2022290,"Veículos automotores e outros equipamentos de transporte",MYPK,2019,2,0.788226951663777,0.99450848399596,0.016704499137149,0.912371862776602,13.9530091766057,15.0507634641869
2022290,"Veículos automotores e outros equipamentos de transporte",MYPK,2019,3,0.815504369428691,0.9954883688909,0.0148179808419505,0.897763166068846,14.3708301573406,15.135563661914
2022290,"Veículos automotores e outros equipamentos de transporte",MYPK,2019,4,0.804718929093219,0.996088496231717,0.0136211582621728,0.904147494127753,14.6445861213211,15.198639822697
2022290,"Veículos automotores e outros equipamentos de transporte",MYPK,2020,1,0.66183252970449,0.989847517263002,0.0230215419778776,0.987033454295986,13.1109193945121,15.3617130867948
2022290,"Veículos automotores e outros equipamentos de transporte",MYPK,2020,2,0.535290750883181,0.991213631444625,0.0207791848316732,1.10026722713704,13.5262499178299,15.3756738676075
2022290,"Veículos automotores e outros equipamentos de transporte",MYPK,2020,3,0.637298369433237,0.99294784130528,0.0179175514041804,1.0111779229006,14.0599915949394,15.3974511400568
2022290,"Veículos automotores e outros equipamentos de transporte",MYPK,2020,4,0.674326112227303,0.994742500382675,0.0153055892823452,0.985713276917465,14.4616852056617,15.3260297230387
2022290,"Veículos automotores e outros equipamentos de transporte",MYPK,2021,1,0.887111502708185,0.990728635601456,0.0214489096650779,0.853851476640648,13.433277428728,15.4046936247829
2022290,"Veículos automotores e outros equipamentos de transporte",MYPK,2021,2,0.913550434189283,0.993917898256394,0.0167059401814524,0.846016424375075,14.1907924479906,15.3050080952577
2022290,"Veículos automotores e outros equipamentos de transporte",MYPK,2021,3,0.919229446505262,0.995189916841838,0.0143380147972907,0.844526604111032,14.6982459681493,15.3933033042725
2022290,"Veículos automotores e outros equipamentos de transporte",MYPK,2021,4,0.878191246162572,0.99616412343337,0.0126078756684476,0.864852523738386,15.0509359727657,15.4385018030342
2022290,"Veículos automotores e outros equipamentos de transporte",MYPK,2022,1,0.855149719160355,0.992558200692336,0.0187143932861727,0.872536479247327,13.8737198539341,15.3511769047613
2022290,"Veículos automotores e outros equipamentos de transporte",MYPK,2022,2,0.843464688103705,0.994593216553486,0.01512378877358,0.8808580485926,14.6003309480173,15.4392793555685
2022290,"Veículos automotores e outros equipamentos de transporte",MYPK,2022,3,0.830957124719319,0.996067417640606,0.0127022117857905,0.888955395720579,15.0493004744678,15.4548299710526
2022290,"Veículos automotores e outros equipamentos de transporte",MYPK,2022,4,0.805873809093552,0.997871461707901,0.0103344367057917,0.904636795739344,15.3419239107531,15.3137010023675
2022290,"Veículos automotores e outros equipamentos de transporte",MYPK,2023,1,0.712193707361599,0.992374953923357,0.0191724355399338,0.955971862489032,13.750206199755,15.3070178349997
2022290,"Veículos automotores e outros equipamentos de transporte",MYPK,2023,2,0.730847658856356,0.994576856188346,0.0155503947934362,0.946612897276719,14.4230032480022,15.3316200202501
2022290,"Veículos automotores e outros equipamentos de transporte",MYPK,2023,3,0.754163898683929,0.995753366491772,0.0135384911394813,0.933072135927594,14.8155116334743,15.3653605766312
2022290,"Veículos automotores e outros equipamentos de transporte",MYPK,2023,4,0.749933568042527,0.996733577179291,0.0120071229591204,0.936690726394959,15.0800774771943,15.3545214597396
2022290,"Veículos automotores e outros equipamentos de transporte",MYPK,2024,1,0.768614484617952,0.991651489363755,0.0200833444975144,0.918906672821083,13.6495105449905,15.374000096098
2022290,"Veículos automotores e outros equipamentos de transporte",MYPK,2024,2,0.810847249158223,0.993498716316761,0.0166901578130591,0.896919997211875,14.3668102306685,15.4899829902582
2022290,"Veículos automotores e outros equipamentos de transporte",MYPK,2024,3,0.847280983940962,0.995034632635385,0.0142307628100442,0.879217185522308,14.8071721799469,15.4890941265621
2022290,"Veículos automotores e outros equipamentos de transporte",MYPK,2024,4,0.836778066439519,0.995122811591628,0.013452921906348,0.884361738668775,15.1069440883074,15.6602347988831
2022290,"Veículos automotores e outros equipamentos de transporte",MYPK,2025,1,0.741854192261543,0.990529382956915,0.0210195899468772,0.932782516997247,13.6988126833077,15.6060446100086
2022290,"Veículos automotores e outros equipamentos de transporte",MYPK,2025,2,0.773490298026634,0.99318992450501,0.0167799871415863,0.917606405328588,14.4527316239151,15.5989642965759
2022290,"Veículos automotores e outros equipamentos de transporte",MYPK,2025,3,0.805694241479789,0.994731691813432,0.0143554021799656,0.90101796521185,14.8757232629267,15.5861924474896
2022290,"Veículos automotores e outros equipamentos de transporte",PLAS,1989,3,0.576154967774236,1.02596199035645,0.0330745064205859,1.4996176135013,-5.80193734676373,-2.91232150264015
2022290,"Veículos automotores e outros equipamentos de transporte",PLAS,1989,4,0.70419556100087,1.0245105124968,0.031541644877861,1.3121438050615,-4.5551162492871,-1.87433208592437
2022290,"Veículos automotores e outros equipamentos de transporte",PLAS,1990,1,4.13823448128769,1.01615184802181,0.0397570106851515,0.52672718674666,-4.72300406043674,-0.479566914434741
2022290,"Veículos automotores e outros equipamentos de transporte",PLAS,1990,2,1.59347920636623,1.02034104276241,0.0334473277058971,0.844316860127256,-3.69364503146084,-0.589090223765913
2022290,"Veículos automotores e outros equipamentos de transporte",PLAS,1990,3,2.07179304523832,1.02077545579054,0.0312668496376353,0.730096475296963,-2.92888950922501,-0.190063890256443
2022290,"Veículos automotores e outros equipamentos de transporte",PLAS,1990,4,2.22717014945926,1.01733668334932,0.0327927231603581,0.686220876963624,-2.19862689712717,0.88226612931768
2022290,"Veículos automotores e outros equipamentos de transporte",PLAS,1991,1,2.38772921939666,1.00703369854964,0.0472938365799094,0.6606264133341,-4.29175319068152,1.4251090440175
2022290,"Veículos automotores e outros equipamentos de transporte",PLAS,1991,2,1.48934893977869,1.01117147591555,0.0403626045971923,0.831717861975973,-2.97365627154912,1.50488717659386
2022290,"Veículos automotores e outros equipamentos de transporte",PLAS,1991,3,1.77900648683018,1.01125330341782,0.0382479982401283,0.749396553792825,-2.09497156667461,2.03821869117651
2022290,"Veículos automotores e outros equipamentos de transporte",PLAS,1991,4,1.29208624834048,1.00983868151957,0.0369928388249658,0.858151661476134,-0.982760073179194,2.98564428598157
2022290,"Veículos automotores e outros equipamentos de transporte",PLAS,1992,2,0.676236592310668,1.00580441405252,0.0387849226133759,1.15210376247075,-0.126888169490452,4.24313989919341
2022290,"Veículos automotores e outros equipamentos de transporte",PLAS,1992,3,0.75029345822924,1.00582283251527,0.0364553680841447,1.077999128946,0.870068465012458,4.86160928512807
2022290,"Veículos automotores e outros equipamentos de transporte",PLAS,1992,4,0.750283153249983,1.00497246679871,0.0352983938264391,1.06211295400511,1.71217124669106,5.53935308570609
2022290,"Veículos automotores e outros equipamentos de transporte",PLAS,1994,1,0.742890025268971,0.99270247837174,0.0384998339297648,0.979636402210123,5.28494960381079,9.96872300529168
2022290,"Veículos automotores e outros equipamentos de transporte",PLAS,1994,2,1.80423175141397,0.990856795529544,0.0369596135483305,0.617418152181157,6.69407409555088,11.1786533931903
2022290,"Veículos automotores e outros equipamentos de transporte",PLAS,1994,3,2.40126274972695,0.990540885959019,0.0363305798250909,0.533104085996935,7.09280787060323,11.4840037496807
2022290,"Veículos automotores e outros equipamentos de transporte",PLAS,1994,4,2.89701829468285,0.990977996995767,0.0353372238376575,0.485339204064976,7.34464441441329,11.5626531048101
2022290,"Veículos automotores e outros equipamentos de transporte",PLAS,1995,1,1.72427815066182,0.985969707284218,0.0430899424272719,0.62183544300487,6.02376593647322,11.6373025696653
2022290,"Veículos automotores e outros equipamentos de transporte",PLAS,1995,3,0.603043230211499,0.991163694126064,0.0342762624500588,1.06188605068888,7.72711860877268,11.7678789248256
2022290,"Veículos automotores e outros equipamentos de transporte",PLAS,1995,4,0.569031280642716,0.991321562853412,0.0339280741003057,1.09318497906886,7.81351302682973,11.793440383626
2022290,"Veículos automotores e outros equipamentos de transporte",PLAS,1996,1,0.911902629958864,0.982195069705016,0.0485197624437091,0.844660194390516,5.20641515691092,11.804681429593
2022290,"Veículos automotores e outros equipamentos de transporte",PLAS,1996,2,0.885724579391621,0.984048663440717,0.0454842964390097,0.861581920961078,5.76691280632272,11.8217292076338
2022290,"Veículos automotores e outros equipamentos de transporte",PLAS,1996,3,1.0230717214172,0.98529902371318,0.0436393873964179,0.804733727785023,6.05760978763974,11.7787248419081
2022290,"Veículos automotores e outros equipamentos de transporte",PLAS,1996,4,1.45163372920081,0.986165045673788,0.0422755810588018,0.677124182994297,6.29602614732639,11.7720615043216
2022290,"Veículos automotores e outros equipamentos de transporte",PLAS,1997,1,1.5056101839308,0.979130489162008,0.0535389184217326,0.650943396119251,4.27949079793497,11.7763442808951
2022290,"Veículos automotores e outros equipamentos de transporte",PLAS,1997,2,0.922562569569206,0.98179562051966,0.0491523888292573,0.838709677435934,5.09490470159884,11.8067932548633
2022290,"Veículos automotores e outros equipamentos de transporte",POMO,1989,3,1.26804178817113,1.03673580603666,0.0141599525616274,0.952318927526463,-1.9960106824336,-2.47140252234513
2022290,"Veículos automotores e outros equipamentos de transporte",POMO,1989,4,1.34415202400923,1.03415893879766,0.0136389231739173,0.895514096317771,-0.731151540011418,-1.22027818073923
2022290,"Veículos automotores e outros equipamentos de transporte",POMO,1990,1,1.18573043777275,1.02689317413668,0.0202339402333758,0.937950762204929,-0.641599133324657,0.138988370201865
2022290,"Veículos automotores e outros equipamentos de transporte",POMO,1990,2,1.42809701453834,1.02916732334387,0.0163164388768673,0.845847870557875,0.129422028366066,0.211889665626497
2022290,"Veículos automotores e outros equipamentos de transporte",POMO,1990,3,1.42890863545016,1.02778948811925,0.0156322997292377,0.829689472592506,0.980587234102512,0.989908904438497
2022290,"Veículos automotores e outros equipamentos de transporte",POMO,1990,4,1.38215460648258,1.02870750927351,0.0128467646020139,0.83204614569725,1.81099380239597,1.34312481821079
2022290,"Veículos automotores e outros equipamentos de transporte",POMO,1991,1,1.03587993412976,1.02890170248909,0.0152503244679527,0.981773410903322,0.696303654649968,0.61308769453732
2022290,"Veículos automotores e outros equipamentos de transporte",POMO,1991,3,1.04979486966773,1.03039922346324,0.00912136209980999,0.941142502046117,2.73430553022619,1.6154892069642
2022290,"Veículos automotores e outros equipamentos de transporte",POMO,1991,4,1.13165296541965,1.02600133160781,0.0109532608726487,0.885784814262079,3.71979713266472,3.019056006241
2022290,"Veículos automotores e outros equipamentos de transporte",POMO,1992,1,1.20919140161631,1.02080881447918,0.0168315980680108,0.855220770766903,3.28142959306107,3.67715124728045
2022290,"Veículos automotores e outros equipamentos de transporte",POMO,1992,2,1.35147554815777,1.02197701361317,0.0125965497740869,0.794052289384728,4.63580587322933,4.31227240507917
2022290,"Veículos automotores e outros equipamentos de transporte",POMO,1992,3,1.33552952409925,1.02248403921783,0.00939010300889536,0.785800359856323,5.81359781174596,4.95587173688482
2022290,"Veículos automotores e outros equipamentos de transporte",POMO,1992,4,1.20892638936928,1.02178923049546,0.00774565835367753,0.814057448127548,6.80307991000216,5.69762624791854
2022290,"Veículos automotores e outros equipamentos de transporte",POMO,1993,1,0.731826693429826,1.01499493652842,0.0159318303227456,1.04585768344885,6.01628212384123,6.4257603479519
2022290,"Veículos automotores e outros equipamentos de transporte",POMO,1993,2,0.831817113919956,1.01586695834375,0.0115781938475316,0.964640339683516,7.54134723552843,7.22046692163794
2022290,"Veículos automotores e outros equipamentos de transporte",POMO,1993,3,0.839145181992184,1.01550708411569,0.00904095524155387,0.946864655196385,8.78055446654953,8.05788354769151
2022290,"Veículos automotores e outros equipamentos de transporte",POMO,1993,4,0.936328662403143,1.01478431791353,0.00690428997043661,0.884737016462245,9.99354411532083,8.9440486910151
2022290,"Veículos automotores e outros equipamentos de transporte",POMO,1994,1,1.06070108285222,1.00570617268754,0.0176442544874434,0.826408082934201,9.02760719283737,9.97016194529384
2022290,"Veículos automotores e outros equipamentos de transporte",POMO,1994,2,0.914002617899733,1.00660639192885,0.012318127228339,0.878478561794011,10.9605808976214,11.0142111331879
2022290,"Veículos automotores e outros equipamentos de transporte",POMO,1994,3,0.824234687398934,1.00833392194235,0.00912099104082974,0.922952996779499,11.6416716904221,11.1290841650952
2022290,"Veículos automotores e outros equipamentos de transporte",POMO,1994,4,0.771370836815468,1.00966756097155,0.00686148426546722,0.9526910311254,12.0775057084359,11.1616581535386
2022290,"Veículos automotores e outros equipamentos de transporte",POMO,1995,1,0.658848906385891,1.00506438174815,0.0139491752639902,1.03260954615841,10.8798221996728,11.2404675034061
2022290,"Veículos automotores e outros equipamentos de transporte",POMO,1995,2,0.697566705788034,1.00717241159984,0.0102599211241643,1.00182040413157,11.6194923532679,11.3236164405856
2022290,"Veículos automotores e outros equipamentos de transporte",POMO,1995,3,0.732615149467414,1.00857388545863,0.00781855314423451,0.976139475814453,12.1063529515923,11.3758452749207
2022290,"Veículos automotores e outros equipamentos de transporte",POMO,1995,4,0.756291447935728,1.00905925793656,0.00654324248081517,0.959011274464069,12.4602728429711,11.5095034259679
2022290,"Veículos automotores e outros equipamentos de transporte",POMO,1996,1,0.832639869658993,1.00336629346778,0.0156519539847801,0.916001894237297,10.8311414810548,11.5147290565207
2022290,"Veículos automotores e outros equipamentos de transporte",POMO,1996,2,0.850155277801247,1.00616767056161,0.0111472665309504,0.906006433391232,11.6425003928501,11.5182077421469
2022290,"Veículos automotores e outros equipamentos de transporte",POMO,1996,3,0.810108284730229,1.00772309125009,0.00861429661252147,0.92730305656184,12.1067108791223,11.5286936176487
2022290,"Veículos automotores e outros equipamentos de transporte",POMO,1996,4,0.803925068428334,1.0088671002466,0.00685866476348479,0.930327254331202,12.4018471648969,11.5075364178051
2022290,"Veículos automotores e outros equipamentos de transporte",POMO,1997,1,0.750424998845662,1.00327160545289,0.015736026498758,0.964688995205601,10.8331166280748,11.5329471094569
2022290,"Veículos automotores e outros equipamentos de transporte",POMO,1997,2,0.84036133547197,1.00580640063595,0.0115453774250138,0.910925659310588,11.6166897163759,11.5669190535297
2022290,"Veículos automotores e outros equipamentos de transporte",POMO,1997,3,0.869444159138952,1.007556284161,0.00866354731464229,0.894643237991093,12.1528121669777,11.5873694270302
2022290,"Veículos automotores e outros equipamentos de transporte",POMO,1997,4,0.856501836011308,1.00905805943897,0.00639268262300842,0.900777794422561,12.5256708048136,11.5505052748856
2022290,"Veículos automotores e outros equipamentos de transporte",POMO,1998,1,0.8666039585271,1.00447926504445,0.0136674908154803,0.897300957560578,11.2374678341024,11.5684857836472
2022290,"Veículos automotores e outros equipamentos de transporte",POMO,1998,2,0.83240620566399,1.00704992768254,0.00942861377644627,0.914467212933109,12.027355710275,11.5999617704825
2022290,"Veículos automotores e outros equipamentos de transporte",POMO,1998,3,0.816839821009559,1.00818861745985,0.00729498595305915,0.921724083717078,12.4876128877472,11.6827399964764
2022290,"Veículos automotores e outros equipamentos de transporte",POMO,1998,4,0.80896586190339,1.00984320505727,0.0050717696825123,0.926075823040595,12.7782413390377,11.5671780088567
2022290,"Veículos automotores e outros equipamentos de transporte",POMO,1999,1,0.975063375498214,1.00244952259654,0.0158933738384252,0.843549651138768,11.097130166853,11.845079390378
2022290,"Veículos automotores e outros equipamentos de transporte",POMO,1999,2,0.83345924350998,1.00512215051742,0.0116612117239184,0.91241554359412,11.8429620758767,11.8307872347324
2022290,"Veículos automotores e outros equipamentos de transporte",POMO,1999,3,0.807027252589745,1.00687211302289,0.00889371426725395,0.926739353960486,12.3297579109315,11.8204598326024
2022290,"Veículos automotores e outros equipamentos de transporte",POMO,1999,4,0.805860632259004,1.00846414601975,0.00646945104102314,0.926834300234644,12.7323198414166,11.7859293261199
2022290,"Veículos automotores e outros equipamentos de transporte",POMO,2000,1,0.810745508561611,1.00449007220724,0.012857599608053,0.925675910206994,11.5822913328854,11.7816036813481
2022290,"Veículos automotores e outros equipamentos de transporte",POMO,2000,2,0.816348342183648,1.00734661095325,0.00831320072018621,0.921650240228069,12.3885045333208,11.7719776104223
2022290,"Veículos automotores e outros equipamentos de transporte",POMO,2000,3,0.800211095723927,1.00877128587343,0.00603247118540221,0.930027117613057,12.7967398878603,11.7710080468727
2022290,"Veículos automotores e outros equipamentos de transporte",POMO,2000,4,0.829636377565847,1.01011490627313,0.0039254906564698,0.91244401885817,13.1627827075061,11.7582646783796
2022290,"Veículos automotores e outros equipamentos de transporte",POMO,2001,1,1.02111323661179,1.00562992210447,0.0111536148502342,0.824889123886333,11.8568388042189,11.7483519298965
2022290,"Veículos automotores e outros equipamentos de transporte",POMO,2001,2,1.0297706022675,1.00836411124968,0.00694826532051132,0.820669750458347,12.5662597032706,11.7003077123411
2022290,"Veículos automotores e outros equipamentos de transporte",POMO,2001,3,1.03542636301918,1.00815302686286,0.00618608494013868,0.81614895556162,12.9800846184517,11.9962652535091
2022290,"Veículos automotores e outros equipamentos de transporte",POMO,2001,4,0.9510366446215,1.0099741472259,0.00363791895778053,0.851164556047823,13.3435906525536,11.8962804055379
2022290,"Veículos automotores e outros equipamentos de transporte",POMO,2002,1,0.909116686655609,1.00652161568601,0.00993741047364854,0.874439461866898,12.0212533215112,11.690930481394
2022290,"Veículos automotores e outros equipamentos de transporte",POMO,2002,2,0.948438904731633,1.00740235918435,0.00734410238799958,0.853053072747196,12.7838288989033,12.0085294239747
2022290,"Veículos automotores e outros equipamentos de transporte",POMO,2002,3,1.04720176538492,1.00819954585181,0.00555608283674193,0.810372230761806,13.2329326361362,12.1456142671445
2022290,"Veículos automotores e outros equipamentos de transporte",POMO,2002,4,1.00512300303521,1.009247781426,0.00377361813509515,0.826292555565902,13.5782992725803,12.1729652310303
2022290,"Veículos automotores e outros equipamentos de transporte",POMO,2003,1,0.813308223784477,1.00418871199913,0.0117751052461895,0.920509139655969,12.1706622822049,12.2026153203632
2022290,"Veículos automotores e outros equipamentos de transporte",POMO,2003,2,0.758147484843642,1.00664226158329,0.00774758271902387,0.95252889602847,12.9166998619342,12.2277521921735
2022290,"Veículos automotores e outros equipamentos de transporte",POMO,2003,3,0.772118514293269,1.00803629405205,0.00540168282801541,0.942878937140563,13.3654031204217,12.2575182998104
2022290,"Veículos automotores e outros equipamentos de transporte",POMO,2003,4,0.779902367459659,1.0088225534972,0.00392248449947365,0.937132970487157,13.6857690658997,12.3162732927302
2022290,"Veículos automotores e outros equipamentos de transporte",POMO,2004,1,0.79861558457828,1.00401390589874,0.0115003606498375,0.927691318975633,12.3596837359481,12.3518613257994
2022290,"Veículos automotores e outros equipamentos de transporte",POMO,2004,2,0.800685693346182,1.00622159039292,0.00777773857677104,0.925597414745481,13.0735124672299,12.4010165229373
2022290,"Veículos automotores e outros equipamentos de transporte",POMO,2004,3,0.793218934881444,1.00768104564962,0.00534618327222999,0.929058666386146,13.5327366833784,12.42560797102
2022290,"Veículos automotores e outros equipamentos de transporte",POMO,2004,4,0.780944341929091,1.00878487522744,0.00350371726918039,0.935459642276104,13.8815310925647,12.4451236564425
2022290,"Veículos automotores e outros equipamentos de transporte",POMO,2005,1,0.738623532226547,1.00383065829492,0.0114066217803426,0.963750379146339,12.4740718611055,12.4560749794472
2022290,"Veículos automotores e outros equipamentos de transporte",POMO,2005,2,0.725178503917046,1.00590296181019,0.00784135191834438,0.971683347768765,13.1747077878458,12.5212883748837
2022290,"Veículos automotores e outros equipamentos de transporte",POMO,2005,3,0.728623133340465,1.0074078339746,0.00532844454834318,0.968487573112626,13.6506734349428,12.5481735773545
2022290,"Veículos automotores e outros equipamentos de transporte",POMO,2005,4,0.739997325299005,1.00828934069461,0.00377836899914084,0.960177433145744,13.9631492993548,12.5849212148049
2022290,"Veículos automotores e outros equipamentos de transporte",POMO,2006,1,0.746937729155966,1.00283454068132,0.012444548791133,0.95710981145403,12.4286753069898,12.6064573136974
2022290,"Veículos automotores e outros equipamentos de transporte",POMO,2006,2,0.780834918092819,1.0060316331895,0.00774076898998945,0.936600947626861,13.1661329084038,12.4928579352425
2022290,"Veículos automotores e outros equipamentos de transporte",POMO,2006,3,0.786980779143361,1.00664604932085,0.00610915114911713,0.931314609065937,13.6215836212259,12.6666886580382
2022290,"Veículos automotores e outros equipamentos de transporte",POMO,2006,4,0.78152474600101,1.00771774356652,0.00439498786529022,0.934031536122259,13.9280323017101,12.6655593171295
2022290,"Veículos automotores e outros equipamentos de transporte",POMO,2007,1,0.796580928100429,1.00161812964178,0.0136543978058208,0.925072939779819,12.3980811705301,12.8055902278172
2022290,"Veículos automotores e outros equipamentos de transporte",POMO,2007,2,0.788497655024306,1.00439266025971,0.00904335028222975,0.929645392390538,13.2661346670725,12.8492437388043
2022290,"Veículos automotores e outros equipamentos de transporte",POMO,2007,3,0.778043773713679,1.00574685812964,0.00667517785903847,0.935180645211646,13.7405209923366,12.9021736268223
2022290,"Veículos automotores e outros equipamentos de transporte",POMO,2007,4,0.764025093436039,1.00681240543039,0.00482695544705182,0.94303249805265,14.1072508783272,12.9397426680287
2022290,"Veículos automotores e outros equipamentos de transporte",POMO,2008,1,0.79166033937879,1.00082247345096,0.0139445818353143,0.925769417377311,12.5941541481682,13.0706091980888
2022290,"Veículos automotores e outros equipamentos de transporte",POMO,2008,2,0.758499038599055,1.00368575213724,0.00927273068100669,0.946106714723655,13.4525978827679,13.0923487389192
2022290,"Veículos automotores e outros equipamentos de transporte",POMO,2008,3,0.768249901614504,1.00519758956839,0.00670467385889663,0.93960816516196,13.9495296145364,13.1310603835702
2022290,"Veículos automotores e outros equipamentos de transporte",POMO,2008,4,0.83645205985758,1.00684818077111,0.00449689730524744,0.900748989451159,14.235114447431,13.0130697532056
2022290,"Veículos automotores e outros equipamentos de transporte",POMO,2009,1,0.956556734370898,1.00045086597539,0.0146375921140548,0.842243989832444,12.445370070036,13.044479963261
2022290,"Veículos automotores e outros equipamentos de transporte",POMO,2009,2,0.840889693939357,1.0031693248462,0.0103220441202797,0.898968584538713,13.2086531541531,13.0328499336547
2022290,"Veículos automotores e outros equipamentos de transporte",POMO,2009,3,0.790425151277992,1.00474076564649,0.00780849350113746,0.927130453527859,13.6580240585223,13.0312069146407
2022290,"Veículos automotores e outros equipamentos de transporte",POMO,2009,4,0.799150823003501,1.00605424456831,0.00571373421997587,0.921738826190846,14.0309650198508,13.0281728410453
2022290,"Veículos automotores e outros equipamentos de transporte",POMO,2010,1,0.834062916900995,1.00144865017918,0.0127058580655176,0.901688858562414,12.8754604057529,13.1337212277321
2022290,"Veículos automotores e outros equipamentos de transporte",POMO,2010,2,0.831569645822529,1.00380503691475,0.00874682845981344,0.902968990817468,13.6311893303607,13.1823324893623
2022290,"Veículos automotores e outros equipamentos de transporte",POMO,2010,3,0.841713816154297,1.00503023050964,0.00662288207507453,0.897075991399021,14.0523529265618,13.2252111247826
2022290,"Veículos automotores e outros equipamentos de transporte",POMO,2010,4,0.828959249407431,1.00604892078156,0.00486732279137206,0.903458140332467,14.3980459367445,13.258065810065
2022290,"Veículos automotores e outros equipamentos de transporte",POMO,2011,1,0.843356978464404,1.00041899547662,0.0133694634630759,0.894641625345657,13.0049913787357,13.3992171488905
2022290,"Veículos automotores e outros equipamentos de transporte",POMO,2011,2,0.831635782680105,1.00267683164507,0.00961141320850256,0.901253642277449,13.7138500683156,13.4362758963005
2022290,"Veículos automotores e outros equipamentos de transporte",POMO,2011,3,0.836061537360608,1.00382380431286,0.00749303074502848,0.898432427070613,14.1641905867698,13.5113835052772
2022290,"Veículos automotores e outros equipamentos de transporte",POMO,2011,4,0.850169114620894,1.00478541438649,0.00583258585165085,0.890650509896824,14.4919166909065,13.5432724355348
2022290,"Veículos automotores e outros equipamentos de transporte",POMO,2012,1,0.824423487114135,0.999492454764911,0.0139685426709724,0.902967188000902,13.1207184169985,13.6376061915247
2022290,"Veículos automotores e outros equipamentos de transporte",POMO,2012,2,0.813431929069111,1.00174255978771,0.0102060631878567,0.909640886523803,13.8346076452492,13.6791892434101
2022290,"Veículos automotores e outros equipamentos de transporte",POMO,2012,3,0.816777872712579,1.00299009240117,0.00804075297585578,0.907695148183046,14.264587632519,13.7235589847113
2022290,"Veículos automotores e outros equipamentos de transporte",POMO,2012,4,0.829772825757289,1.0040818505205,0.00624606433180172,0.90048083306042,14.5976556894269,13.7354321066103
2022290,"Veículos automotores e outros equipamentos de transporte",POMO,2013,1,0.776153718484307,0.998391985918009,0.0148928677624094,0.928616968299329,13.1664255017978,13.8635269819216
2022290,"Veículos automotores e outros equipamentos de transporte",POMO,2013,2,0.796917055381974,1.00022383333431,0.0112557716507237,0.916415040195067,13.9950955153501,14.0517273378166
2022290,"Veículos automotores e outros equipamentos de transporte",POMO,2013,3,0.816163382800426,1.0014347916081,0.00914622859977636,0.905726752701117,14.4157955281962,14.0968705428181
2022290,"Veículos automotores e outros equipamentos de transporte",POMO,2013,4,0.81194744350035,1.00211119635272,0.00788777760551936,0.907983917416277,14.685331430279,14.1436312653034
2022290,"Veículos automotores e outros equipamentos de transporte",POMO,2014,1,0.808065152966779,0.99657305424801,0.0167888138292231,0.907197610644301,13.083241759133,14.1379482378822
2022290,"Veículos automotores e outros equipamentos de transporte",POMO,2014,2,0.777842673666631,0.999097983640411,0.0127177565229469,0.926520774776647,13.8192352088322,14.1440159519754
2022290,"Veículos automotores e outros equipamentos de transporte",POMO,2014,3,0.777331688327222,1.00044686256066,0.0104050205902351,0.927282327617883,14.2718671155978,14.1843324014032
2022290,"Veículos automotores e outros equipamentos de transporte",POMO,2014,4,0.778516228698994,1.00152449124263,0.00866209658829165,0.926913056490461,14.5883204500083,14.188378092124
2022290,"Veículos automotores e outros equipamentos de transporte",POMO,2015,1,0.805632049332069,0.994988831156839,0.01887141616673,0.906354613185859,12.8248348847378,14.2609831235074
2022290,"Veículos automotores e outros equipamentos de transporte",POMO,2015,2,0.774104489455092,0.99740367168027,0.0150505042656089,0.927041568493028,13.4974177868169,14.2472524722709
2022290,"Veículos automotores e outros equipamentos de transporte",POMO,2015,3,0.77544648339624,0.998189538232967,0.0133516640736461,0.926251544329069,13.9126413249481,14.3652379294041
2022290,"Veículos automotores e outros equipamentos de transporte",POMO,2015,4,0.781950915014745,0.999851312845803,0.010960152629801,0.923733558072759,14.272929331567,14.2918313369375
2022290,"Veículos automotores e outros equipamentos de transporte",POMO,2016,1,0.616920123948636,0.993834463864881,0.0206013700812647,1.03400092979813,12.5449510703145,14.2935110444437
2022290,"Veículos automotores e outros equipamentos de transporte",POMO,2016,2,0.691477542460871,0.99730267864513,0.0152539082984119,0.980838921608981,13.4504881086297,14.2361010426536
2022290,"Veículos automotores e outros equipamentos de transporte",POMO,2016,3,0.687809975062103,0.999293644197989,0.0122676288097359,0.985212534340214,13.9343253607214,14.1806945967535
2022290,"Veículos automotores e outros equipamentos de transporte",POMO,2016,4,0.684999343863512,1.00047397888987,0.0103988812904479,0.987869291819243,14.2635679071812,14.1742919865057
2022290,"Veículos automotores e outros equipamentos de transporte",POMO,2017,1,0.583184188587047,0.99446362679026,0.0198766550004965,1.06482928160982,12.6034360872549,14.217120105609
2022290,"Veículos automotores e outros equipamentos de transporte",POMO,2017,2,0.687769138154112,0.997287211048768,0.0152076841579332,0.983363831387863,13.4766616103618,14.2551994641323
2022290,"Veículos automotores e outros equipamentos de transporte",POMO,2017,3,0.705006242765269,0.998885196980734,0.0126344618631749,0.972457882147015,13.9410444662939,14.2581570056034
2022290,"Veículos automotores e outros equipamentos de transporte",POMO,2017,4,0.724518253819607,0.999809656439568,0.0109616683098415,0.959536659175961,14.2890914847944,14.3093840107926
2022290,"Veículos automotores e outros equipamentos de transporte",POMO,2018,1,0.72840951614989,0.994808044357289,0.0188167718236778,0.952504682253792,12.921373968514,14.3536233907107
2022290,"Veículos automotores e outros equipamentos de transporte",POMO,2018,2,0.763939325783494,0.997071342626231,0.0148847411700329,0.931987267645609,13.7030397136145,14.4351099744247
2022290,"Veículos automotores e outros equipamentos de transporte",POMO,2018,3,0.776301002534547,0.998694266872652,0.0121574477694757,0.925588937788855,14.223783640021,14.4687445949363
2022290,"Veículos automotores e outros equipamentos de transporte",POMO,2018,4,0.779099810368735,0.999851270732713,0.0102450333011207,0.924500396925023,14.5812713404484,14.4841430330949
2022290,"Veículos automotores e outros equipamentos de transporte",POMO,2019,1,0.717855482750711,0.994485850968432,0.0188072360379288,0.958394031779516,13.0555466918063,14.4951018061502
2022290,"Veículos automotores e outros equipamentos de transporte",POMO,2019,2,0.732830548836651,0.997251276001624,0.0143116232172455,0.951353141454406,13.8775059997775,14.5116411457359
2022290,"Veículos automotores e outros equipamentos de transporte",POMO,2019,3,0.723023180988157,0.998249960362949,0.0124728083087608,0.958273277516285,14.2671707070906,14.5755086150437
2022290,"Veículos automotores e outros equipamentos de transporte",POMO,2019,4,0.738978721227296,0.999028102830706,0.0110496367861304,0.948171099187164,14.566657211769,14.6226978100218
2022290,"Veículos automotores e outros equipamentos de transporte",POMO,2020,1,0.754247961297079,0.992625873757751,0.0209366354451601,0.931483829497824,12.8882781640831,14.7244449876738
2022290,"Veículos automotores e outros equipamentos de transporte",POMO,2020,2,0.782785153681382,0.994601556886373,0.0176333297863863,0.916767886101921,13.5149709598527,14.760875016003
2022290,"Veículos automotores e outros equipamentos de transporte",POMO,2020,3,0.758136677288618,0.995902961701904,0.0154866789018974,0.932922279215946,13.9151590934797,14.7770002189499
2022290,"Veículos automotores e outros equipamentos de transporte",POMO,2020,4,0.800903565969383,0.997135768891275,0.0136320627618548,0.908928563571868,14.2171270449553,14.7441741078611
2022290,"Veículos automotores e outros equipamentos de transporte",POMO,2021,1,0.573764410703473,0.991328797706706,0.022755964294219,1.06535687185396,12.6274681126525,14.7944693876995
2022290,"Veículos automotores e outros equipamentos de transporte",POMO,2021,2,0.538642726222158,0.994255249749192,0.0181542260758888,1.10462828956088,13.43018103451,14.7701184526053
2022290,"Veículos automotores e outros equipamentos de transporte",POMO,2021,3,0.537008669953171,0.995279321425847,0.0163524708461209,1.10751975907348,13.7936191740019,14.8130748929416
2022290,"Veículos automotores e outros equipamentos de transporte",POMO,2021,4,0.590084094331687,0.996464108590206,0.0144473030722779,1.0579038843468,14.136767029008,14.8145458931485
2022290,"Veículos automotores e outros equipamentos de transporte",POMO,2022,1,0.580011772547216,0.992528079811256,0.020941422435441,1.06185945493197,12.9256911962407,14.7653218189209
2022290,"Veículos automotores e outros equipamentos de transporte",POMO,2022,2,0.595180939523676,0.994641420417574,0.0173173974338476,1.05110963951372,13.635093869556,14.8286410860919
2022290,"Veículos automotores e outros equipamentos de transporte",POMO,2022,3,0.655081161620821,0.996525141531872,0.0141880450359959,1.00392278550767,14.2239091458769,14.8579451718283
2022290,"Veículos automotores e outros equipamentos de transporte",POMO,2022,4,0.70436701521688,0.997978859562828,0.0118198958995456,0.969383712988942,14.6581116499254,14.8679604983285
2022290,"Veículos automotores e outros equipamentos de transporte",POMO,2023,1,0.779272751131038,0.993137504485222,0.0195052665261203,0.916458477469935,13.2988830646897,14.888745464224
2022290,"Veículos automotores e outros equipamentos de transporte",POMO,2023,2,0.76007116832647,0.995057933499623,0.0161891548317367,0.930126290534619,13.9534018996825,14.9524419114358
2022290,"Veículos automotores e outros equipamentos de transporte",POMO,2023,3,0.79765470567886,0.998329450441747,0.0119018190658966,0.911883162774149,14.4812656237292,14.6947736937249
2022290,"Veículos automotores e outros equipamentos de transporte",POMO,2023,4,0.831957519665524,0.999422020979968,0.00996903797742335,0.893333937009641,14.8735445380433,14.7434292024671
2022290,"Veículos automotores e outros equipamentos de transporte",POMO,2024,1,0.885471761401924,0.995128945029778,0.0166606402683843,0.862405343408206,13.7214545245295,14.7950440767499
2022290,"Veículos automotores e outros equipamentos de transporte",POMO,2024,2,0.930946527218713,0.997354134536575,0.0128478936530148,0.84278932630372,14.4670742848967,14.8608861868874
2022290,"Veículos automotores e outros equipamentos de transporte",POMO,2024,3,0.927971860696306,0.998864853259278,0.0102795103162054,0.844983573301832,14.9645983884848,14.9001679636026
2022290,"Veículos automotores e outros equipamentos de transporte",RAPT,1994,1,0.50705329598844,0.990368790498296,0.0415123379520082,1.17795787826921,4.92815396022275,10.1648431057331
2022290,"Veículos automotores e outros equipamentos de transporte",RAPT,1994,2,0.549048534914812,0.9900529811299,0.0377541386050344,1.11590760362722,6.67599277850769,11.3115739326135
2022290,"Veículos automotores e outros equipamentos de transporte",RAPT,1994,3,0.507713992135843,0.990327036771772,0.0358931502287509,1.15638146616732,7.36773197045922,11.6938287840403
2022290,"Veículos automotores e outros equipamentos de transporte",RAPT,1994,4,0.648377867628635,0.991554472325672,0.0339172765877767,1.02553579590174,7.72414870951835,11.6959244580857
2022290,"Veículos automotores e outros equipamentos de transporte",RAPT,1995,2,1.24247745609452,0.987993412963308,0.0389404021832271,0.73427991848635,6.99592883080157,11.8805776433063
2022290,"Veículos automotores e outros equipamentos de transporte",RAPT,1996,2,0.5446895911222,0.987883835546838,0.0381174582926317,1.1058743165719,7.39497623880195,12.149109402055
2022290,"Veículos automotores e outros equipamentos de transporte",RAPT,1996,3,0.610210875449511,0.989339032848489,0.0356896215971775,1.04783319721884,7.85431599898015,12.1745367519259
2022290,"Veículos automotores e outros equipamentos de transporte",RAPT,1996,4,0.54270939942229,0.99073376051741,0.0334912834585845,1.1142011835683,8.2391171027482,12.1643241902068
2022290,"Veículos automotores e outros equipamentos de transporte",RAPT,1997,1,0.582008120516424,0.985815128275689,0.0413033553006777,1.0641891892505,6.85645590004976,12.1843577530899
2022290,"Veículos automotores e outros equipamentos de transporte",RAPT,1997,2,0.547076049272555,0.988510479411596,0.0368624952987244,1.10429447845896,7.68309549636907,12.2163867057703
2022290,"Veículos automotores e outros equipamentos de transporte",RAPT,1997,3,0.528149418887065,0.989927855831051,0.034370749374208,1.12657828270141,8.18525717481415,12.2753056069266
2022290,"Veículos automotores e outros equipamentos de transporte",RAPT,1998,1,0.852283262704465,0.985982124624277,0.0406400776969633,0.87892376695285,7.07501703661824,12.290710419084
2022290,"Veículos automotores e outros equipamentos de transporte",RAPT,1998,2,1.15192160722357,0.989530255824296,0.0355522456240882,0.763261594391746,7.83635400498837,12.129030621175
2022290,"Veículos automotores e outros equipamentos de transporte",RAPT,1998,3,1.23315088899226,0.991020158961226,0.0331359770337855,0.73973898234804,8.27669628432004,12.1363838562343
2022290,"Veículos automotores e outros equipamentos de transporte",RAPT,1998,4,1.12762718684966,0.99219304366884,0.0312623140735108,0.775145410688063,8.61106550307435,12.1345150683526
2022290,"Veículos automotores e outros equipamentos de transporte",RAPT,1999,1,0.799640657245655,0.987791795613547,0.0384796880056853,0.913015873239706,7.27595443595758,12.0913900557079
2022290,"Veículos automotores e outros equipamentos de transporte",RAPT,1999,2,0.715142090456847,0.990544140202657,0.0340862674636813,0.970996605930104,8.05913360137464,12.0860898417195
2022290,"Veículos automotores e outros equipamentos de transporte",RAPT,1999,3,0.615533508884569,0.992365145055003,0.0313240221749152,1.05034905859953,8.51498694945327,12.043720108659
2022290,"Veículos automotores e outros equipamentos de transporte",RAPT,1999,4,0.669336385631577,0.993208614345694,0.0299313233932187,1.00845599741539,8.77496428386267,12.0545494914817
2022290,"Veículos automotores e outros equipamentos de transporte",RAPT,2000,2,0.520396617786972,0.991236450958524,0.0328652122238911,1.13938365861968,8.30612539949225,12.1159370470573
2022290,"Veículos automotores e outros equipamentos de transporte",RAPT,2000,3,0.529521254612648,0.992465732216105,0.0306812341371134,1.13124775258574,8.75152168760922,12.1731956319395
2022290,"Veículos automotores e outros equipamentos de transporte",RAPT,2000,4,0.578706133846146,0.993803947927617,0.0287513082599153,1.08485706936907,9.04340880616182,12.1151730159836
2022290,"Veículos automotores e outros equipamentos de transporte",RAPT,2001,1,0.955399751969569,0.988219091398104,0.0376254294115091,0.835721108105877,7.47178105375845,12.136868384202
2022290,"Veículos automotores e outros equipamentos de transporte",RAPT,2001,2,1.23801463272487,0.990598182395824,0.0337608339354943,0.737619642026301,8.17762939183519,12.1502975946376
2022290,"Veículos automotores e outros equipamentos de transporte",RAPT,2001,3,1.26552622709048,0.99198953284689,0.0314307894877666,0.731161435542423,8.62057920985677,12.1769565758381
2022290,"Veículos automotores e outros equipamentos de transporte",RAPT,2001,4,1.32658597867725,0.993198363289707,0.0296455855418601,0.715766823403504,8.90229877501375,12.1358033427871
2022290,"Veículos automotores e outros equipamentos de transporte",RAPT,2002,1,1.87433716159822,0.987539213535118,0.0386986411372546,0.595727198034661,7.28351341207171,12.1414154117465
2022290,"Veículos automotores e outros equipamentos de transporte",RAPT,2002,2,2.16225484992509,0.990076457436899,0.0345948644486072,0.557583500651111,8.02864282632201,12.1509718507512
2022290,"Veículos automotores e outros equipamentos de transporte",RAPT,2002,3,1.89440677428154,0.991916862615981,0.0317574901462044,0.597845818685476,8.50905676327639,12.1204396078307
2022290,"Veículos automotores e outros equipamentos de transporte",RAPT,2002,4,2.11909644384158,0.993407556345114,0.0295176154570891,0.566794197360474,8.87302734675127,12.0800201628641
2022290,"Veículos automotores e outros equipamentos de transporte",RAPT,2003,1,4.53440343585198,0.988417554377612,0.0372656870099736,0.383739837437565,7.54677014579223,12.1480344082296
2022290,"Veículos automotores e outros equipamentos de transporte",RAPT,2003,2,4.31106480310578,0.991237135500576,0.0326893290752153,0.395689341423801,8.38168140894216,12.1629363803585
2022290,"Veículos automotores e outros equipamentos de transporte",RAPT,2003,3,4.31045045081922,0.992306201994348,0.030777559528043,0.396236856579091,8.77438914916564,12.2160757576637
2022290,"Veículos automotores e outros equipamentos de transporte",RAPT,2003,4,1.17127509185165,1.00009324737152,0.0189095327749265,0.767553878160491,10.7478766449136,12.0499552728631
2022290,"Veículos automotores e outros equipamentos de transporte",RAPT,2004,1,0.96793180994469,1.00313511533728,0.013803908338398,0.844532207070289,11.7212505332876,12.1113361116596
2022290,"Veículos automotores e outros equipamentos de transporte",RAPT,2004,2,0.999407274016984,1.00548390364399,0.00990461410552715,0.830609690866171,12.4542917366941,12.1471607791728
2022290,"Veículos automotores e outros equipamentos de transporte",RAPT,2004,3,0.953826416623163,1.0065494724913,0.00775746370224835,0.848965217062835,12.9498962760558,12.2651014111157
2022290,"Veículos automotores e outros equipamentos de transporte",RAPT,2004,4,0.939697010051254,1.00738476290211,0.00617153745273825,0.854448976668043,13.2964855949675,12.3314154455802
2022290,"Veículos automotores e outros equipamentos de transporte",RAPT,2005,1,0.924014050648107,1.00262808528832,0.0134578564546373,0.861877636245614,12.0751266906364,12.4229954065886
2022290,"Veículos automotores e outros equipamentos de transporte",RAPT,2005,2,0.851331650629393,1.00516583048821,0.00926007294689193,0.89749984205105,12.8605849557774,12.4576138743677
2022290,"Veículos automotores e outros equipamentos de transporte",RAPT,2005,3,0.824971311294452,1.0063819102153,0.00709223274497879,0.910891089128458,13.304352490445,12.5162248922971
2022290,"Veículos automotores e outros equipamentos de transporte",RAPT,2005,4,0.819413781549781,1.00740483403219,0.00542220311307778,0.913448853222406,13.6114602591151,12.5242555985371
2022290,"Veículos automotores e outros equipamentos de transporte",RAPT,2006,1,0.846240335221455,1.00235029260959,0.0131851981845122,0.899073423306627,12.3048217074139,12.6160832568347
2022290,"Veículos automotores e outros equipamentos de transporte",RAPT,2006,2,0.836013325336058,1.00463890990991,0.00935721920593635,0.904221965973295,13.0314047272267,12.6586742964086
2022290,"Veículos automotores e outros equipamentos de transporte",RAPT,2006,3,0.825173683452144,1.00530046497483,0.00787830028911406,0.909162618167263,13.4019902195765,12.7711206783558
2022290,"Veículos automotores e outros equipamentos de transporte",RAPT,2006,4,0.819666070312238,1.00578219523896,0.00678794793800523,0.911448194830357,13.6776352656252,12.8566144161879
2022290,"Veículos automotores e outros equipamentos de transporte",RAPT,2007,1,0.838389705607032,1.00050623420849,0.0148377777087299,0.90020680505243,12.3367089236646,12.9667785151289
2022290,"Veículos automotores e outros equipamentos de transporte",RAPT,2007,2,0.854607834536811,1.00279790675488,0.010942405367011,0.891747183047472,13.0911153896359,13.0261741620614
2022290,"Veículos automotores e outros equipamentos de transporte",RAPT,2007,3,0.856145465064791,1.00351593312475,0.00926290084858607,0.890015426573215,13.5253876889239,13.1682097310981
2022290,"Veículos automotores e outros equipamentos de transporte",RAPT,2007,4,0.844120368062343,1.00432755799859,0.00779283413744088,0.895983320521807,13.8315771364821,13.2135729072058
2022290,"Veículos automotores e outros equipamentos de transporte",RAPT,2008,1,0.911185045493417,0.999291971486772,0.0155668235232083,0.860837188067127,12.5125467461919,13.2942717813562
2022290,"Veículos automotores e outros equipamentos de transporte",RAPT,2008,2,0.912915488880033,1.00151058375979,0.0117729050366448,0.860473042090189,13.2527037878562,13.3578868479875
2022290,"Veículos automotores e outros equipamentos de transporte",RAPT,2008,3,0.944046837435517,1.00245190227317,0.00994909362706624,0.845834742771714,13.6590568563169,13.4424533098696
2022290,"Veículos automotores e outros equipamentos de transporte",RAPT,2008,4,0.945578228870048,1.00307011834615,0.00879718143371341,0.84495068346653,13.9061476595633,13.485654206373
2022290,"Veículos automotores e outros equipamentos de transporte",RAPT,2009,1,0.873438545115022,0.996961399859767,0.018542404048051,0.876402959751664,12.1704127860058,13.498976929119
2022290,"Veículos automotores e outros equipamentos de transporte",RAPT,2009,2,0.802969310148212,0.99986375533398,0.0140365507162216,0.916237720557037,12.941511940734,13.4592321022708
2022290,"Veículos automotores e outros equipamentos de transporte",RAPT,2009,3,0.774090005128838,1.00121803402623,0.0117437294753013,0.933496272540999,13.3833778397602,13.491865426528
2022290,"Veículos automotores e outros equipamentos de transporte",RAPT,2009,4,0.756911081780203,1.00216093876231,0.00999958256722798,0.943857852971012,13.7547430942964,13.5543264293325
2022290,"Veículos automotores e outros equipamentos de transporte",RAPT,2010,1,0.742176837167389,0.99701143131435,0.0174730185193358,0.949129848698152,12.6112838787482,13.7649604812168
2022290,"Veículos automotores e outros equipamentos de transporte",RAPT,2010,2,0.770471020668002,0.999409032976517,0.0135125983976938,0.933050612860492,13.3509748996009,13.7961757574781
2022290,"Veículos automotores e outros equipamentos de transporte",RAPT,2010,3,0.811975097592269,1.00058053444035,0.0113126655064715,0.908937217947154,13.8265743775696,13.8826364075166
2022290,"Veículos automotores e outros equipamentos de transporte",RAPT,2010,4,0.824291286759251,1.00168270722132,0.00942139243400358,0.90227270741035,14.1970808513067,13.9159905050997
2022290,"Veículos automotores e outros equipamentos de transporte",RAPT,2011,1,0.8407928876433,0.996728411385372,0.0172210597810844,0.890450528378287,12.8341643636281,13.954736025158
2022290,"Veículos automotores e outros equipamentos de transporte",RAPT,2011,2,0.848419654338649,0.999276127193173,0.0130534968167162,0.888103685105408,13.6025681029649,13.9769294295201
2022290,"Veículos automotores e outros equipamentos de transporte",RAPT,2011,3,0.832836860264165,1.00065031118286,0.0107772749825227,0.896892106169578,14.0292418704039,13.996517015394
2022290,"Veículos automotores e outros equipamentos de transporte",RAPT,2011,4,0.809254493938644,1.0012407302153,0.00950667406132755,0.909599751632191,14.3387265009141,14.0836177157914
2022290,"Veículos automotores e outros equipamentos de transporte",RAPT,2012,1,0.693294473600252,0.995027592925389,0.0194383869451377,0.977997671607534,12.5647372455898,14.091814097748
2022290,"Veículos automotores e outros equipamentos de transporte",RAPT,2012,2,0.668610849837863,0.99807077203531,0.0145682465157887,0.998930434280886,13.4360524969306,14.0893086593523
2022290,"Veículos automotores e outros equipamentos de transporte",RAPT,2012,3,0.672945858329733,0.999637861186185,0.0120742828394799,0.996775292099871,13.8787351062175,14.0842749891392
2022290,"Veículos automotores e outros equipamentos de transporte",RAPT,2012,4,0.676219293394384,1.00092232946342,0.0100033088901044,0.994929340728317,14.2531318443141,14.0873531005299
2022290,"Veículos automotores e outros equipamentos de transporte",RAPT,2013,1,0.723859134402171,0.996329913234664,0.0172786177796257,0.958423352582837,12.9702117883629,14.1110720520796
2022290,"Veículos automotores e outros equipamentos de transporte",RAPT,2013,2,0.75767519427435,0.99849865659789,0.0137114343731442,0.938438438440299,13.632742406982,14.1352197769916
2022290,"Veículos automotores e outros equipamentos de transporte",RAPT,2013,3,0.791177724345357,0.999297610352504,0.0119689178221642,0.918206977601133,14.0615141137166,14.2593071108669
2022290,"Veículos automotores e outros equipamentos de transporte",RAPT,2013,4,0.805323692576533,1.00067678921729,0.0100037737044911,0.911067670723619,14.3520498484771,14.1930932402997
2022290,"Veículos automotores e outros equipamentos de transporte",RAPT,2014,1,0.855816165196724,0.996461871483465,0.0167255266784284,0.881107377871729,13.1554098103969,14.2029026241009
2022290,"Veículos automotores e outros equipamentos de transporte",RAPT,2014,2,0.850487938109438,0.998986089547602,0.0126890538610704,0.885727735894594,13.8767792396238,14.1999773586756
2022290,"Veículos automotores e outros equipamentos de transporte",RAPT,2014,3,0.818011624080967,1.00018578674037,0.0106895806042597,0.903644041342716,14.2545682736743,14.2203783470463
2022290,"Veículos automotores e outros equipamentos de transporte",RAPT,2014,4,0.797980954655408,1.00123966031381,0.00901657999174167,0.915320967362128,14.5504633492954,14.2158638972155
2022290,"Veículos automotores e outros equipamentos de transporte",RAPT,2015,1,0.628667434129513,0.995069555935273,0.0188512782088768,1.02628556506939,12.8009308433794,14.2315935265534
2022290,"Veículos automotores e outros equipamentos de transporte",RAPT,2015,2,0.63403009458222,0.99765875908492,0.014670986120217,1.02460790406406,13.5580753735577,14.2393224125196
2022290,"Veículos automotores e outros equipamentos de transporte",RAPT,2015,3,0.629198067750322,0.99926965110238,0.0120354884201353,1.02965178194475,14.0440985231239,14.2534611496857
2022290,"Veículos automotores e outros equipamentos de transporte",RAPT,2015,4,0.626095519948308,1.00037918665853,0.0102688304984144,1.03282030781663,14.357904779484,14.2501321161838
2022290,"Veículos automotores e outros equipamentos de transporte",RAPT,2016,1,0.590531095198442,0.995535599503914,0.0180339243897571,1.05937830563733,12.9652043958047,14.2504420886426
2022290,"Veículos automotores e outros equipamentos de transporte",RAPT,2016,2,0.606266693327615,0.997171334068309,0.0150565196464791,1.04676239583121,13.5886130833635,14.3458077407
2022290,"Veículos automotores e outros equipamentos de transporte",RAPT,2016,3,0.579542532880857,0.998241507854742,0.0133222202237316,1.07154955676452,13.9043572681158,14.3507484986512
2022290,"Veículos automotores e outros equipamentos de transporte",RAPT,2016,4,0.577375166117981,0.999369510412811,0.0116155363411686,1.07452888553561,14.1848509442948,14.3233305360995
2022290,"Veículos automotores e outros equipamentos de transporte",RAPT,2017,1,0.550406318473581,0.993811690919532,0.0204677584674147,1.09439558180307,12.6117508266033,14.3392574217917
2022290,"Veículos automotores e outros equipamentos de transporte",RAPT,2017,2,0.625409354932083,0.996532496101636,0.0160880644572924,1.03000053049269,13.4017434364625,14.3438644558213
2022290,"Veículos automotores e outros equipamentos de transporte",RAPT,2017,3,0.652082451465648,0.997995496164273,0.0136710960030805,1.0099348004607,13.8532475565342,14.3630051920572
2022290,"Veículos automotores e outros equipamentos de transporte",RAPT,2017,4,0.660745154926854,0.999710512108211,0.0112222391585422,1.00486968771208,14.2167679540553,14.2820635161115
2022290,"Veículos automotores e outros equipamentos de transporte",RAPT,2018,1,0.714977520869898,0.995528633086022,0.0178472797981915,0.962494655477381,13.0484887207996,14.3036338685094
2022290,"Veículos automotores e outros equipamentos de transporte",RAPT,2018,2,0.727292382354803,0.998231156846888,0.0135726439033036,0.956845894777573,13.8005650808368,14.287873144556
2022290,"Veículos automotores e outros equipamentos de transporte",RAPT,2018,3,0.738797127969748,0.99975397872836,0.0110544146579223,0.950195452317546,14.271579415812,14.3084503306722
2022290,"Veículos automotores e outros equipamentos de transporte",RAPT,2018,4,0.747108090469749,1.0009290695153,0.00921534817041622,0.945457393206241,14.5901417633087,14.29632749522
2022290,"Veículos automotores e outros equipamentos de transporte",RAPT,2019,1,0.751053844348511,0.99603262152234,0.0170024387988769,0.939569347967277,13.2092960344623,14.3135136553898
2022290,"Veículos automotores e outros equipamentos de transporte",RAPT,2019,2,0.814343566992611,0.998572147790798,0.0128617228968779,0.904271313499781,13.9694305243221,14.3320188964778
2022290,"Veículos automotores e outros equipamentos de transporte",RAPT,2019,3,0.816357627311458,1.0001284779666,0.0103076180561155,0.903914950458796,14.4423862339713,14.3477957649283
2022290,"Veículos automotores e outros equipamentos de transporte",RAPT,2019,4,0.807519506980468,1.00152112276662,0.00832796970503349,0.909659987008583,14.7337396368295,14.2796761785261
2022290,"Veículos automotores e outros equipamentos de transporte",RAPT,2020,1,0.693816031275426,0.996065278609625,0.01686196332061,0.977468721751035,13.2566794511361,14.3372069460822
2022290,"Veículos automotores e outros equipamentos de transporte",RAPT,2020,2,0.700116086091471,0.998060531686239,0.0136057285993681,0.974777574267595,13.8551776310995,14.3525421152093
2022290,"Veículos automotores e outros equipamentos de transporte",RAPT,2020,3,0.757770481998575,0.999609496380557,0.010984005655577,0.937750039937991,14.360260269032,14.3896769387097
2022290,"Veículos automotores e outros equipamentos de transporte",RAPT,2020,4,0.768541935228527,1.00040170973618,0.00947463429914645,0.931217097260504,14.6912319271541,14.4539783329907
2022290,"Veículos automotores e outros equipamentos de transporte",RAPT,2021,1,0.864983633889337,0.995325533166984,0.0173193630549727,0.873830794668147,13.3580873111401,14.53315607078
2022290,"Veículos automotores e outros equipamentos de transporte",RAPT,2021,2,0.827227956433078,0.997981720822519,0.012912777328741,0.895712297116481,14.1857588007854,14.5728541752201
2022290,"Veículos automotores e outros equipamentos de transporte",RAPT,2021,3,0.828602732652906,0.999406973880466,0.0104073763355587,0.895593873122565,14.6906282866385,14.6320488581071
2022290,"Veículos automotores e outros equipamentos de transporte",RAPT,2021,4,0.82486805691331,1.00056927174433,0.00855647809195755,0.898157179225093,15.0194560981185,14.6286232402015
2022290,"Veículos automotores e outros equipamentos de transporte",RAPT,2022,1,0.853909670976626,0.995465493848416,0.0165646129112124,0.879022713669692,13.6270006184876,14.6757619182018
2022290,"Veículos automotores e outros equipamentos de transporte",RAPT,2022,2,0.812789503869158,0.997124411672125,0.0133027814163026,0.901875158759892,14.3636819236076,14.8376136042998
2022290,"Veículos automotores e outros equipamentos de transporte",RAPT,2022,3,0.789361898523944,0.998503365932835,0.010943358309897,0.916032949181709,14.8243024338114,14.8775170628493
2022290,"Veículos automotores e outros equipamentos de transporte",RAPT,2022,4,0.764176306539593,0.999154220119113,0.00956940893748416,0.931064737790772,15.1539497897958,14.9663511384236
2022290,"Veículos automotores e outros equipamentos de transporte",RAPT,2023,1,0.772827571214573,0.993742678214696,0.0179944049780259,0.920527298105627,13.7060004053487,15.0340900443064
2022290,"Veículos automotores e outros equipamentos de transporte",RAPT,2023,2,0.769586639657789,0.996045144226439,0.0142452404613715,0.925037833496405,14.3930120496765,15.0495172035275
2022290,"Veículos automotores e outros equipamentos de transporte",RAPT,2023,3,0.758753335978556,0.997564047490758,0.0117438453721946,0.932914105429017,14.8583501543543,15.0672572522279
2022290,"Veículos automotores e outros equipamentos de transporte",RAPT,2023,4,0.752462945991616,0.998609598628333,0.0100968360249141,0.937595075038971,15.1463986059777,15.0593420591002
2022290,"Veículos automotores e outros equipamentos de transporte",RAPT,2024,1,0.732411288804477,0.99276286421216,0.0192800072316189,0.943937014512591,13.5472368595455,15.1108438834517
2022290,"Veículos automotores e outros equipamentos de transporte",RAPT,2024,2,0.74451780312374,0.99529777131818,0.0150868871576468,0.93934418224568,14.3318301436456,15.1454320166199
2022290,"Veículos automotores e outros equipamentos de transporte",RAPT,2024,3,0.73854143674816,0.996385158076163,0.0131284069370619,0.944063111864132,14.7372818473096,15.20323294472
2022290,"Veículos automotores e outros equipamentos de transporte",RCSL,1989,3,1.7235197523678,1.04271623993317,0.0123491348821931,0.858025968386225,-3.62942377877871,-4.56295386798877
2022290,"Veículos automotores e outros equipamentos de transporte",RCSL,1989,4,2.05959603685805,1.03940435846187,0.0124921819034073,0.756848464957375,-2.35417567367205,-3.17349503745288
2022290,"Veículos automotores e outros equipamentos de transporte",RCSL,1990,2,0.895662905936191,1.0325865990238,0.016581238484312,1.10881499482779,-1.36502223367597,-1.33354116490778
2022290,"Veículos automotores e outros equipamentos de transporte",RCSL,1990,3,0.878766770982395,1.03381909409815,0.0134412812015986,1.10169128903961,-0.508751100411673,-1.02060815563043
2022290,"Veículos automotores e outros equipamentos de transporte",RCSL,1990,4,0.868242563760339,1.03513000817592,0.010455116820515,1.09309459028408,0.249556165998878,-0.782840114074331
2022290,"Veículos automotores e outros equipamentos de transporte",RCSL,1991,1,1.3273435404616,1.02904184294219,0.019684996564762,0.902278967852834,-1.27228451499846,-0.639804742302486
2022290,"Veículos automotores e outros equipamentos de transporte",RCSL,1991,2,1.02625333762221,1.03217641624132,0.0136323962797765,1.00445926328509,0.0719569386962912,-0.363754884819902
2022290,"Veículos automotores e outros equipamentos de transporte",RCSL,1991,3,0.977382096532184,1.03197465659824,0.0115841378284538,1.00930087167399,1.03651260661003,0.274004985303481
2022290,"Veículos automotores e outros equipamentos de transporte",RCSL,1991,4,0.772720311578087,1.03046802852757,0.0106155336751033,1.11064786240984,2.06231584715734,1.18404532086555
2022290,"Veículos automotores e outros equipamentos de transporte",RCSL,1992,4,0.508704814879745,1.02609963954303,0.008366163419818,1.29872489318039,4.79554450376068,3.67233345416081
2022290,"Veículos automotores e outros equipamentos de transporte",RCSL,1993,1,1.20380437673637,1.01877599917362,0.0175580748881867,0.847015210678281,3.78880409272637,4.35825575509147
2022290,"Veículos automotores e outros equipamentos de transporte",RCSL,1993,2,1.03373351691493,1.01997161512074,0.0127850473725085,0.895493570726911,5.36406362354771,5.12621717535916
2022290,"Veículos automotores e outros equipamentos de transporte",RCSL,1993,3,0.96068432091209,1.01994899522818,0.0096336560224544,0.911919450680514,6.73192285908365,5.98336989034365
2022290,"Veículos automotores e outros equipamentos de transporte",RCSL,1993,4,0.841814265500386,1.0194667677103,0.0070887809097409,0.958048298353407,8.02381352377185,6.87559279628351
2022290,"Veículos automotores e outros equipamentos de transporte",RCSL,1994,1,0.59209590852531,1.01175053021689,0.0156737087971217,1.13663457018135,7.43725676136119,7.89400021281034
2022290,"Veículos automotores e outros equipamentos de transporte",RCSL,1994,2,0.818861123431954,1.0121682423504,0.0107940266748559,0.948467580272249,9.37252078758459,9.02603540588579
2022290,"Veículos automotores e outros equipamentos de transporte",RCSL,1994,3,0.882735130485461,1.01365716513164,0.00764928593593671,0.908881579164389,10.1273409134759,9.22969539715269
2022290,"Veículos automotores e outros equipamentos de transporte",RCSL,1994,4,0.889210431760113,1.01477276051618,0.00546426258988394,0.902587890618698,10.6190799891006,9.3362509217286
2022290,"Veículos automotores e outros equipamentos de transporte",RCSL,1995,1,1.0443750267347,1.00996155054179,0.0128204945543434,0.836839513214513,9.38959132261395,9.43254321456265
2022290,"Veículos automotores e outros equipamentos de transporte",RCSL,1995,2,1.06558771717647,1.01212796791019,0.00869966671833069,0.824462252090748,10.2917656969755,9.60656719759123
2022290,"Veículos automotores e outros equipamentos de transporte",RCSL,1995,3,0.946156591346937,1.01321908694402,0.00655357419150888,0.872382522646523,10.7766001645303,9.71320735984915
2022290,"Veículos automotores e outros equipamentos de transporte",RCSL,1995,4,0.925408391059476,1.01402796032738,0.0050022004191124,0.880230482516098,11.1189560078947,9.78162008198295
2022290,"Veículos automotores e outros equipamentos de transporte",RCSL,1996,1,0.727577446292483,1.00779238720471,0.0147895922647936,0.998610657460417,9.41624781290227,9.83829722808759
2022290,"Veículos automotores e outros equipamentos de transporte",RCSL,1996,2,0.769699780824253,1.01084246607127,0.00959233026385522,0.967320450060431,10.4258168713473,9.92077900053762
2022290,"Veículos automotores e outros equipamentos de transporte",RCSL,1996,3,0.7396383796905,1.01151668318448,0.00804196354245629,0.984379319984246,10.8220958657428,10.0469782271495
2022290,"Veículos automotores e outros equipamentos de transporte",RCSL,1996,4,0.707938092067752,1.01247051539405,0.00643941910419058,1.00473518587154,11.1279978102839,10.066651331224
2022290,"Veículos automotores e outros equipamentos de transporte",RCSL,1997,1,0.757543123200161,1.0079073279365,0.0136588749877043,0.97525667332271,9.85735996184487,10.0927869578373
2022290,"Veículos automotores e outros equipamentos de transporte",RCSL,1997,2,0.689345608776694,1.00991512847979,0.0103346139098286,1.02036994368734,10.4801227340179,10.1210043561545
2022290,"Veículos automotores e outros equipamentos de transporte",RCSL,1997,3,0.670517727773411,1.01098972795254,0.00845744431348964,1.03291595707428,10.8556791178563,10.1624543517645
2022290,"Veículos automotores e outros equipamentos de transporte",RCSL,1997,4,0.6279573875909,1.01094824605327,0.00787074812002799,1.06498217715684,11.1253794540757,10.338100274476
2022290,"Veículos automotores e outros equipamentos de transporte",RCSL,1998,1,0.533894651579567,1.00585396578171,0.0160482708877889,1.15922996519632,9.65605809846077,10.3355961001907
2022290,"Veículos automotores e outros equipamentos de transporte",RCSL,1998,2,0.550139224337463,1.00903770194894,0.0108564206319351,1.13956118535057,10.6093397889801,10.3589960797964
2022290,"Veículos automotores e outros equipamentos de transporte",RCSL,1998,3,0.592014127170256,1.01054245168764,0.00835718588578092,1.09668916972944,11.079459879428,10.3822575369505
2022290,"Veículos automotores e outros equipamentos de transporte",RCSL,1998,4,0.522947523750133,1.01148366479596,0.00686656439439887,1.16574240091102,11.3422000535176,10.3772756298412
2022290,"Veículos automotores e outros equipamentos de transporte",RCSL,1999,1,0.542532613387583,1.00413757801957,0.0187206605534011,1.15008787339091,9.19671488398669,10.3570219027897
2022290,"Veículos automotores e outros equipamentos de transporte",RCSL,1999,2,0.679811261952194,1.00834669120019,0.0122587589526125,1.02670193971924,10.2836626782558,10.2798418728426
2022290,"Veículos automotores e outros equipamentos de transporte",RCSL,1999,3,0.674943381113136,1.00948818814372,0.0104100779552452,1.02940730635137,10.6199313273158,10.2847883986938
2022290,"Veículos automotores e outros equipamentos de transporte",RCSL,1999,4,0.729498873338165,1.01075218376052,0.0083752228010594,0.988938201776649,10.9870196777916,10.2869810945801
2022290,"Veículos automotores e outros equipamentos de transporte",RCSL,2000,1,0.560564258944332,1.00621436114991,0.0156888224565519,1.13201558229523,9.6655524200486,10.2768656303492
2022290,"Veículos automotores e outros equipamentos de transporte",RCSL,2000,2,0.685944021313126,1.00905177851747,0.0110774612855751,1.02137913656534,10.508355350163,10.2934897428922
2022290,"Veículos automotores e outros equipamentos de transporte",RCSL,2000,3,0.672217852452079,1.01040849004977,0.00894079708131396,1.0306267391315,10.8819117804797,10.2830839638546
2022290,"Veículos automotores e outros equipamentos de transporte",RCSL,2000,4,0.782473371538794,1.01140858339279,0.00730265595020199,0.954120747440412,11.1844868505783,10.2923833442203
2022290,"Veículos automotores e outros equipamentos de transporte",RCSL,2001,1,0.699702043733833,1.00595406543372,0.0160633372091424,1.01318125960297,9.60915451939842,10.2883866611537
2022290,"Veículos automotores e outros equipamentos de transporte",RCSL,2001,2,0.664659120881435,1.00850023682576,0.0120778883510551,1.03845883915058,10.2996628698465,10.2622759816907
2022290,"Veículos automotores e outros equipamentos de transporte",RCSL,2001,3,0.602956951720493,1.0101449283294,0.00956991617093757,1.08927142687978,10.7170591569908,10.2275507614383
2022290,"Veículos automotores e outros equipamentos de transporte",RCSL,2001,4,0.52687946273253,1.01126151894574,0.00777438522116571,1.16388279634372,11.0404661222869,10.2289438003424
2022290,"Veículos automotores e outros equipamentos de transporte",RCSL,2002,1,0.693790346704176,1.00618311960833,0.0159698709809306,1.01836587128898,9.55698925683744,10.2147623351024
2022290,"Veículos automotores e outros equipamentos de transporte",RCSL,2002,2,0.663682440566773,1.00967934794785,0.0104704489107238,1.03925059356307,10.5167358835536,10.1861359218852
2022290,"Veículos automotores e outros equipamentos de transporte",RCSL,2002,3,0.63769716849361,1.01107487214691,0.00838501843264368,1.0593030198096,10.8525351034628,10.1452193882482
2022290,"Veículos automotores e outros equipamentos de transporte",RCSL,2002,4,0.556042557017466,1.01181199076044,0.00731495383358752,1.13390302729239,11.0163392071867,10.1151466528724
2022290,"Veículos automotores e outros equipamentos de transporte",RCSL,2003,1,0.638712334868422,1.00585677311114,0.0169217721286386,1.06309179621652,9.27831318978523,10.0995037334412
2022290,"Veículos automotores e outros equipamentos de transporte",RCSL,2003,2,0.751794902570197,1.00834793278667,0.0130154963123603,0.978906686695133,9.95689278184333,10.0758220521983
2022290,"Veículos automotores e outros equipamentos de transporte",RCSL,2003,3,0.653477867165069,1.01044578892601,0.00984963199224986,1.04882179886322,10.4750093269485,10.0226193808293
2022290,"Veículos automotores e outros equipamentos de transporte",RCSL,2003,4,0.597172156348553,1.01524911616426,0.00450586095820192,1.09968207260142,10.8400038377508,9.38858076463749
2022290,"Veículos automotores e outros equipamentos de transporte",RCSL,2004,1,1.24970628931674,1.0087998251607,0.0152287396094924,0.767402183789752,8.82023131522328,9.28585304436213
2022290,"Veículos automotores e outros equipamentos de transporte",RCSL,2004,2,0.775693373799098,1.01230641304345,0.010117653593564,0.9725407954091,9.60836425404,9.14833764249294
2022290,"Veículos automotores e outros equipamentos de transporte",RCSL,2004,3,0.709078194710363,1.01426948852174,0.00745466908220125,1.01636276385218,9.96407080455567,9.01802296002644
2022290,"Veículos automotores e outros equipamentos de transporte",RCSL,2004,4,0.506955314568951,1.01617533107232,0.00491060339934886,1.20066179157374,10.2916087749042,8.88040742686605
2022290,"Veículos automotores e outros equipamentos de transporte",RCSL,2005,1,0.673057544862878,1.00888266995737,0.0158898626908454,1.04894208171532,8.50174453058869,9.07236025569563
2022290,"Veículos automotores e outros equipamentos de transporte",RCSL,2005,2,0.590080847835354,1.01193831730629,0.0111149355528614,1.11740648370413,9.32697528301189,9.03887653189967
2022290,"Veículos automotores e outros equipamentos de transporte",RCSL,2005,3,0.645956693290768,1.0136649300571,0.00850558686629467,1.06619517333969,9.75501069360171,8.99609066801412
2022290,"Veículos automotores e outros equipamentos de transporte",RCSL,2008,1,0.670731724343643,1.00741726183232,0.0174960909622951,1.04867674865027,8.40076459996104,9.27226347275675
2022290,"Veículos automotores e outros equipamentos de transporte",RCSL,2008,2,0.893640970733021,1.01136261463192,0.011422872019414,0.906368960370337,9.42660457312928,9.20428856105331
2022290,"Veículos automotores e outros equipamentos de transporte",RCSL,2008,3,0.827989079045574,1.01301181232646,0.00882240991043665,0.939828631991753,9.88205902686325,9.19249076527112
2022290,"Veículos automotores e outros equipamentos de transporte",RCSL,2008,4,0.678845237143379,1.00840660783936,0.0122053368648038,1.0275397581935,10.2825088719731,10.2683737504655
2022290,"Veículos automotores e outros equipamentos de transporte",RCSL,2009,2,0.524377084595721,1.00483506648679,0.0179925601502817,1.17127708674072,9.22907818942627,10.252082584878
2022290,"Veículos automotores e outros equipamentos de transporte",RCSL,2009,3,0.575881461118461,1.00674096227706,0.0149665897789523,1.11707536895698,9.76436875769725,10.2440268876455
2022290,"Veículos automotores e outros equipamentos de transporte",RCSL,2009,4,0.646374788551843,1.00851528205261,0.0122157812062092,1.05362428838737,10.2341367337446,10.2187102108108
2022290,"Veículos automotores e outros equipamentos de transporte",RCSL,2010,1,0.794940448203393,1.00249909325309,0.0204655659878088,0.947279628860297,9.1058107190563,10.5942575390579
2022290,"Veículos automotores e outros equipamentos de transporte",RCSL,2010,2,0.774338796719626,1.0049056136508,0.0164997887923971,0.959381538180966,9.84421118329358,10.6230679879381
2022290,"Veículos automotores e outros equipamentos de transporte",RCSL,2010,3,0.77570681364989,1.00637120305539,0.0142470030165206,0.958400167533777,10.2238823886726,10.5969440727456
2022290,"Veículos automotores e outros equipamentos de transporte",RCSL,2010,4,0.701211018115106,1.00690003613719,0.0132647446520159,1.00733721478028,10.4339082938343,10.6330631810701
2022290,"Veículos automotores e outros equipamentos de transporte",RCSL,2012,1,0.891444559403291,1.00033814479299,0.023883807072654,0.893829401138388,8.50435024936021,10.6067991910224
2022290,"Veículos automotores e outros equipamentos de transporte",RCSL,2012,2,0.750500835324204,1.0016276825647,0.0218354408429137,0.97466262744966,8.86695320054592,10.6016124295338
2022290,"Veículos automotores e outros equipamentos de transporte",RCSL,2012,3,0.653358659748173,1.0036678373413,0.0194336625106661,1.04790419163967,9.07892525799636,10.3678272730282
2022290,"Veículos automotores e outros equipamentos de transporte",RCSL,2012,4,0.70816805930377,1.00296806943036,0.0191749263901388,1.00193035303122,9.47295848191449,10.739106891689
2022290,"Veículos automotores e outros equipamentos de transporte",RCSL,2013,1,0.822220810393921,1.00042394539405,0.0232733053055743,0.929300510312393,8.73293366440277,10.7339682810459
2022290,"Veículos automotores e outros equipamentos de transporte",RCSL,2013,2,0.728653957710239,1.00207735872484,0.0206360529088439,0.987730673141647,9.20254857199216,10.73024570896
2022290,"Veículos automotores e outros equipamentos de transporte",RCSL,2013,3,0.74594656898491,1.00365783836106,0.018231967333515,0.976758045130941,9.60107467186218,10.6952707425562
2022290,"Veículos automotores e outros equipamentos de transporte",RCSL,2013,4,0.749378438798041,1.00693959631824,0.014615346349109,0.979055118489343,9.83562444922785,10.2528338089782
2022290,"Veículos automotores e outros equipamentos de transporte",RCSL,2018,4,0.532167738840392,1.01800992129333,0.00715589973053252,1.19520394435353,8.58296730714232,7.48566673972012
2022290,"Veículos automotores e outros equipamentos de transporte",RCSL,2019,1,0.594983908162966,1.01677588998925,0.00927962841336223,1.13395739192472,8.16546513400436,7.44665703822699
2022290,"Veículos automotores e outros equipamentos de transporte",RCSL,2019,2,0.749718585534173,1.01770315357104,0.00613889365526767,1.00042757884618,9.14528573890242,7.89140022570517
2022290,"Veículos automotores e outros equipamentos de transporte",RCSL,2019,3,0.795920028949045,1.01937345774184,0.00349990403168337,0.967611862538899,9.60883124857097,7.88086227232435
2022290,"Veículos automotores e outros equipamentos de transporte",RCSL,2019,4,0.778180922835923,1.01736190302677,0.0049172758078039,0.974812433058837,9.80974275742762,8.36702056300662
2022290,"Veículos automotores e outros equipamentos de transporte",RCSL,2020,1,0.683404415221712,1.01264672942826,0.0126080976537004,1.04901728635731,8.39722758566061,8.33193633572446
2022290,"Veículos automotores e outros equipamentos de transporte",RCSL,2020,2,0.745829032595613,1.0157099661667,0.00782898839920143,1,9.22119781998702,8.2963049918831
2022290,"Veículos automotores e outros equipamentos de transporte",RCSL,2020,3,0.805973967626793,1.01763289689997,0.00454069759937559,0.957576362640556,9.86271174444926,8.35144185956564
2022290,"Veículos automotores e outros equipamentos de transporte",RCSL,2020,4,0.769900376059075,1.01831073939403,0.00305265133051011,0.976644238407122,10.2306576866552,8.45932020541275
2022290,"Veículos automotores e outros equipamentos de transporte",RCSL,2021,1,0.795904671155781,1.01473087674665,0.00840080150101107,0.965417867767222,9.36989327917542,8.56468228422595
2022290,"Veículos automotores e outros equipamentos de transporte",RCSL,2021,2,0.794136380367835,1.01484224786422,0.00648355409603488,0.959305154998171,10.1515602972338,9.03220675805469
2022290,"Veículos automotores e outros equipamentos de transporte",RCSL,2021,3,0.754513625677741,1.0164685556774,0.00366515091681324,0.980520901554101,10.7102205110216,9.08888170605975
2022290,"Veículos automotores e outros equipamentos de transporte",RCSL,2021,4,0.743361289441641,1.01726964871118,0.00229575439095017,0.985980993345557,10.9772572621611,9.11171577985063
2022290,"Veículos automotores e outros equipamentos de transporte",RCSL,2022,1,0.779675329212585,1.01138006314136,0.010492969406885,0.966904812045052,9.8204902648449,9.44681375304043
2022290,"Veículos automotores e outros equipamentos de transporte",RCSL,2022,2,0.736247747535221,1.01406539933195,0.00607808445557811,0.991031815765975,10.6399734515283,9.47617605102891
2022290,"Veículos automotores e outros equipamentos de transporte",RCSL,2022,3,0.728269682903174,1.01507701423822,0.0044308526485206,0.994734524922082,10.9418170184783,9.48295234501021
2022290,"Veículos automotores e outros equipamentos de transporte",RCSL,2022,4,0.718985878997072,1.01402663557198,0.00479003006097448,0.9978404935344,11.210968416943,9.8392432542441
2022290,"Veículos automotores e outros equipamentos de transporte",RCSL,2023,1,0.707389123080578,1.00896080429794,0.012681387272299,1.01105442186451,9.85354372194943,9.90142234095399
2022290,"Veículos automotores e outros equipamentos de transporte",RCSL,2023,2,0.686394037131633,1.01106779919941,0.00928250022369163,1.02428230352846,10.4684393554449,9.90693861974747
2022290,"Veículos automotores e outros equipamentos de transporte",RCSL,2023,3,0.663684449867496,1.01205878435537,0.00771772754805833,1.04054479263863,10.7430582271152,9.90043644413521
2022290,"Veículos automotores e outros equipamentos de transporte",RCSL,2023,4,0.647108166033583,1.01300374954459,0.00624209763909207,1.05263714385924,10.997820132468,9.88980562690036
2022290,"Veículos automotores e outros equipamentos de transporte",RCSL,2024,1,0.661806074352769,1.00693857254504,0.0159782909928759,1.04687027564768,9.24840164015592,9.88678330011531
2022290,"Veículos automotores e outros equipamentos de transporte",RCSL,2024,2,0.614708646838471,1.00829339860093,0.0136567589902189,1.08476487406682,9.70242527980649,9.92690086912743
2022290,"Veículos automotores e outros equipamentos de transporte",RCSL,2024,3,0.585992368004479,1.00933468155677,0.0121854518919934,1.11093441556325,9.91644234221207,9.87358007890078
2022290,"Veículos automotores e outros equipamentos de transporte",RSUL,1997,4,1.03078716951407,1.00942831578973,0.0137670353189046,0.843040211864815,9.19674196947495,9.40792625474699
2022290,"Veículos automotores e outros equipamentos de transporte",RSUL,1998,3,0.860624156955845,1.00871133616543,0.0151085827196246,0.923852617910765,8.90775795591984,9.35631508030896
2022290,"Veículos automotores e outros equipamentos de transporte",RSUL,1998,4,0.792872584057721,1.00972183290054,0.0135410038584663,0.961906722670185,9.17571038681586,9.34215502684935
2022290,"Veículos automotores e outros equipamentos de transporte",RSUL,1999,1,0.957548595689249,1.00375051325018,0.0224919023595962,0.87564766841778,7.7269853624754,9.50982946838102
2022290,"Veículos automotores e outros equipamentos de transporte",RSUL,1999,2,1.0169920985734,1.00657929535388,0.0180093729140323,0.849255039450098,8.51772809652899,9.49553420883576
2022290,"Veículos automotores e outros equipamentos de transporte",RSUL,1999,3,1.05376319366277,1.00824172202554,0.0153824643775153,0.833640403236206,8.97924477125886,9.48514408393429
2022290,"Veículos automotores e outros equipamentos de transporte",RSUL,1999,4,1.12465260216657,1.0091469105886,0.0138585206281311,0.806163955340647,9.27089409904435,9.50465448524729
2022290,"Veículos automotores e outros equipamentos de transporte",RSUL,2000,1,1.11707284504023,1.00487842616815,0.020581254731063,0.810287751373936,8.09545456690595,9.5372954213597
2022290,"Veículos automotores e outros equipamentos de transporte",RSUL,2000,2,1.10896971726982,1.00746155626525,0.0163288372864266,0.812080536911244,8.88614761474346,9.56703701667945
2022290,"Veículos automotores e outros equipamentos de transporte",RSUL,2000,3,1.09790587635325,1.00899640074966,0.0137750771632765,0.815013981263824,9.36762793093529,9.59198478676187
2022290,"Veículos automotores e outros equipamentos de transporte",RSUL,2000,4,1.06664781687624,1.0100659147381,0.0120558882752027,0.826082320425514,9.67712352480009,9.59314683833879
2022290,"Veículos automotores e outros equipamentos de transporte",RSUL,2001,1,0.923530383311188,1.00545701183493,0.0193959917442873,0.890158730321432,8.37292242214091,9.60655097292971
2022290,"Veículos automotores e outros equipamentos de transporte",RSUL,2001,2,0.939522741671817,1.00804935904921,0.0151659916538721,0.881220521499769,9.15022946869628,9.62629062895297
2022290,"Veículos automotores e outros equipamentos de transporte",RSUL,2001,3,0.953596841058716,1.00935958680049,0.0128837147676978,0.873230918373854,9.60533140463425,9.67508125033488
2022290,"Veículos automotores e outros equipamentos de transporte",RSUL,2001,4,0.965735993002685,1.01010708390174,0.0115237293387334,0.866615509728791,9.88994587144786,9.71849269164681
2022290,"Veículos automotores e outros equipamentos de transporte",RSUL,2002,1,0.913064698393503,1.00544096650181,0.0189164236880539,0.893555022238794,8.58616616494523,9.74242342430164
2022290,"Veículos automotores e outros equipamentos de transporte",RSUL,2002,2,0.923123729861831,1.0081966299344,0.0145214505224715,0.887566137912867,9.36867501338774,9.73610978090108
2022290,"Veículos automotores e outros equipamentos de transporte",RSUL,2002,3,1.0347785705694,1.00964235724171,0.0121771563974742,0.837279379945743,9.79581803930506,9.74315577829311
2022290,"Veículos automotores e outros equipamentos de transporte",RSUL,2002,4,1.03033285525626,1.01093235203032,0.0101524155482676,0.838154756084679,10.148050378178,9.73141917597936
2022290,"Veículos automotores e outros equipamentos de transporte",RSUL,2003,1,1.01917228370291,1.00673395617271,0.0168143598855128,0.845257720703805,8.97052747832015,9.7501874936616
2022290,"Veículos automotores e outros equipamentos de transporte",RSUL,2003,2,1.04459849745431,1.00874279516247,0.0132341614643135,0.83276947896052,9.70321891035084,9.84677798236255
2022290,"Veículos automotores e outros equipamentos de transporte",RSUL,2003,3,1.0212137763067,1.00984518273053,0.0110832892848262,0.840296910903332,10.1855653106141,9.9498449303553
2022290,"Veículos automotores e outros equipamentos de transporte",RSUL,2003,4,1.00645982359341,1.0105693581007,0.00967951355628741,0.845099628213407,10.498474440451,10.0150866648687
2022290,"Veículos automotores e outros equipamentos de transporte",RSUL,2004,1,0.942334625298688,1.00622128600184,0.0166932716359941,0.876218923169028,9.22968692764045,10.0037864606441
2022290,"Veículos automotores e outros equipamentos de transporte",RSUL,2004,2,0.937293744021301,1.00837498466526,0.0126613921868744,0.875726797611438,10.0986452627006,10.1593761701879
2022290,"Veículos automotores e outros equipamentos de transporte",RSUL,2004,3,0.929979338034656,1.00970843588567,0.0102453865802687,0.877369628677403,10.6020298522326,10.234113220161
2022290,"Veículos automotores e outros equipamentos de transporte",RSUL,2004,4,0.93451578819204,1.01000888033238,0.00924551287724172,0.873438719795296,10.9118453794592,10.3734392210569
2022290,"Veículos automotores e outros equipamentos de transporte",RSUL,2005,1,1.01378819983456,1.00533168583509,0.0165961237529365,0.840554397085039,9.63068158478231,10.4134619900459
2022290,"Veículos automotores e outros equipamentos de transporte",RSUL,2005,2,0.971333515065307,1.00734549419386,0.012973810366429,0.856878989708728,10.3795249522348,10.5192345197279
2022290,"Veículos automotores e outros equipamentos de transporte",RSUL,2005,3,0.979241032262449,1.00864436141813,0.0106985101326084,0.852143407259098,10.8362048501991,10.5710472513172
2022290,"Veículos automotores e outros equipamentos de transporte",RSUL,2005,4,0.964826772136052,1.00949828702055,0.00925981410468,0.857695676596525,11.1117930320547,10.5897369039281
2022290,"Veículos automotores e outros equipamentos de transporte",RSUL,2006,1,0.916869052703724,1.00510531575889,0.0162888850075244,0.881941490768682,9.85452802805105,10.5936774817354
2022290,"Veículos automotores e outros equipamentos de transporte",RSUL,2006,2,0.963818638006636,1.00754445324331,0.0123144291377576,0.859147735964818,10.5835036226879,10.6107586845919
2022290,"Veículos automotores e outros equipamentos de transporte",RSUL,2006,3,0.967698228597252,1.00880608808873,0.0101527462055061,0.856299754887609,11.0062269859803,10.6480728576077
2022290,"Veículos automotores e outros equipamentos de transporte",RSUL,2006,4,0.983895054259894,1.00975091570482,0.00871082608866669,0.848751935130293,11.2465103874969,10.6284368887396
2022290,"Veículos automotores e outros equipamentos de transporte",RSUL,2007,1,0.967946794719519,1.00512922298625,0.0160694492624328,0.857842102990121,9.93948740640187,10.6423754801346
2022290,"Veículos automotores e outros equipamentos de transporte",RSUL,2007,2,1.00440188531406,1.00772070067583,0.0118925469278082,0.84113894504092,10.694252263464,10.6482121988906
2022290,"Veículos automotores e outros equipamentos de transporte",RSUL,2007,3,0.990521669172817,1.00923291356315,0.00942323639313029,0.845962856342719,11.14845779028,10.6602093710975
2022290,"Veículos automotores e outros equipamentos de transporte",RSUL,2007,4,0.966354975951816,1.00990742087422,0.00810840414450549,0.855319466857301,11.4430685196004,10.7229489333294
2022290,"Veículos automotores e outros equipamentos de transporte",RSUL,2008,1,0.943777619534307,1.00515327230381,0.0155272151109727,0.867338599918165,10.163564550896,10.7778117829
2022290,"Veículos automotores e outros equipamentos de transporte",RSUL,2008,2,0.891036857188067,1.00683608845426,0.0122367462084361,0.890423066008932,10.9029457745235,10.9370601785162
2022290,"Veículos automotores e outros equipamentos de transporte",RSUL,2008,3,0.918108380434336,1.00769939538641,0.0104680574108476,0.875739709156186,11.3170239372713,11.0404391641242
2022290,"Veículos automotores e outros equipamentos de transporte",RSUL,2008,4,0.880588260868539,1.00812152071106,0.00950206948825288,0.89317225410706,11.5631100441101,11.1181904422415
2022290,"Veículos automotores e outros equipamentos de transporte",RSUL,2009,1,0.622925491146961,1.00256282869314,0.0184255434550577,1.06358381505215,9.95964178101735,11.1153341027082
2022290,"Veículos automotores e outros equipamentos de transporte",RSUL,2009,2,0.648936246239813,1.00503324857891,0.014506870977641,1.04206064557895,10.6519383467182,11.1039278464876
2022290,"Veículos automotores e outros equipamentos de transporte",RSUL,2009,3,0.734298621501895,1.0065495452059,0.0121548344439837,0.979357219403174,11.0539324703163,11.0826296639103
2022290,"Veículos automotores e outros equipamentos de transporte",RSUL,2009,4,0.800553200453031,1.007564521376,0.0105773331710341,0.937605124374191,11.3243547322067,11.0692064019474
2022290,"Veículos automotores e outros equipamentos de transporte",RSUL,2010,1,0.914973038465574,0.998988852379746,0.0215063509930105,0.8697646663649,10.0740701393611,11.8278402169191
2022290,"Veículos automotores e outros equipamentos de transporte",RSUL,2010,2,0.897822106287774,1.00172198965146,0.0171337529150105,0.879133193182701,10.856025171276,11.8252221720941
2022290,"Veículos automotores e outros equipamentos de transporte",RSUL,2010,3,0.93154470371669,1.00317905453882,0.0147999638505506,0.863263669238461,11.2740622257372,11.8245551703888
2022290,"Veículos automotores e outros equipamentos de transporte",RSUL,2010,4,0.844548999935918,1.00487720277444,0.012435273528965,0.907387387223873,11.6081031414509,11.7282539008675
2022290,"Veículos automotores e outros equipamentos de transporte",RSUL,2011,1,0.846913391862861,1.00044356913789,0.0195491791970468,0.905666036781351,10.3306758490177,11.7269143107495
2022290,"Veículos automotores e outros equipamentos de transporte",RSUL,2011,2,0.848484480016385,1.00299821726087,0.015448655235032,0.905398228892444,11.06737719871,11.7280922390206
2022290,"Veículos automotores e outros equipamentos de transporte",RSUL,2011,3,0.880649993733402,1.00451835168434,0.0130269586817721,0.888690460200879,11.4978561456705,11.7238707631862
2022290,"Veículos automotores e outros equipamentos de transporte",RSUL,2011,4,0.882640619415547,1.00553705502285,0.0114481243988506,0.887615960082324,11.7673485732944,11.7091989683013
2022290,"Veículos automotores e outros equipamentos de transporte",RSUL,2012,1,0.761295475027319,1.00026543146358,0.0199247638285685,0.955394837150569,10.2406515369875,11.70272506388
2022290,"Veículos automotores e outros equipamentos de transporte",RSUL,2012,2,0.732842636242542,1.00260252146552,0.0161624035904859,0.974392011685792,10.9193757084716,11.7067723179787
2022290,"Veículos automotores e outros equipamentos de transporte",RSUL,2012,3,0.749001926342017,1.00397552728835,0.0139572269923136,0.963847536076215,11.3158937884951,11.7077640121974
2022290,"Veículos automotores e outros equipamentos de transporte",RSUL,2012,4,0.693166078635938,1.00506978990961,0.0122319992029826,1.00182860474305,11.6180026662983,11.6998794886351
2022290,"Veículos automotores e outros equipamentos de transporte",RSUL,2013,1,0.729101754943146,1.00046904002711,0.0196060784860759,0.976369531061594,10.2958616601875,11.7006324343628
2022290,"Veículos automotores e outros equipamentos de transporte",RSUL,2013,2,0.775926253969065,1.00312976023918,0.0153240696182053,0.947015305337668,11.0679919302303,11.7048779583821
2022290,"Veículos automotores e outros equipamentos de transporte",RSUL,2013,3,0.821752893932105,1.00463424351133,0.0129756689829325,0.920308134348525,11.4731871832294,11.6876954427291
2022290,"Veículos automotores e outros equipamentos de transporte",RSUL,2013,4,0.814408674541173,1.00559795035469,0.0114309558632726,0.924237389043808,11.7501689079675,11.6875604044354
2022290,"Veículos automotores e outros equipamentos de transporte",RSUL,2014,1,0.873977162840762,1.00092723364494,0.0189247074642867,0.892074522143958,10.4046748076997,11.6863001324451
2022290,"Veículos automotores e outros equipamentos de transporte",RSUL,2014,2,0.866639511005823,1.00312423706819,0.0154045779931515,0.896258155021459,11.0355101618012,11.6856108122697
2022290,"Veículos automotores e outros equipamentos de transporte",RSUL,2014,3,0.834608290435676,1.00472876695709,0.0128229739296391,0.913174914077607,11.5008652021824,11.6880007483252
2022290,"Veículos automotores e outros equipamentos de transporte",RSUL,2014,4,0.767487291414723,1.00571748282828,0.0112410007867235,0.952038985918011,11.7838161399143,11.6871021353815
2022290,"Veículos automotores e outros equipamentos de transporte",RSUL,2015,1,0.702531342216546,1.0010692341248,0.0187116689484475,0.99507940726562,10.4392047388567,11.6823618120225
2022290,"Veículos automotores e outros equipamentos de transporte",RSUL,2015,2,0.642574795412074,1.00344947682918,0.014946050074762,1.04104453903427,11.1019142185304,11.6686799371775
2022290,"Veículos automotores e outros equipamentos de transporte",RSUL,2015,3,0.596992601772256,1.00494523667393,0.012599954036131,1.08004163697456,11.5096372682721,11.6546388437933
2022290,"Veículos automotores e outros equipamentos de transporte",RSUL,2015,4,0.587068778484082,1.00583588932094,0.0112282236424375,1.08903191927075,11.741527311849,11.6394866966132
2022290,"Veículos automotores e outros equipamentos de transporte",RSUL,2016,1,0.657400426504865,1.00058231461735,0.0197021436666281,1.02907377624503,10.2087168840138,11.6259622353528
2022290,"Veículos automotores e outros equipamentos de transporte",RSUL,2016,2,0.744223023164285,1.00306512849345,0.0157662619720748,0.967875889819905,10.9034300936499,11.6138397966851
2022290,"Veículos automotores e outros equipamentos de transporte",RSUL,2016,3,0.819640215097403,1.0044568071876,0.0135771413409657,0.922326919053594,11.2854878464567,11.6024632446653
2022290,"Veículos automotores e outros equipamentos de transporte",RSUL,2016,4,0.837693750412447,1.00533384013172,0.0122189080197537,0.912290999910479,11.5170565333452,11.5895539332175
2022290,"Veículos automotores e outros equipamentos de transporte",RSUL,2017,1,0.882746736316274,1.00071358115245,0.0196562169271,0.888516860715241,10.1755292896138,11.5817159969213
2022290,"Veículos automotores e outros equipamentos de transporte",RSUL,2017,4,0.988936099100327,1.00569730157892,0.0117994166178538,0.839931771479128,11.5512007929262,11.5456469006162
2022290,"Veículos automotores e outros equipamentos de transporte",RSUL,2018,1,0.938771276236525,1.00139196792285,0.0187061896360003,0.862132831788335,10.311287653093,11.5446879150653
2022290,"Veículos automotores e outros equipamentos de transporte",RSUL,2018,2,0.973657981690588,1.0038707078989,0.0147636102024325,0.846874955941307,11.0105331359662,11.536122948705
2022290,"Veículos automotores e outros equipamentos de transporte",RSUL,2018,3,1.0048716516849,1.00541233908209,0.0123118384858331,0.833447221794585,11.4453013445303,11.5307202308022
2022290,"Veículos automotores e outros equipamentos de transporte",RSUL,2018,4,0.964267293108368,1.00640481717909,0.0107170073668979,0.850507972606232,11.7322773064296,11.5316570002246
2022290,"Veículos automotores e outros equipamentos de transporte",RSUL,2019,1,0.941276284455699,1.00187659642147,0.0179205418438347,0.861074278775178,10.4543888260084,11.5469978907128
2022290,"Veículos automotores e outros equipamentos de transporte",RSUL,2019,2,0.952172857888463,1.00428910003479,0.0140289034530819,0.856190499650194,11.1584089354069,11.5532929530181
2022290,"Veículos automotores e outros equipamentos de transporte",RSUL,2019,3,0.986181130407303,1.0058012174784,0.0116059019514851,0.841011715515077,11.5926867659757,11.5528789096102
2022290,"Veículos automotores e outros equipamentos de transporte",RSUL,2019,4,0.970361340447802,1.00671348940008,0.0100964320922441,0.84741664081231,11.8752362761319,11.5654433202769
2022290,"Veículos automotores e outros equipamentos de transporte",RSUL,2020,1,0.947625453637885,1.00186588766203,0.0179226595935417,0.858146346214948,10.4577986106673,11.5510455351382
2022290,"Veículos automotores e outros equipamentos de transporte",RSUL,2020,2,0.938837845147439,1.00391827170537,0.0145553046525742,0.862114125398884,11.0811441454081,11.5716284920585
2022290,"Veículos automotores e outros equipamentos de transporte",RSUL,2020,3,1.09027259220567,1.00542705807274,0.0119562896241038,0.799393157034038,11.5926552021351,11.619980181459
2022290,"Veículos automotores e outros equipamentos de transporte",RSUL,2020,4,1.01316634193449,1.00665833457663,0.00986911386957315,0.828614996184887,11.9955095566792,11.6503486423916
2022290,"Veículos automotores e outros equipamentos de transporte",RSUL,2021,1,1.0881355052511,1.00316642440431,0.0155657287980301,0.800361082132373,10.9489997325279,11.6240886751847
2022290,"Veículos automotores e outros equipamentos de transporte",RSUL,2021,2,1.06963940251976,1.00550524022619,0.0116705348927784,0.806690133241215,11.6842987129883,11.663110431455
2022290,"Veículos automotores e outros equipamentos de transporte",RSUL,2021,3,1.14489014143505,1.00685244856786,0.00940173806961886,0.779084622218888,12.1186605626323,11.6923320532018
2022290,"Veículos automotores e outros equipamentos de transporte",RSUL,2021,4,1.19822713625243,1.00942701628181,0.00630206232172852,0.762426185734812,12.4158033340282,11.4157963954785
2022290,"Veículos automotores e outros equipamentos de transporte",RSUL,2022,1,1.18272439879327,1.00489117871077,0.0134967868437221,0.769092223065342,11.1447879974567,11.436790260677
2022290,"Veículos automotores e outros equipamentos de transporte",RSUL,2022,2,1.19373917990723,1.00757338386477,0.00935149232727939,0.765058265147491,11.8493006947436,11.3950104151379
2022290,"Veículos automotores e outros equipamentos de transporte",RSUL,2022,3,1.25523976938878,1.00909629324369,0.00686944193921128,0.745196188652584,12.3046811285835,11.4058214854733
2022290,"Veículos automotores e outros equipamentos de transporte",RSUL,2022,4,1.26941587485847,1.00999227651612,0.00538495893713946,0.740339155135407,12.5830328267117,11.418689882789
2022290,"Veículos automotores e outros equipamentos de transporte",RSUL,2023,1,1.34851908089991,1.00452992075823,0.0141111966785665,0.720383428577369,11.0257148030937,11.4273342442448
2022290,"Veículos automotores e outros equipamentos de transporte",RSUL,2023,2,1.27734986676541,1.00689436419976,0.0102317553882272,0.739425320473277,11.7438767905313,11.4510707723143
2022290,"Veículos automotores e outros equipamentos de transporte",RSUL,2023,3,1.29274655918004,1.00835188750972,0.00789187244297633,0.734360146178373,12.1643561792143,11.4518447479582
2022290,"Veículos automotores e outros equipamentos de transporte",RSUL,2023,4,1.26719366417734,1.00908351799713,0.00656245728189758,0.740985786265926,12.4421951711787,11.4938768514302
2022290,"Veículos automotores e outros equipamentos de transporte",RSUL,2024,1,1.243131347324,1.00438544223546,0.0139289491638983,0.749430160013904,11.1626134917568,11.5386322587147
2022290,"Veículos automotores e outros equipamentos de transporte",RSUL,2024,2,1.20638401992381,1.00676728171968,0.010059020000278,0.760097769366678,11.86965196428,11.552310667479
2022290,"Veículos automotores e outros equipamentos de transporte",RSUL,2024,3,1.18445350577212,1.00814500125169,0.00777372999100888,0.76632970048908,12.2988082826782,11.5728123041037
2022290,"Veículos automotores e outros equipamentos de transporte",TUPY,1989,4,0.507373554993179,1.02029989062674,0.0326357872986191,1.48489499748593,-3.32713581772814,-0.353126514211553
2022290,"Veículos automotores e outros equipamentos de transporte",TUPY,2007,4,0.612377032772989,0.993921804447345,0.0227559756918202,1.04176046493227,11.5807317212411,13.6764867154714
2022290,"Veículos automotores e outros equipamentos de transporte",TUPY,2008,1,0.819691945459605,0.998037543386345,0.0161065761974981,0.904367104932655,12.7862124041725,13.6899828073756
2022290,"Veículos automotores e outros equipamentos de transporte",TUPY,2008,2,0.836646965282874,1.00054197721175,0.012015169675427,0.896390227175265,13.5392529994546,13.71035906857
2022290,"Veículos automotores e outros equipamentos de transporte",TUPY,2008,3,0.887714923524834,1.00191925878809,0.00967939353963711,0.870420118103066,13.9903532954776,13.7446251053893
2022290,"Veículos automotores e outros equipamentos de transporte",TUPY,2008,4,0.944814870387081,1.00293490216032,0.00816618156112778,0.84400422478762,14.2327877775874,13.7136269708898
2022290,"Veículos automotores e outros equipamentos de transporte",TUPY,2009,1,0.862951559764503,0.996541936086325,0.018234487787951,0.879823881511173,12.4724984005826,13.7626273039447
2022290,"Veículos automotores e outros equipamentos de transporte",TUPY,2009,2,0.778622030657283,0.999008440173466,0.0143456619123057,0.928226940461904,13.1535072584726,13.7448836857607
2022290,"Veículos automotores e outros equipamentos de transporte",TUPY,2009,3,0.78280570084863,1.00066813909453,0.0117291862874492,0.926618773262604,13.6116268884022,13.732864255469
2022290,"Veículos automotores e outros equipamentos de transporte",TUPY,2009,4,0.756813672987914,1.00145317955034,0.0102436200315712,0.942288406390987,13.9352304526975,13.7938571352965
2022290,"Veículos automotores e outros equipamentos de transporte",TUPY,2010,1,0.867926681244784,0.997310359247329,0.0168126622224319,0.877652937127642,12.7753280325955,13.8136450718265
2022290,"Veículos automotores e outros equipamentos de transporte",TUPY,2010,2,0.865175133074686,0.999924554680848,0.0125708434901615,0.880582291659093,13.5489111327107,13.8271428270314
2022290,"Veículos automotores e outros equipamentos de transporte",TUPY,2010,3,0.91572622732963,1.00140393333911,0.0101402359241649,0.856359890354718,13.9996841545067,13.842889419842
2022290,"Veículos automotores e outros equipamentos de transporte",TUPY,2010,4,0.881976220761673,1.00234745401143,0.00855324618440054,0.872672286507295,14.3030421700266,13.8628257482276
2022290,"Veículos automotores e outros equipamentos de transporte",TUPY,2011,1,0.843687703833727,0.997722338335156,0.0158722398450414,0.890071900053108,13.0144872878976,13.8888964166711
2022290,"Veículos automotores e outros equipamentos de transporte",TUPY,2011,2,0.850783330767208,1.000037296904,0.0120246177966327,0.887514228015481,13.7389061469601,13.9254123352666
2022290,"Veículos automotores e outros equipamentos de transporte",TUPY,2011,3,0.867832196820271,1.00122691434416,0.00991027542964219,0.878887688549582,14.1702901504587,13.9810472021275
2022290,"Veículos automotores e outros equipamentos de transporte",TUPY,2011,4,0.857906892603345,1.00199154522621,0.00850654832130125,0.883889085400244,14.4668474469451,14.0288333947368
2022290,"Veículos automotores e outros equipamentos de transporte",TUPY,2012,1,0.798403915795438,0.997049886068846,0.0163211756122216,0.913505096358444,13.092379843367,14.0581079016212
2022290,"Veículos automotores e outros equipamentos de transporte",TUPY,2012,2,0.793979417573607,0.996811398832436,0.0149264630259683,0.913501941337274,13.7899840179406,14.5359663298712
2022290,"Veículos automotores e outros equipamentos de transporte",TUPY,2012,3,0.801134383583354,0.997440476218682,0.0134219909562948,0.909356969494113,14.1846972194048,14.6692866920921
2022290,"Veículos automotores e outros equipamentos de transporte",TUPY,2012,4,0.799671788057255,0.998258513417622,0.0120825896523035,0.910760142140175,14.4319615431933,14.6767496287885
2022290,"Veículos automotores e outros equipamentos de transporte",TUPY,2013,1,0.775323449818204,0.993251366730096,0.0201297428845116,0.919833085512172,12.9836756196063,14.6717336447567
2022290,"Veículos automotores e outros equipamentos de transporte",TUPY,2013,2,0.799757627391594,0.995616945310966,0.0161626670794587,0.908273150553083,13.7391631614937,14.7185454253998
2022290,"Veículos automotores e outros equipamentos de transporte",TUPY,2013,3,0.839779877475596,0.997119631412527,0.0137333540283117,0.887709149587792,14.1799694233295,14.7238948799909
2022290,"Veículos automotores e outros equipamentos de transporte",TUPY,2013,4,0.838323858877967,0.997867800126307,0.0123725392587695,0.88887864438716,14.4646703487974,14.7672397616338
2022290,"Veículos automotores e outros equipamentos de transporte",TUPY,2014,1,0.824721710115006,0.993039278415048,0.0201542527181352,0.891232436137369,13.0587228680801,14.7565852863507
2022290,"Veículos automotores e outros equipamentos de transporte",TUPY,2014,2,0.802619440970608,0.995471691015684,0.0162908366069051,0.906385990901476,13.7425381334783,14.7467076621745
2022290,"Veículos automotores e outros equipamentos de transporte",TUPY,2014,3,0.810740140731391,0.996690164924154,0.0141396215761053,0.902792779437554,14.1781712244685,14.7998159635259
2022290,"Veículos automotores e outros equipamentos de transporte",TUPY,2014,4,0.835441290427545,0.99755038189565,0.0127109152019849,0.88999503608907,14.4469126816298,14.8131068915409
2022290,"Veículos automotores e outros equipamentos de transporte",TUPY,2015,1,0.838903926833578,0.992263184831783,0.0208260509666625,0.882005855810016,13.0823652442504,14.9105548321659
2022290,"Veículos automotores e outros equipamentos de transporte",TUPY,2015,2,0.837004297482112,0.994875622819677,0.0167128743740046,0.886382840564288,13.8011934866687,14.8902188104256
2022290,"Veículos automotores e outros equipamentos de transporte",TUPY,2015,3,0.820744236125936,0.995451404893127,0.0152770917679455,0.895229153459912,14.1878050747663,15.028047144408
2022290,"Veículos automotores e outros equipamentos de transporte",TUPY,2015,4,0.793612795527689,0.997117095750403,0.0130315961048491,0.912403572440292,14.4835572207769,14.9136888307945
2022290,"Veículos automotores e outros equipamentos de transporte",TUPY,2016,1,0.742336482330092,0.992771147495298,0.0202163687945836,0.938593713367653,13.140179103295,14.8554875886772
2022290,"Veículos automotores e outros equipamentos de transporte",TUPY,2016,2,0.724096665106709,0.995604704434892,0.0159557304457662,0.95427165715836,13.8333256034847,14.7794677695776
2022290,"Veículos automotores e outros equipamentos de transporte",TUPY,2016,3,0.716983200387532,0.996915473193024,0.0138485105685216,0.960295342834792,14.2127329984321,14.7809528066169
2022290,"Veículos automotores e outros equipamentos de transporte",TUPY,2016,4,0.692779093417789,0.998373463505596,0.0118101014616223,0.978480118278936,14.5030428721236,14.7004599816647
2022290,"Veículos automotores e outros equipamentos de transporte",TUPY,2017,1,0.692562071418623,0.993646437984304,0.0194195852234508,0.973705508674178,13.1303810868978,14.6923573104191
2022290,"Veículos automotores e outros equipamentos de transporte",TUPY,2017,2,0.690483869911875,0.99640592831325,0.015167641051014,0.978664040970676,13.8496779012476,14.6459336070902
2022290,"Veículos automotores e outros equipamentos de transporte",TUPY,2017,3,0.727991694630234,0.997924780644765,0.0128037780560233,0.954522687975233,14.2557393518037,14.6267136293967
2022290,"Veículos automotores e outros equipamentos de transporte",TUPY,2017,4,0.735556964759486,0.99883046516638,0.0112829070334725,0.950150069458733,14.5458636618124,14.6451839498242
2022290,"Veículos automotores e outros equipamentos de transporte",TUPY,2018,1,0.741255626315736,0.994103046117371,0.0187996782489783,0.941907582659694,13.2133339180354,14.662181086906
2022290,"Veículos automotores e outros equipamentos de transporte",TUPY,2018,2,0.765552774288771,0.996136469078738,0.0152027598884017,0.928726775588795,13.9433102527471,14.7526680950101
2022290,"Veículos automotores e outros equipamentos de transporte",TUPY,2018,3,0.799780211613119,0.997577881098292,0.0128438362251422,0.909833851711656,14.3785028038161,14.76550847756
2022290,"Veículos automotores e outros equipamentos de transporte",TUPY,2018,4,0.799637815092067,0.998677670328348,0.0111295500845998,0.910739977402498,14.6736632169951,14.7522989684716
2022290,"Veículos automotores e outros equipamentos de transporte",TUPY,2019,1,0.749720644245139,0.994012414107918,0.018588089965489,0.936047966204061,13.341146452445,14.7581527271838
2022290,"Veículos automotores e outros equipamentos de transporte",TUPY,2019,2,0.80008616626142,0.996577277309221,0.0145001387319569,0.908878279966682,14.0683034775159,14.7515456350441
2022290,"Veículos automotores e outros equipamentos de transporte",TUPY,2019,3,0.847637857948811,0.997760494659836,0.0124372101138611,0.883790656262828,14.4801039038386,14.796114902436
2022290,"Veículos automotores e outros equipamentos de transporte",TUPY,2019,4,0.851572715821276,0.998797028619914,0.0108731512814817,0.882534064461494,14.7360280962928,14.7697823260635
2022290,"Veículos automotores e outros equipamentos de transporte",TUPY,2020,1,0.78459182232694,0.992847372322857,0.0199699082073581,0.912945680764905,13.2156709950552,14.8888956605247
2022290,"Veículos automotores e outros equipamentos de transporte",TUPY,2020,2,0.788923316209605,0.994715067726167,0.0169661447688183,0.912805992262958,13.756807537127,14.8913387495089
2022290,"Veículos automotores e outros equipamentos de transporte",TUPY,2020,3,0.868493585593836,0.996068012796156,0.0146635550024465,0.871227531727716,14.2034235034998,14.9271737959591
2022290,"Veículos automotores e outros equipamentos de transporte",TUPY,2020,4,0.853454931971343,0.997470133530993,0.0125355395263211,0.880181174534658,14.5549204680866,14.8948641378257
2022290,"Veículos automotores e outros equipamentos de transporte",TUPY,2021,1,0.802542652861601,0.993587071437434,0.0185993738076898,0.903477353406727,13.5079815206254,14.9385058060819
2022290,"Veículos automotores e outros equipamentos de transporte",TUPY,2021,2,0.819030811972251,0.996808083327494,0.0137687095555634,0.898122569748637,14.2904899338754,14.8487124077072
2022290,"Veículos automotores e outros equipamentos de transporte",TUPY,2021,3,0.874114467648554,0.998010813239094,0.0115959125681647,0.870034268159125,14.7417835797849,14.9144120884646
2022290,"Veículos automotores e outros equipamentos de transporte",TUPY,2021,4,0.880701605989751,0.999017870479591,0.00992949938348471,0.867347794179661,15.0537370476595,14.9283112458896
2022290,"Veículos automotores e outros equipamentos de transporte",TUPY,2022,1,0.794159919718008,0.994966878071384,0.0166046120872666,0.910120692981395,13.8110335244893,14.8799853602297
2022290,"Veículos automotores e outros equipamentos de transporte",TUPY,2022,2,0.81090679661221,0.996799056664532,0.0132052548797605,0.902016162774936,14.5370682861426,15.0041156182893
2022290,"Veículos automotores e outros equipamentos de transporte",TUPY,2022,3,0.838090870797011,0.99805027707481,0.0109577105384646,0.888005885871714,15.0010149982927,15.069007881041
2022290,"Veículos automotores e outros equipamentos de transporte",TUPY,2022,4,0.837988259725419,0.997230146776461,0.0110621534242357,0.886405119954488,15.2870501908443,15.3945241691086
2022290,"Veículos automotores e outros equipamentos de transporte",TUPY,2023,1,0.857856607417063,0.992051862826782,0.019331298727562,0.870296151678417,13.8121357790986,15.4036012972051
2022290,"Veículos automotores e outros equipamentos de transporte",TUPY,2023,2,0.819281983095382,0.994403325494286,0.0155291516525615,0.8936228850767,14.5022122353259,15.4121503166883
2022290,"Veículos automotores e outros equipamentos de transporte",TUPY,2023,3,0.903321963477959,0.995900709994121,0.0131643792126755,0.852596849471233,14.917331817374,15.4024307810868
2022290,"Veículos automotores e outros equipamentos de transporte",TUPY,2023,4,0.883403417347581,0.996776254929276,0.0116828419186404,0.862872850482868,15.202663909796,15.4233191125155
2022290,"Veículos automotores e outros equipamentos de transporte",TUPY,2024,1,0.83252067127805,0.991031569875056,0.0206242587052674,0.881629161333581,13.6665402687795,15.4958292385265
2022290,"Veículos automotores e outros equipamentos de transporte",TUPY,2024,2,0.857453249083872,0.993383784507089,0.016740335391689,0.871961402023831,14.391571150979,15.5260434434306
2022290,"Veículos automotores e outros equipamentos de transporte",TUPY,2024,3,0.872672709514522,0.994844174766302,0.0143793791858731,0.866015696810519,14.8199789993977,15.5312478680485
